filename,fate,head,heart,life,palm_width,line_density
Hand_0004652_jpg.rf.36adb96cf4b8bced3011c280a303e714.jpg,0,1,0,1,0,0
Hand_0004652_jpg.rf.d3c93d18e5ef0d697914af3df0196a64.jpg,1,0,0,1,1,0
Hand_0004654_jpg.rf.6593d8ed2da4a7ac9675bbe582a77a9a.jpg,0,1,0,0,1,1
Hand_0004647_jpg.rf.32264e003724e5d97fa8fd41f136fdbe.jpg,1,0,1,1,0,0
Hand_0004660_jpg.rf.6bf297b8e2354d1d0745c6e6f446158e.jpg,1,1,1,0,1,1
Hand_0004645_jpg.rf.39187ac5badfc625d90886bf87692489.jpg,0,1,1,1,0,1
Hand_0004654_jpg.rf.7136b2a3d83855b8a14b28908aeb646e.jpg,1,1,0,1,1,0
FIMG_0352_JPG_jpg.rf.cee88ffe989b11d67c79133a94af7511.jpg,0,1,0,1,1,0
FIMG_0352_JPG_jpg.rf.4cc465e937d521a9e512fab17b2785a7.jpg,1,1,1,1,0,1
Hand_0004647_jpg.rf.3d23cced1240dcd0a3fc4049ab0f99f2.jpg,1,1,0,0,0,0
Hand_0004593_jpg.rf.2346930678bdda6f797bb63389b7527e.jpg,1,0,1,1,0,1
Hand_0004512_jpg.rf.7a11ec92c4cce76e830a929e2774fa77.jpg,1,0,0,1,1,1
Hand_0004660_jpg.rf.d6267a653ab7f1bbc4f92f7d75fd5eab.jpg,1,1,0,1,1,0
Hand_0004515_jpg.rf.407bd1ff7b6b2df666fa8967f86d66ff.jpg,1,1,1,1,0,1
Hand_0004647_jpg.rf.0bc4b5ab4834813d72beca80b65eb800.jpg,1,1,1,1,0,1
Hand_0004511_jpg.rf.03d66e68625a65ee2570d73e540a1e43.jpg,1,1,1,1,0,0
Hand_0004516_jpg.rf.6f7335e87fd0e7e3139f8a4258ab2cd3.jpg,0,1,1,1,1,1
Hand_0004513_jpg.rf.3024ca109996a96154d17b15642ecc2c.jpg,1,1,1,1,0,0
Hand_0004514_jpg.rf.7897b76131e11b6ed5acf39aa40df301.jpg,0,1,1,1,1,1
Hand_0004654_jpg.rf.88566b84f3fe128a1b2993e185516d3f.jpg,1,0,0,1,1,1
Hand_0004591_jpg.rf.79d5d04946d997e997c14c341afae757.jpg,1,1,1,1,1,1
Hand_0004644_jpg.rf.971c167ae04b62cc603a40e05feb8f2c.jpg,0,1,1,1,1,1
Hand_0004515_jpg.rf.6f0156b0c5bbeafcb5a2da74d269c214.jpg,0,1,1,1,0,0
Hand_0004516_jpg.rf.8f3f6cadf4ae116d8aa7614843c9c7b9.jpg,1,0,1,0,0,0
Hand_0004645_jpg.rf.1f193dbf247c6ed3eb69a9ec0233b4ad.jpg,1,1,1,1,1,0
Hand_0004659_jpg.rf.00909bad700ac36b1883a9352b0143c2.jpg,0,0,1,1,0,0
Hand_0004659_jpg.rf.820e9fcb8fdf5ac31f8ba1afd1b2dc8c.jpg,1,0,0,0,0,0
Hand_0004595_jpg.rf.7bcfab0fa4fe69f33bcf80f5094fd174.jpg,1,1,0,0,1,1
Hand_0004512_jpg.rf.9679de36d4b6ae00fbae25081944d5ed.jpg,1,1,1,1,0,1
Hand_0004591_jpg.rf.dd39ef4292121d7ed74f53013c71366a.jpg,1,1,0,1,0,1
Hand_0004645_jpg.rf.fe1adfdbeaf3a38328650de9ea566908.jpg,0,0,1,1,0,0
Hand_0004516_jpg.rf.1c7b2d2be9b298c9775ba94ffee36c76.jpg,1,1,1,1,1,1
Hand_0004513_jpg.rf.25b84ab32ec98f8dcf291d426a9d7824.jpg,0,1,1,0,0,0
FIMG_0359_JPG_jpg.rf.01183f23d5a08d5f05c6f321f47c6cbe.jpg,1,1,1,0,0,0
Hand_0004652_jpg.rf.fa19a57ac25c2e213e8fcbff07a776da.jpg,1,1,1,1,1,1
FIMG_0368_JPG_jpg.rf.37b1fe686f7083660eadac7d3f82733d.jpg,0,1,1,1,0,1
Hand_0004513_jpg.rf.de5b903a0d1badc0d1c2d90a103a1eb8.jpg,1,1,0,1,1,1
Hand_0004514_jpg.rf.8bfed02af8b9e32a77145c3c5a279677.jpg,1,1,1,0,1,0
FIMG_0361_JPG_jpg.rf.5790ba72fbbb449b3aba7c3787c29c68.jpg,1,0,1,0,1,0
FIMG_0360_JPG_jpg.rf.4dc3db166fc52aaa246ddf835a2d7943.jpg,1,0,1,1,1,1
Hand_0004660_jpg.rf.fcf8311f9c3715281b17b212cc662c67.jpg,0,1,0,1,1,0
FIMG_0370_JPG_jpg.rf.19ce553e2232030bd7ce15c85cc21429.jpg,0,1,0,0,1,1
FIMG_0367_JPG_jpg.rf.787bea0d660b6b25c70d6ef966548ad5.jpg,1,1,1,1,1,1
Hand_0004512_jpg.rf.eb2d279b39964a4f533bc9a6892f7a1a.jpg,0,0,1,1,1,1
FIMG_0366_JPG_jpg.rf.81efa27e30845addd5d455cd3c17694d.jpg,0,1,1,1,1,1
FIMG_0370_JPG_jpg.rf.3a0a3aea41576c5f2b583371da4f687c.jpg,1,0,1,0,1,1
FIMG_0369_JPG_jpg.rf.757247712b780e542344830397e86958.jpg,0,1,1,1,0,1
FIMG_0367_JPG_jpg.rf.3ed6a6bd8fd68c7aeaeac132477d2403.jpg,0,1,1,1,0,0
Hand_0004514_jpg.rf.c9d0abef5cda979cd3d32d1ad2178d67.jpg,1,1,0,0,1,0
FIMG_0365_JPG_jpg.rf.043dcd054a6f71db248afdf5ad766c73.jpg,1,0,1,0,0,1
FIMG_0367_JPG_jpg.rf.2eb5702bcba709d7a53767dfbeae8bab.jpg,0,1,1,1,1,1
FIMG_0360_JPG_jpg.rf.ffe5d832f1ee483da56aeecadb74e62c.jpg,1,1,0,1,0,1
Hand_0004595_jpg.rf.e9bceb52c4bae9ffc4c5f6c38ae406f2.jpg,1,0,0,0,0,1
Hand_0001257_jpg.rf.2114a978593c16a43140cc9573843aac.jpg,1,1,0,1,1,1
Hand_0001305_jpg.rf.03a49d32b98c16f6ebbce35de5f1e43b.jpg,1,1,1,1,0,1
FIMG_0369_JPG_jpg.rf.47fd1592efd84cbf805be008e6c60a68.jpg,0,1,1,1,1,1
FIMG_0368_JPG_jpg.rf.75ffb556fc8e9782880de34cc86f78b0.jpg,1,1,1,1,1,1
Hand_0001258_jpg.rf.3b62862fa5e2a8c700b95a77fd6c887a.jpg,1,1,0,1,1,1
FIMG_0366_JPG_jpg.rf.93b6960aac4b6e46dc00871e7322cfef.jpg,1,1,0,1,1,1
FIMG_0366_JPG_jpg.rf.841dfc06fa2024af0a554c8e75377d6c.jpg,1,0,0,0,1,1
Hand_0001306_jpg.rf.4e80c3d8919b0b8ba26141e46bd4cfef.jpg,0,1,1,1,0,0
Hand_0001255_jpg.rf.179847ec89c8eec23579fc0c3d476fcf.jpg,1,0,1,1,0,0
Hand_0001258_jpg.rf.29f99b0d73edf5c0fb41372182f9c7e8.jpg,1,1,1,1,1,0
Hand_0001255_jpg.rf.81ebd4f78c604072942bc940552c5fdc.jpg,1,0,1,1,0,1
Hand_0001258_jpg.rf.aec9f785e90d870bf8ce2b66c5900e4d.jpg,1,0,1,1,1,1
Hand_0001257_jpg.rf.1b78aeca37095c47a913c4919aee7db9.jpg,0,1,0,1,1,1
Hand_0001256_jpg.rf.4e73f23108c40feaeed45eeda45bb816.jpg,1,1,1,1,1,0
FIMG_0370_JPG_jpg.rf.bfd23f6976d04b3275cc886af6860755.jpg,0,1,1,0,1,1
Hand_0001257_jpg.rf.f2b6edcb38a4607d0b0e3f9265205925.jpg,1,1,0,1,0,0
Hand_0001254_jpg.rf.3f886962e3d97d25a2d503d81fa323af.jpg,1,0,0,0,1,1
Hand_0001269_jpg.rf.72394a3d54a440d819dc30d200715f71.jpg,1,1,0,1,1,0
Hand_0001306_jpg.rf.47c43aabc730d4d12a2dd4aeea55f897.jpg,0,0,0,1,0,0
FIMG_0374_JPG_jpg.rf.28ddfb537866fc61c3802f0563936ba1.jpg,1,1,0,1,0,1
Hand_0001306_jpg.rf.a1de86072bf4263afeeb2f7b647e5e4b.jpg,1,1,1,1,1,0
FIMG_0368_JPG_jpg.rf.3911001b6d1181f16edcaaf87a3d9ef8.jpg,1,0,1,1,0,1
Hand_0001259_jpg.rf.afb152f906d062e34607c374df0d4af9.jpg,0,0,1,0,1,1
Hand_0001256_jpg.rf.bbaf05f9e67a1b860fe3863b7aacf16c.jpg,1,0,1,1,1,1
FIMG_0369_JPG_jpg.rf.ce88a8a0bd5e624acc88086def49e2ef.jpg,0,1,0,1,1,0
Hand_0001256_jpg.rf.dbdc05318bfd13406380153882630048.jpg,1,0,1,1,0,0
FIMG_0372_JPG_jpg.rf.2b8333b578d7a823360c2e5e02114217.jpg,1,1,0,1,1,1
FIMG_0372_JPG_jpg.rf.43ddcf24f0eb4b1d43b3f57df714a7b4.jpg,1,0,1,0,0,1
FIMG_0375_JPG_jpg.rf.7b21f03be1bdb8eb72e4a6fa3f93bd38.jpg,0,0,1,0,1,1
FIMG_0378_JPG_jpg.rf.44dc1c2b48f6dfcdff3cc4775c086946.jpg,1,0,1,1,1,1
Hand_0001259_jpg.rf.bc0ffb497dbb485db297bbbf649969d5.jpg,1,0,0,1,1,1
FIMG_0376_JPG_jpg.rf.348da8514f573a21f90f50cc0dd8a1ef.jpg,1,1,0,0,0,0
Hand_0001198_jpg.rf.9c52eaac526b62742b502333943ab972.jpg,0,1,0,0,0,0
Hand_0001216_jpg.rf.b5bde10096d8af1ccdb872c0eeb2f42e.jpg,1,1,1,1,0,0
Hand_0001255_jpg.rf.f0b1ea0b894feabf942e522885e3f089.jpg,1,0,1,1,1,1
FIMG_0371_JPG_jpg.rf.a47a3b1d0ee0b5abe763cd905e90f377.jpg,1,1,0,1,1,1
FIMG_0372_JPG_jpg.rf.aafbeb87fd9bba98091949e7d7ca947f.jpg,1,1,0,1,1,0
FIMG_0374_JPG_jpg.rf.6ca886094c65f0479ebf89966c595b9f.jpg,1,1,1,1,0,1
FIMG_0378_JPG_jpg.rf.e0a7efa94e118b1bcf6fef892a004511.jpg,1,1,1,1,0,0
FIMG_0376_JPG_jpg.rf.d47e5cf538ffc3316a9e96c9546c60bb.jpg,1,1,1,1,0,1
FIMG_0374_JPG_jpg.rf.133a7c52857ea9a5d8cfdd801386dfab.jpg,1,1,0,1,1,1
Hand_0001216_jpg.rf.6d3bec2e0736db0385b8f53005342463.jpg,1,1,0,1,0,1
FIMG_0377_JPG_jpg.rf.c7a76efb7977b1c1190fb15471770e66.jpg,0,0,1,1,0,1
Hand_0004697_jpg.rf.c43696d47476c06e90c73359c04db438.jpg,0,1,1,1,1,0
Hand_0004700_jpg.rf.0d2c2e4a5f4c39709ea5ae6b505b4f51.jpg,1,0,0,1,0,1
Hand_0004701_jpg.rf.2fbd9181b4d6ca423a47c09f2972f222.jpg,1,0,1,1,1,1
Hand_0004698_jpg.rf.9b53b48238216f30c7fde68e9555d10c.jpg,0,1,0,0,1,1
FIMG_0371_JPG_jpg.rf.8b713095a027a2bfd489a04d2883860e.jpg,1,1,0,1,0,0
FIMG_0371_JPG_jpg.rf.f4c7756b64990eb8b786f0b101fdc6f3.jpg,0,1,1,1,1,0
FIMG_0377_JPG_jpg.rf.e9445aec26011ea649d79b617621908a.jpg,0,1,1,1,1,1
Hand_0004699_jpg.rf.7def0c0a1ae90de17627ab86d15e0fac.jpg,1,0,0,0,1,1
Hand_0004702_jpg.rf.74bbac5c1af84d46dd43543391d91153.jpg,1,1,0,1,1,1
Hand_0004699_jpg.rf.54e654e373042675eba708d5f8fabcc1.jpg,1,0,1,1,0,1
Hand_0004661_jpg.rf.8a4665375905510db85b14b54079057e.jpg,1,1,1,1,1,1
Hand_0004702_jpg.rf.1232ea405dde1e145bcdebdf926394f1.jpg,0,0,0,1,0,1
FIMG_0375_JPG_jpg.rf.36ccc4fc0f07ac0aac58d9f2dc52db39.jpg,1,0,1,1,0,1
Hand_0004583_jpg.rf.363dfd85827f072079fe4640d3e336c1.jpg,1,1,1,1,1,1
Hand_0004591_jpg.rf.455877aeb6942ca8e71ff0893b21a19e.jpg,1,0,1,1,0,0
Hand_0004528_jpg.rf.2c302e537b746496638aaad6133999eb.jpg,1,1,1,1,0,1
Hand_0004700_jpg.rf.aa18ab6647d3794dbdd42bc384d81a14.jpg,1,0,1,1,1,0
Hand_0004528_jpg.rf.191c7a8489a5f34807b1ca146a5e1f9e.jpg,0,1,1,1,1,1
Hand_0004697_jpg.rf.eadce58d02f853107ae681f3db15f0e1.jpg,1,1,0,1,1,1
Hand_0004698_jpg.rf.8e438bf0f10d9e7a7e7563b75948d407.jpg,1,0,0,1,1,1
Hand_0004515_jpg.rf.6975ba3ee9472892d5f3229e368d29f3.jpg,1,1,1,1,1,1
Hand_0004699_jpg.rf.eca7bf30c2ea88706295ec6ad1dc7295.jpg,0,1,1,0,1,0
Hand_0004698_jpg.rf.bd429f10f20672be0230a52b1bdf6c58.jpg,1,1,0,1,1,1
Hand_0004597_jpg.rf.62581c11ba21b946a4c63bc936d7a359.jpg,1,1,0,1,0,1
Hand_0004597_jpg.rf.cf8bf3cf7c169482c9a9be5c688c46f7.jpg,0,0,1,1,0,1
Hand_0004700_jpg.rf.f78242675d7af3c985cba19474595a01.jpg,1,0,0,1,0,1
Hand_0004593_jpg.rf.e4e8854fe361a6b222e3db71b415bb77.jpg,1,1,0,1,1,1
Hand_0004570_jpg.rf.d2e4f32c54eb881af49c693fb40f62fb.jpg,0,0,0,1,1,1
FIMG_0352_JPG_jpg.rf.12ef4f8b2dfd5acc21b533d40de65808.jpg,1,1,1,0,1,0
Hand_0004632_jpg.rf.7628bf3274cc5f50729156808765ffc0.jpg,1,1,1,1,0,1
Hand_0004570_jpg.rf.d2d6894ab9445d3d7f3ffb93e3d6ac72.jpg,1,1,0,1,0,1
Hand_0004530_jpg.rf.fef46cfc0494369f9d972f8de5768c94.jpg,0,1,0,1,1,1
Hand_0004632_jpg.rf.a1763b0f3386abd51f1c717333c06d23.jpg,1,0,0,1,1,1
Hand_0004701_jpg.rf.d80b41be58d41eeaa5dea68614e6115b.jpg,0,1,1,0,0,1
Hand_0004529_jpg.rf.b44e568e9dfe9d62af162364c89a9dd3.jpg,1,0,1,0,1,1
FIMG_0358_JPG_jpg.rf.2ab613cffeb594a6255f1a519f91c68a.jpg,1,1,0,1,1,1
FIMG_0354_JPG_jpg.rf.2f640d7c9ac437ed8ba58d8c2dd0005e.jpg,1,1,0,1,1,0
Hand_0004529_jpg.rf.6a3dcc95cdb85c820d2d3edb5611391c.jpg,1,0,1,1,1,1
FIMG_0342_JPG_jpg.rf.2e02d1d98f46504da513498cf3c38149.jpg,1,0,1,1,1,0
Hand_0004528_jpg.rf.7f6c1340eb4a7c8916d969f759b90fac.jpg,0,1,1,1,0,0
FIMG_0355_JPG_jpg.rf.6f830c1db17a8450a1e524d0b2c8708e.jpg,0,1,0,1,0,1
FIMG_0342_JPG_jpg.rf.608ed717cd76fa181ff3535bea906162.jpg,1,1,0,0,0,0
Hand_0004595_jpg.rf.bf95492555e4f88b1f7a99db250de023.jpg,0,0,1,1,1,1
Hand_0004593_jpg.rf.feff91eaab6b546db53b658cf7108a1b.jpg,1,1,1,1,1,1
Hand_0004570_jpg.rf.9b0acb9df93c5b2e65e46ba4e8b5e13d.jpg,0,0,1,0,1,1
FIMG_0353_JPG_jpg.rf.6d697498a65754992d622352fc0908f4.jpg,1,1,1,0,1,1
FIMG_0354_JPG_jpg.rf.c8af3a4005b883b2f821486de12a28a6.jpg,1,0,1,1,1,1
FIMG_0343_JPG_jpg.rf.8f89f734919a65107561929cba383a70.jpg,1,1,1,1,0,1
FIMG_0354_JPG_jpg.rf.7f3b7ff146db2e77178c3e3f74fa56c1.jpg,1,1,0,0,0,1
FIMG_0355_JPG_jpg.rf.eba45b204ae37b12dc91029ec1b3be1a.jpg,1,0,1,1,0,1
FIMG_0342_JPG_jpg.rf.9c68273b968a7f24354b0abc0895da9b.jpg,1,0,1,1,0,0
FIMG_0341_JPG_jpg.rf.8105298971c2896ec389659098cb6c70.jpg,1,1,0,1,1,0
FIMG_0355_JPG_jpg.rf.effca884cc44502e244699b84575cf0a.jpg,1,0,0,1,0,0
Hand_0004632_jpg.rf.a39935742caf62904ee056b3d17d09e9.jpg,1,1,1,1,1,1
FIMG_0362_JPG_jpg.rf.0f503e54bb08b4b423f0a227a40978fa.jpg,0,1,1,1,0,1
FIMG_0365_JPG_jpg.rf.02247a6b1396ece8c1c0e633a68a51f1.jpg,0,0,1,1,0,0
FIMG_0353_JPG_jpg.rf.d71bfdcc2334a27c050a5ced765b3da1.jpg,1,1,1,0,1,0
FIMG_0341_JPG_jpg.rf.de362226d272eec04cf23b81d8e581f7.jpg,1,1,0,1,1,0
FIMG_0362_JPG_jpg.rf.67df0765f163aaf57a733fe13893efba.jpg,0,1,0,1,1,1
FIMG_0358_JPG_jpg.rf.2f641717180f7a8f597aecb1d9e4885a.jpg,1,1,0,1,1,1
FIMG_0353_JPG_jpg.rf.ff63020c61f0cce7a73ed288ad82459f.jpg,1,0,0,0,0,0
FIMG_0363_JPG_jpg.rf.0b5a24c5a5420dc045babdd6243aefa9.jpg,0,0,1,1,0,1
FIMG_0359_JPG_jpg.rf.34db1ea67d7cb2d47d1b898df53f0a94.jpg,1,0,1,1,0,0
FIMG_0358_JPG_jpg.rf.0b3e577704f929bc3d5aeff643c84a9a.jpg,1,0,0,1,1,1
FIMG_0361_JPG_jpg.rf.62ba400250147e0f106b7b0372872995.jpg,1,0,1,1,1,1
FIMG_0363_JPG_jpg.rf.1f273d0e38eb78af018ea93868598cfe.jpg,0,1,0,1,0,0
Hand_0001223_jpg.rf.0e98b538035f7413f85dcf28bedab8db.jpg,1,1,1,1,0,1
FIMG_0363_JPG_jpg.rf.70ff3e119295a00d1d8949376ce07cd3.jpg,1,0,1,1,0,1
Hand_0001217_jpg.rf.26a902e43f3d9dcbbe264b483cb0ee86.jpg,1,1,1,0,1,1
Hand_0004659_jpg.rf.d6364c5e4a33a9c44ba021c627c8be0c.jpg,1,1,1,0,0,1
FIMG_0361_JPG_jpg.rf.f9b3039328a0cabf1b9d9149098fa749.jpg,0,0,1,1,1,1
FIMG_0360_JPG_jpg.rf.d610c66e974f1e799cb81f64ac3debe9.jpg,0,0,1,1,0,1
Hand_0001236_jpg.rf.aca688110d34849605649b6d6f363f45.jpg,1,0,1,1,0,1
FIMG_0365_JPG_jpg.rf.49b931e6f17b3f8f7bc0592a14d9afee.jpg,1,0,0,1,1,0
FIMG_0362_JPG_jpg.rf.94936556cc912bae9f8664e1420c6f85.jpg,1,1,1,1,0,1
Hand_0001277_jpg.rf.406f459b0026c7ab5a1ebaad5601a588.jpg,1,1,1,1,1,1
Hand_0001250_jpg.rf.469554b4508386570c1b7dd6e463d018.jpg,0,1,0,0,1,0
Hand_0001249_jpg.rf.14f8ededd63de9d5802f6ace02481fe2.jpg,1,1,0,1,0,1
Hand_0001217_jpg.rf.acddf42e3ae898eee10b42bf7c903f4a.jpg,1,1,0,0,0,1
Hand_0001217_jpg.rf.7f5780142a52ac1c4f28eb2d5c08c284.jpg,1,0,0,0,0,1
Hand_0001250_jpg.rf.576d7dd69ff6f16fda9a14531286bea0.jpg,1,0,0,1,1,1
Hand_0001223_jpg.rf.4e5bc4bd5424ca2bf280d435439f5199.jpg,1,1,0,0,0,0
Hand_0001236_jpg.rf.daaddbbf2a5bd2f080f4aed796e5dd7e.jpg,1,1,1,0,1,1
Hand_0001269_jpg.rf.39d0484785d02366f0f2b5f25398e40e.jpg,0,1,0,1,1,0
FIMG_0375_JPG_jpg.rf.e2dac53e9ffe68182f0ededd671015b7.jpg,0,1,1,1,1,1
Hand_0001276_jpg.rf.2d2f0fcfac303481fe49fa47308bc9ed.jpg,1,1,0,0,0,0
Hand_0001218_jpg.rf.ef6df4258b437eac9f2de2cfc19a688c.jpg,1,0,1,1,0,0
Hand_0001216_jpg.rf.bd976eaac318f56162145ef03a87cfd3.jpg,1,1,1,1,0,0
Hand_0001276_jpg.rf.3bd9d10f695d9aeeab7136873046031c.jpg,1,1,0,1,1,1
FIMG_0377_JPG_jpg.rf.3919df3bac1fbd4ad51dcb5208a4f693.jpg,1,0,0,1,1,1
Hand_0001250_jpg.rf.d1339847239b16d26c7607f1807a9994.jpg,0,0,0,1,0,1
Hand_0001236_jpg.rf.93dfcced5862be817a98550621d15fbb.jpg,1,1,1,1,1,1
Hand_0001277_jpg.rf.7e10f3c0fae841a0029908cb9d7df57a.jpg,1,1,0,1,0,1
FIMG_0376_JPG_jpg.rf.a302df5a71f489b1f94bc5c7fa94da1f.jpg,0,0,1,1,1,1
Hand_0001296_jpg.rf.2d61e0a2edc66e82bfcd1e1e1d458c65.jpg,1,1,0,1,1,1
Hand_0001223_jpg.rf.f989fe97e9dff146ae3e54037b220cf1.jpg,1,1,0,0,1,0
Hand_0001280_jpg.rf.66b8b735f901c9c29a251f47a30b4350.jpg,1,1,1,1,1,1
Hand_0001269_jpg.rf.599747173db702b344614265cafa8cf5.jpg,1,1,1,1,0,1
Hand_0001278_jpg.rf.5f3d1e4cba48272c14a6bb433c6979d7.jpg,1,1,1,1,1,1
Hand_0004696_jpg.rf.39ca2302f633d08b7923b2ac0b36ce73.jpg,1,1,1,1,0,1
Hand_0004670_jpg.rf.143d8bda8f872a9d6d773f886e33bde0.jpg,0,1,0,0,1,0
Hand_0001278_jpg.rf.8b9cb62c6de4930a9b84625e3d15f740.jpg,1,1,0,1,1,0
Hand_0001276_jpg.rf.65524f82a6dbf155dcd161bf883f2ac4.jpg,1,1,0,0,1,1
Hand_0001278_jpg.rf.f55086dd2dfb0f86f2234992b910227f.jpg,1,1,1,1,0,1
Hand_0001279_jpg.rf.e2e13276691b304b3966d90c13b4dd9e.jpg,0,0,1,1,1,0
Hand_0001218_jpg.rf.63481b3d41e72c796557676dd246877f.jpg,0,0,1,1,1,1
Hand_0004703_jpg.rf.0ef4b04822c928289e3148fc4d9389f2.jpg,1,0,0,1,1,0
Hand_0001280_jpg.rf.d3bbdab5e46c8979ebdbf31b61db75a9.jpg,1,1,1,1,0,1
Hand_0001279_jpg.rf.fad22fd79bf098b38bf871a3cfec0d09.jpg,0,1,1,1,1,0
Hand_0001259_jpg.rf.775be222a8063d3527208f42d8b1a3f7.jpg,0,1,0,1,0,1
Hand_0004670_jpg.rf.75315cf570210a323a92f6fe91a42af0.jpg,1,1,0,1,1,1
Hand_0001295_jpg.rf.cd0eb3736f919c5d58749538cf66b166.jpg,0,0,1,1,1,0
Hand_0004664_jpg.rf.66143d8e929930bc1613f7a414d1b0b6.jpg,1,1,1,1,1,1
Hand_0001294_jpg.rf.a32821c41f6cb8b86020b57d2af2d846.jpg,1,1,1,0,1,1
Hand_0004696_jpg.rf.ba329c4b5f5d4dcd4ecfae776d3b8503.jpg,0,0,0,1,1,1
Hand_0004669_jpg.rf.056517ca196e6dfa23eb8105e4b6cf9c.jpg,1,1,0,1,1,1
Hand_0004704_jpg.rf.95d227f773cf65c09c96e12ae777d974.jpg,1,1,0,0,0,0
Hand_0001294_jpg.rf.d70b121f309905b39eee9fe5eb3b63e3.jpg,1,1,1,1,0,1
Hand_0001218_jpg.rf.3f203cc919b2b6b7371dedd73813e4d6.jpg,1,1,0,1,1,1
Hand_0004701_jpg.rf.8ce0bce6d07e377430a62376f6f67e3b.jpg,1,0,1,0,1,1
Hand_0004670_jpg.rf.7f0c591db8dcad848bf0c27722a41f7c.jpg,1,0,1,1,0,1
Hand_0004696_jpg.rf.a539ac398d63709bb398449c7c6792a1.jpg,0,1,0,1,1,1
Hand_0004703_jpg.rf.abfedafaa92d5a8afcce23e8cfbf1fa5.jpg,1,0,0,1,1,0
Hand_0004669_jpg.rf.463cc8111d226f18e6651eaa92a34645.jpg,0,0,1,1,1,0
Hand_0004747_jpg.rf.58f5955a8b84be44f975d11f994cb052.jpg,1,1,0,0,1,0
Hand_0004669_jpg.rf.af5e39853f615b82aff0e61b95bac81a.jpg,0,0,0,1,0,0
Hand_0004703_jpg.rf.a1027ebc75326d621a171cbc2ca1989a.jpg,1,1,1,1,0,1
Hand_0004664_jpg.rf.9d18a3373b8e46f05f24f8ff7dfade85.jpg,1,1,1,1,0,0
Hand_0004717_jpg.rf.54c74643dc7432d28a49d837542c2d86.jpg,0,1,0,1,1,1
Hand_0004713_jpg.rf.64a5dc717ab7cc95f965f66dd236cf4f.jpg,1,0,0,1,0,0
Hand_0004661_jpg.rf.9028660a530cfdb339e6c0b6d0e0f893.jpg,0,1,0,1,1,1
Hand_0001280_jpg.rf.e0d9f72de1499c7df4bc8200428581dc.jpg,1,1,0,1,0,0
Hand_0004747_jpg.rf.447dbd804c96ff99bab415ff4e4d89a5.jpg,0,0,0,0,1,1
Hand_0004714_jpg.rf.14928e844f2877c00dce1299c6b9ed11.jpg,1,1,0,0,1,0
Hand_0004661_jpg.rf.ff2bcdfb9c51806a2e9ac3d5cb6d01f9.jpg,1,1,0,1,1,1
Hand_0004697_jpg.rf.e94f405890ecfd9568277c2eceb4459a.jpg,1,1,1,0,1,1
Hand_0004761_jpg.rf.1147f647e9a9da5226085ea3d4794146.jpg,1,1,1,1,1,1
Hand_0004664_jpg.rf.c521f1f7368aeb5010187914e8afdd2a.jpg,1,0,0,1,0,0
Hand_0004767_jpg.rf.845ea2d24a39f756621cceaf4401c05a.jpg,1,1,1,0,0,1
Hand_0004716_jpg.rf.727ac309453d9137190f2e716aec7219.jpg,1,0,1,0,1,0
Hand_0004717_jpg.rf.949503d62a52a5bb319f32d5ee959f19.jpg,1,0,1,1,1,0
Hand_0004577_jpg.rf.479995e281cba1a02b9e58546bf0ade4.jpg,0,1,0,0,0,1
Hand_0004715_jpg.rf.948c0c51045a2c9ede6cdca455ae1bb3.jpg,1,0,0,1,0,0
Hand_0004714_jpg.rf.0eb55404ed4296a0f60505aa922675fe.jpg,0,1,0,1,1,0
Hand_0004716_jpg.rf.f12b9729239a831e71b31229f6583b97.jpg,1,1,0,1,1,1
Hand_0004761_jpg.rf.9342bd70694a71904945bdb0b76aa97a.jpg,1,1,1,1,1,0
Hand_0004580_jpg.rf.09ebe57f7786bb1bbc03284d49f8dc70.jpg,1,0,1,1,1,1
Hand_0004715_jpg.rf.58e703e73f7832efa2b4cd13d35f3b69.jpg,0,1,0,0,1,1
Hand_0004713_jpg.rf.eb979fb76705fa3bbb3c4e7912827e70.jpg,1,0,0,1,0,1
Hand_0004715_jpg.rf.c465339303a9add626a1b388d054f2c2.jpg,1,1,1,1,0,1
Hand_0004747_jpg.rf.c82388f4b8f18338f988e47901fbc1c4.jpg,1,0,1,1,0,0
Hand_0004571_jpg.rf.49e25d2f42c7dbdbfc977c4539c85902.jpg,1,0,0,0,0,1
Hand_0004714_jpg.rf.3aede5e9b0a78d9ecdc4543becc12659.jpg,1,1,1,1,0,1
Hand_0004581_jpg.rf.a02877abc53dd54e1ec16d5a931c87d2.jpg,1,1,1,1,0,0
Hand_0004597_jpg.rf.4a7829c4946a00a4a6759bf17087ffca.jpg,0,0,1,1,0,1
Hand_0004576_jpg.rf.3de2656ed931313ed2b238b1b7b98c26.jpg,1,1,0,1,1,0
Hand_0004581_jpg.rf.29b6718f225b87838968d047c172d7fb.jpg,0,1,1,0,0,0
Hand_0004530_jpg.rf.60f598ad92d5033a1b6430c9331826a8.jpg,1,0,1,1,1,1
Hand_0004576_jpg.rf.7ddbb2b1f4caae7be39e1f32c66e93cf.jpg,1,1,0,1,0,0
Hand_0004716_jpg.rf.af365be16cbb8767f5d541d99ea6d763.jpg,1,1,0,0,1,1
Hand_0004581_jpg.rf.67259aff450a2455693ff9fe765a262b.jpg,1,1,1,1,0,1
Hand_0004576_jpg.rf.63ff598110d47aa29c97f8c93dce634b.jpg,1,1,1,1,0,1
Hand_0004530_jpg.rf.ab4e35e050a80f60b6321aff87185c55.jpg,1,1,1,1,1,1
Hand_0004571_jpg.rf.ea3e683ac2f6c1192b63c1f566a64eab.jpg,1,1,1,1,0,1
Hand_0004717_jpg.rf.0cc6a89c141115940df0303d6a7c11ac.jpg,1,1,1,0,0,0
Hand_0004529_jpg.rf.598a1625f4eeb53c23affb825fff0603.jpg,1,0,1,1,1,0
Hand_0004579_jpg.rf.86657599d8064dd8859baa24c1b3174b.jpg,0,1,1,0,1,1
Hand_0004580_jpg.rf.c66841eb4e580869d090d34e88e00105.jpg,1,1,0,0,1,1
Hand_0004577_jpg.rf.f35dcb99b6ed22d7555081d32d34ecd7.jpg,1,0,1,1,0,0
FIMG_0346_JPG_jpg.rf.53cdd3f9ca5c9610f5217ee897626bb6.jpg,1,1,1,1,1,1
FIMG_0350_JPG_jpg.rf.38106352ab219c2b8e4346e63157493d.jpg,1,1,1,1,1,0
FIMG_0343_JPG_jpg.rf.208c2a63da1f2abfa6fd4a49a3d429a1.jpg,0,1,1,1,1,1
FIMG_0347_JPG_jpg.rf.190cb5e8aa9e8f46862c700bffe12fed.jpg,0,1,1,1,1,1
FIMG_0345_JPG_jpg.rf.6112eed24932c86b25f932bff847986d.jpg,0,1,1,0,0,1
Hand_0004571_jpg.rf.eaeaf66f5bcf6c0d13c981e3b1a95beb.jpg,1,0,1,1,1,1
FIMG_0347_JPG_jpg.rf.372735b23690ffe8ec2873d0200488df.jpg,0,1,1,0,0,1
FIMG_0344_JPG_jpg.rf.e66b59d9cea9ab3ed948f4bf8f87d57f.jpg,0,1,1,1,0,0
FIMG_0346_JPG_jpg.rf.fb4108c9564c67f68cff01e1df9749fe.jpg,1,1,1,1,1,0
Hand_0001358_jpg.rf.0bbbc5ad3db446848bb04c8fcef710d8.jpg,1,1,1,0,0,1
FIMG_0348_JPG_jpg.rf.62e61e84928711b604f822b222337946.jpg,1,1,0,1,0,1
Hand_0001474_jpg.rf.28ff21afd6991a7b9162f8cf64740d04.jpg,0,1,1,0,1,1
Hand_0004577_jpg.rf.b172ad2b01a18b4f116dad7febb2336c.jpg,1,1,1,1,0,1
FIMG_0348_JPG_jpg.rf.7ea64051f089c514f1f9f2299ee2e33f.jpg,1,1,1,1,1,0
Hand_0001363_jpg.rf.19c3b834f2ab7706729190842c939ee5.jpg,1,0,1,1,0,1
Hand_0001389_jpg.rf.4aeaa0ca92ad3651db3c743c6e94f17e.jpg,1,0,0,1,0,1
FIMG_0343_JPG_jpg.rf.0fec45c060162189e2a6cb3c3404ecc4.jpg,1,1,1,1,1,0
Hand_0001389_jpg.rf.379c81b6f7e23db8a015470b64eb2388.jpg,0,0,1,0,1,0
FIMG_0349_JPG_jpg.rf.bd9d13237f098d9fde0353fea52fee14.jpg,1,1,0,1,0,1
Hand_0001368_jpg.rf.1b7c928d323d615b6d4fdd01da7c8cad.jpg,1,0,1,1,1,1
FIMG_0348_JPG_jpg.rf.c84bedaebe184620663684c5db6e7556.jpg,1,0,1,1,0,0
FIMG_0349_JPG_jpg.rf.7d918b7bd1222c9f169ef604cdc79351.jpg,1,1,0,1,0,1
FIMG_0344_JPG_jpg.rf.7f9b5cafe5a2c5efb1fba8e5b7d32a39.jpg,1,0,0,1,0,1
Hand_0001389_jpg.rf.84f152f0dcff7c196cb3f03871119034.jpg,1,1,0,1,0,1
Hand_0001391_jpg.rf.96ba8e97cc90c8c438ff44ab0f708ade.jpg,1,1,1,1,0,0
Hand_0001358_jpg.rf.9d1f71a10a999f822aac895b502aef97.jpg,1,1,1,1,0,1
FIMG_0345_JPG_jpg.rf.5e61f2b5885c0d2d90bc4e32859693c3.jpg,1,1,0,0,0,1
Hand_0001475_jpg.rf.6baba28e008f25ef3176dc552d11361b.jpg,1,1,0,0,1,1
Hand_0001391_jpg.rf.d828e6464badf14364954464098a7f84.jpg,1,0,0,1,1,1
Hand_0001342_jpg.rf.7749a7a2fe44efed1bf95b984cfab77b.jpg,0,0,1,1,1,0
Hand_0001342_jpg.rf.5a598a2436f0ec6b99777e1b858b0e27.jpg,1,1,0,1,0,0
Hand_0001367_jpg.rf.4ad2fe2724ed9dff13a07c8899d41f29.jpg,1,1,1,0,0,1
Hand_0001368_jpg.rf.26e3ef4e6a9de71008878d6754afd0de.jpg,1,1,0,1,1,1
Hand_0001358_jpg.rf.eb4596115289cd3f14dc0ce9f74e8f8d.jpg,1,0,0,1,0,1
FIMG_0346_JPG_jpg.rf.b3e7e80e58eca01b5b015844f81c9015.jpg,0,1,1,1,1,1
Hand_0001474_jpg.rf.882949a2df188c1faf043983aee79821.jpg,0,1,1,1,1,1
FIMG_0345_JPG_jpg.rf.ebd822ad8d980b5859a9f99551073a56.jpg,1,1,1,1,1,0
FIMG_0347_JPG_jpg.rf.a68dc423bf94c4cd4ded5fad6f7354d7.jpg,1,1,1,1,1,1
FIMG_0359_JPG_jpg.rf.81271661ce011765ee38095c73cf565b.jpg,1,1,1,1,1,1
Hand_0001474_jpg.rf.df48d6147ff8d87aa96b2da715f0068c.jpg,1,1,1,1,0,1
Hand_0001277_jpg.rf.79520fef00e12904dfb60fd4fd43b9a4.jpg,1,1,1,1,0,0
Hand_0001363_jpg.rf.5ba1949828bc52dc93ab6ea0a5eab7c4.jpg,1,1,1,1,0,0
Hand_0001303_jpg.rf.343d261e65c5fac1b3caf5fc5303d568.jpg,1,0,1,1,1,0
Hand_0001296_jpg.rf.3bbac66c8f0c964cfe034a5b125685a6.jpg,1,1,1,1,0,0
Hand_0001295_jpg.rf.51ba805f95ce58658c2e1ce59ed8b2dd.jpg,1,1,0,1,0,1
Hand_0001305_jpg.rf.8c0467deb715f6085785acd6c3c304ea.jpg,1,1,0,1,1,1
Hand_0001296_jpg.rf.0742a618b2e6229531f090cb1f760800.jpg,1,1,1,1,1,0
Hand_0001251_jpg.rf.10341e13891695f09691e7ad87c64ceb.jpg,0,1,0,1,1,1
Hand_0001303_jpg.rf.1d1fb44af4b1edf6312a5cc0c29e8fd7.jpg,0,1,0,0,1,0
Hand_0001252_jpg.rf.7d73691dccc4fd8811cd3329b78cf092.jpg,0,1,1,0,1,1
Hand_0001294_jpg.rf.c4c026d8facf35e7e39eddbaff35b598.jpg,0,1,0,0,1,1
Hand_0001251_jpg.rf.0807153daa36b3ede0e33b1d3799ae5d.jpg,1,0,1,0,1,1
Hand_0004579_jpg.rf.e3151d4eae68dd396425200b73aa4768.jpg,1,1,1,0,1,0
Hand_0001305_jpg.rf.ec50dff79e81dd86b5071d558cb60f6b.jpg,1,0,1,0,0,0
Hand_0001279_jpg.rf.a73f043611612aa90fcc48dd5964242d.jpg,0,0,0,1,1,0
Hand_0001363_jpg.rf.c7fbc737287559d758ae18d30d2f8ff5.jpg,1,1,0,0,0,0
Hand_0001251_jpg.rf.5ae6ece53735c306c7445f7ebcd8c123.jpg,0,0,1,0,1,0
Hand_0001252_jpg.rf.d76677ce0f5287585415fd4581cb54d3.jpg,0,1,1,0,1,1
Hand_0001241_jpg.rf.606446fa9fddd5a7d9da40148fc71043.jpg,0,1,1,1,1,1
Hand_0001254_jpg.rf.1d68c8b854d31002aa729ab5beed09e2.jpg,1,1,1,1,0,1
Hand_0001238_jpg.rf.aba4523c300ef5343ec5200d6a6dca41.jpg,0,0,0,0,1,1
Hand_0001303_jpg.rf.de0a0ef98d7152eca698145e7f2bcb36.jpg,1,1,0,0,1,0
Hand_0001295_jpg.rf.a16b336ff5a6954ae184b87b4ba07722.jpg,1,1,0,0,1,0
Hand_0001253_jpg.rf.366e70cbccf2028816569a84cb6a0419.jpg,1,1,0,1,1,0
Hand_0001240_jpg.rf.afac904011fb6a68086ee5b676e27f93.jpg,1,1,1,1,1,0
Hand_0001240_jpg.rf.665f7403e1f6ac124e9b543a8706efce.jpg,1,1,0,1,1,1
Hand_0000140_jpg.rf.464fe4e92977a329b988975ef0b27e9f.jpg,1,1,1,1,1,0
Hand_0000124_jpg.rf.3ecabd64e8eabc5bb0ba7245d35f8fb4.jpg,0,1,1,0,0,1
Hand_0001237_jpg.rf.beca392e4ddceda96111588a8f89c627.jpg,0,1,0,1,1,1
Hand_0001241_jpg.rf.98c57491f05db9d33509c97cce872890.jpg,1,0,0,0,1,0
Hand_0000153_jpg.rf.755f9615ad4b59cda06b3a01126b61b5.jpg,1,1,1,1,0,0
Hand_0000141_jpg.rf.573e8dffaade7aca3ecebe7e1a2df8f6.jpg,1,1,0,1,0,1
Hand_0001238_jpg.rf.e6cee56b01249bce60380dde22096f45.jpg,1,1,1,1,1,0
Hand_0001237_jpg.rf.838ef1c2b7a19f88f8edb31ebf2ac511.jpg,1,0,0,0,0,0
Hand_0000140_jpg.rf.0803410b41df649dd8363e0c00c75471.jpg,1,0,0,1,1,1
Hand_0001253_jpg.rf.e63210644c090a61ec181aeb407298f3.jpg,1,0,1,1,1,1
Hand_0000124_jpg.rf.c3e3819e340672a3e405ebf7b6191f9d.jpg,1,0,1,0,1,1
Hand_0000148_jpg.rf.cc14454030ac91c9b8ca24f4aedd56e6.jpg,1,1,0,1,1,0
Hand_0000143_jpg.rf.8d8d0bce4427948b678997383385e389.jpg,0,1,1,1,0,1
Hand_0001254_jpg.rf.2eeba4f9cd050849cc981091c7d7cb1b.jpg,0,1,1,1,1,0
Hand_0000141_jpg.rf.e6f31163b2cb9274548c6dcfe5c4e90c.jpg,1,1,0,0,1,0
Hand_0001249_jpg.rf.cf81f4f6c33d165070ef538fb9cb47b2.jpg,1,1,0,1,1,1
Hand_0000153_jpg.rf.ed8051279063c1b579c5e5c6f201b9b3.jpg,0,0,0,1,1,0
Hand_0000153_jpg.rf.6576939df42b24707dedd38ec537cab2.jpg,1,0,0,1,0,1
Hand_0000143_jpg.rf.99b7c1f3388a685ec22037cf1318dfdd.jpg,1,0,1,0,0,0
Hand_0001252_jpg.rf.4aabddd5764b3988d190b7c100523ba6.jpg,0,1,1,1,0,1
Hand_0004708_jpg.rf.46915f2d283dbf3c09be45e4bc55962a.jpg,1,0,1,0,1,0
Hand_0000140_jpg.rf.eef3102e0ef2530297dfceaf9050c497.jpg,1,0,1,1,1,1
Hand_0000141_jpg.rf.c7b332d1c09e1565897aa095e26e57a2.jpg,1,0,0,1,0,1
Hand_0004705_jpg.rf.8c4e6df88cde09bba17c219d2ce7f592.jpg,1,1,1,1,0,1
Hand_0004705_jpg.rf.6f4fe55ca06a010521ec2fe6ecb4f51b.jpg,1,0,1,0,1,0
Hand_0004709_jpg.rf.67c9650fb8e2afec53f68f7bdd5a4a93.jpg,0,1,0,1,1,0
Hand_0004705_jpg.rf.77877127de633b3cee85de1371b993cb.jpg,1,1,0,1,0,1
Hand_0000148_jpg.rf.e0e54d8f6d7d660e090d98e0adb22804.jpg,1,1,1,1,1,1
Hand_0004711_jpg.rf.bb4627335058309eddbc5a6b181574e6.jpg,1,0,1,0,0,1
Hand_0004710_jpg.rf.bbbd0906b9fb83dd829f787363e43c00.jpg,1,1,1,1,1,0
Hand_0004702_jpg.rf.eea2786ecec969b0b384eab9b6c79209.jpg,1,1,0,0,1,1
Hand_0004706_jpg.rf.71d91f947883be322742657b3a359f0d.jpg,0,1,1,1,0,1
Hand_0004704_jpg.rf.b6ccbf08e66be99c51a9cbb3ca758729.jpg,1,0,1,1,1,0
Hand_0004710_jpg.rf.73af6e401b6520a39787d549c063cfb3.jpg,1,0,1,1,0,1
Hand_0004708_jpg.rf.137a102a200bb8b53c5298825e532625.jpg,0,1,0,1,0,1
Hand_0001253_jpg.rf.eab8444df610658c55e51501f7d7246e.jpg,1,1,0,0,1,0
Hand_0004707_jpg.rf.b63730d8cebc51bcafaa87fd118091e9.jpg,1,1,0,1,1,1
Hand_0004707_jpg.rf.04ed2444e2847a056bd1b19c41cc8b5e.jpg,1,0,1,1,1,1
Hand_0004711_jpg.rf.b9270ed18384f39ca24dddee77081b8d.jpg,1,0,0,1,1,1
FIMG_0387_JPG_jpg.rf.29e6fd5bbd1296c3f97b7ec741198759.jpg,0,0,0,1,1,1
FIMG_0383_JPG_jpg.rf.1dd14aea812db1457c4f37320e54fe2a.jpg,0,1,0,1,1,0
Hand_0004709_jpg.rf.ee90c84b9d644ca4570890bf27f1d149.jpg,1,1,0,1,0,1
Hand_0004704_jpg.rf.87ac0883919fa7cb8c00544c0b05971d.jpg,0,1,0,1,0,1
FIMG_0386_JPG_jpg.rf.2cb662d54c70807d856bd77bb931046e.jpg,0,1,1,0,0,0
FIMG_0387_JPG_jpg.rf.4ca5f646184860620378f32f337a73ca.jpg,0,0,0,0,0,0
FIMG_0386_JPG_jpg.rf.10681e14302ba394a647833a06666565.jpg,1,1,1,0,0,0
Hand_0004706_jpg.rf.f8a358b459d753b7f421fbcd62280568.jpg,0,1,1,1,0,1
FIMG_0388_JPG_jpg.rf.c40bfcb2a81bc13a3011ac6e6b31a7bc.jpg,1,1,0,1,0,1
FIMG_0389_JPG_jpg.rf.2d4b28552cff549c5d92df521715a23f.jpg,1,1,1,0,0,1
FIMG_0383_JPG_jpg.rf.f9d67de64552743d73c2d1703b3337a8.jpg,0,0,1,1,0,1
FIMG_0381_JPG_jpg.rf.4833e2fc60aac0155307168a0fd9476a.jpg,1,0,0,1,1,1
Hand_0004706_jpg.rf.39223affef766a390cf50ea7ac281024.jpg,1,0,1,1,0,0
FIMG_0380_JPG_jpg.rf.8e9f91cce19f4fc51493f5811f4fd0d4.jpg,0,1,0,1,1,1
FIMG_0381_JPG_jpg.rf.5481085a825117277835350ce6bcf2f5.jpg,1,1,1,0,1,0
FIMG_0385_JPG_jpg.rf.e6aaedff8202a53400463c4ccff4c7d4.jpg,0,0,0,1,0,1
FIMG_0380_JPG_jpg.rf.b9ec124aefe7874fa7ad4b736b5e0eab.jpg,1,1,0,1,1,1
FIMG_0387_JPG_jpg.rf.6438dc3ceb77d3973b1be55653232c93.jpg,0,0,1,1,0,0
FIMG_0380_JPG_jpg.rf.e07eaf9e4db2605781a39d1ecd606b25.jpg,0,0,0,1,0,1
FIMG_0386_JPG_jpg.rf.a37e62b54bc625a17260d6d1148b14ed.jpg,1,1,0,1,1,1
FIMG_0383_JPG_jpg.rf.e8d4569ad0eda1d539baeb72c60abf84.jpg,1,1,1,1,1,0
FIMG_0381_JPG_jpg.rf.d29a646e9419d10b64210f765232b448.jpg,1,0,1,1,0,0
FIMG_0389_JPG_jpg.rf.e72c6689130fe85dfef1a78882b467ee.jpg,1,1,1,1,1,0
Hand_0004750_jpg.rf.71b1c8330c3fe453d7b8269149e8cc42.jpg,1,0,0,0,1,1
FIMG_0378_JPG_jpg.rf.dadbee70243bd61853e1b51c529d3d4a.jpg,1,1,1,1,0,1
Hand_0004748_jpg.rf.2483fb42f8791c8705573365d58b1f21.jpg,1,1,1,0,0,0
Hand_0004748_jpg.rf.7943bbbea32b485c065baca2e590b3fc.jpg,1,1,0,1,1,1
Hand_0004707_jpg.rf.f40d6389e6c709236d9af5841b1edd79.jpg,0,1,1,1,0,1
Hand_0004751_jpg.rf.23de8a97dae4d15994b007fc0f34a1b3.jpg,1,1,0,1,1,1
Hand_0004760_jpg.rf.e13c80a730667d466037277d0f4cbd87.jpg,1,1,0,1,1,1
Hand_0004760_jpg.rf.6704a57c447b5e21a50406853c972024.jpg,1,0,1,1,1,0
Hand_0004761_jpg.rf.8fad697af369e59950cd132a9dbdf3a2.jpg,0,1,1,1,0,1
Hand_0004760_jpg.rf.64647c112e60b561123731570fecf58f.jpg,0,0,1,1,1,0
Hand_0004749_jpg.rf.eb5de785e79dac04f2e1af0612b86313.jpg,0,1,1,1,0,1
Hand_0001319_jpg.rf.ba124cb7c2f75a26f208653f4ece183f.jpg,0,0,1,1,0,1
Hand_0004750_jpg.rf.b5b0f5bf479e421ca79baa6f058c453a.jpg,0,1,0,1,1,1
Hand_0004750_jpg.rf.d0b3752669a6a5a81eaf68d158530269.jpg,0,0,0,1,1,1
Hand_0001319_jpg.rf.bbb7f4ca1badf9411744b0e8a3597521.jpg,0,0,1,1,0,1
Hand_0001320_jpg.rf.c0168758542b59dc8988922fa5132792.jpg,1,1,1,1,0,1
Hand_0004748_jpg.rf.1039a62b5e3da4ad3b516b05bea0143e.jpg,0,1,1,1,0,1
Hand_0004583_jpg.rf.38a429b1ad1ad9d343a8b02502028bbc.jpg,1,1,1,0,1,1
Hand_0001318_jpg.rf.f4966a582354549d02f7b55e5c81b2f1.jpg,1,1,0,1,0,0
Hand_0004640_jpg.rf.a2a29b148d839b303ab5aa7f0ebbf4fe.jpg,1,1,1,1,1,1
Hand_0004580_jpg.rf.b5c53ba4afce8fd9407a527546486a1b.jpg,1,1,0,1,0,1
Hand_0004636_jpg.rf.b87f5c6cb628d0b059abf012f3a97fcb.jpg,1,1,0,1,1,0
Hand_0004749_jpg.rf.fcfff73269eb27494ee1b4c587ecffe3.jpg,0,1,1,1,0,1
Hand_0004583_jpg.rf.1af2d7afb43c11c09a2d9ba3eb5164f4.jpg,1,0,1,0,1,1
Hand_0004640_jpg.rf.dfbb780e7e7e88e0d3d619a3cea8087a.jpg,0,1,1,0,0,1
Hand_0004579_jpg.rf.ef0302b43c0b469632515aff4c81d13d.jpg,1,1,0,1,0,1
Hand_0004751_jpg.rf.087006d77875c26da798a96e200af327.jpg,1,1,1,1,0,1
Hand_0004749_jpg.rf.e95f7e99770ac2365cffbe511271f2b0.jpg,0,1,0,1,0,0
Hand_0004638_jpg.rf.5d93a0efdad35727212a2a1d62fe2905.jpg,0,1,1,0,1,0
Hand_0004633_jpg.rf.193644e000f8be4c4fba7b2269ae4c58.jpg,0,0,1,1,0,0
Hand_0004636_jpg.rf.0308d2c7c252870c415ffbbfee44a055.jpg,0,1,1,1,0,1
Hand_0004633_jpg.rf.a9d4948bb465f9d15ca879b5a1fa0784.jpg,1,1,1,1,0,0
Hand_0004636_jpg.rf.97cd6f0bda4f0db158a68ac6aa5e0a41.jpg,0,1,1,1,0,0
Hand_0004640_jpg.rf.80f395fdacf43a5a40dac23421e6c2df.jpg,0,1,1,1,0,1
Hand_0004638_jpg.rf.257403eaa278d9c3caa05680748d52d3.jpg,0,0,1,0,1,1
Hand_0004638_jpg.rf.03a6e013206dcc0782216815c361d30d.jpg,1,1,1,1,1,0
FIMG_0351_JPG_jpg.rf.02e8853ee05eaace30f53d961c76e91a.jpg,1,0,1,0,0,0
FIMG_0350_JPG_jpg.rf.05ab04568b61fbebbde001f59da19f94.jpg,1,1,0,1,1,0
Hand_0004633_jpg.rf.476b9707e36a00c4ee271703748979a1.jpg,0,1,1,1,0,0
Hand_0005844_jpg.rf.272ade491603d8261d23fdc9c727ad86.jpg,1,1,0,1,1,0
Hand_0004751_jpg.rf.fe750abdefdfbf207ce824de3df92f76.jpg,1,0,1,1,1,1
Hand_0005842_jpg.rf.16ddeedd21a68534b8cfbd0f7fcae29d.jpg,1,1,1,1,0,1
Hand_0004643_jpg.rf.c2da0400b67e2b4404501dd7af3ce374.jpg,0,0,0,1,1,0
FIMG_0349_JPG_jpg.rf.1718bdb6d252a3bf41258e27f47a4169.jpg,1,1,0,1,1,0
Hand_0005754_jpg.rf.022381852fc21c82f8f941b5d70b903f.jpg,1,1,0,0,0,1
Hand_0005844_jpg.rf.2349fd13f11167e150ce210d0f3c0f67.jpg,0,1,1,1,0,1
Hand_0005842_jpg.rf.27a7302ab4cb98f3aedbba5d5914210a.jpg,1,0,1,1,1,1
Hand_0005757_jpg.rf.c7c6da53be5a6358b48461181fdd625f.jpg,1,1,0,1,0,0
Hand_0001434_jpg.rf.0ac58aa34c93cbe9323c4ab795ec101e.jpg,1,0,0,0,0,0
Hand_0005753_jpg.rf.f36aaa98495a9e7ff73067ade4f0e94e.jpg,1,1,0,0,0,1
Hand_0001411_jpg.rf.1491ebeec6ecd14e761618de79d4e80d.jpg,0,1,1,1,1,0
Hand_0005758_jpg.rf.9f52f7857b22baa09357b0b152e8d39e.jpg,1,1,0,0,1,1
Hand_0004644_jpg.rf.19bcc9c348c3a1e398a875966935409e.jpg,1,1,0,1,0,0
Hand_0005754_jpg.rf.b623cdabd8001907f98aa31c50e5f744.jpg,1,1,1,1,1,1
Hand_0001368_jpg.rf.6098e31f9aa566fb9dadef21b044ac98.jpg,1,0,1,1,1,1
FIMG_0351_JPG_jpg.rf.a613064004cfb1451e803b5b8748f119.jpg,0,1,0,1,0,1
Hand_0001342_jpg.rf.59f0cc1f181e70e99f093a4da334067e.jpg,0,0,0,1,1,0
Hand_0005842_jpg.rf.e8f8f97e3aeb83de51708b7abf8d445e.jpg,1,1,1,1,1,0
Hand_0005753_jpg.rf.d6ac9cd6516c3b0fb1127ab2d8d36056.jpg,0,0,1,1,1,1
Hand_0005754_jpg.rf.cebadfdf101353a2fec511ff3802f392.jpg,1,1,0,1,0,0
Hand_0001391_jpg.rf.72a2d1c7617c064a87e1bd68da2ed6b2.jpg,0,1,0,0,1,1
Hand_0005843_jpg.rf.4412440961d6a4ef50996efce82c9abc.jpg,1,0,1,1,0,1
Hand_0005753_jpg.rf.3d5c70b4c671ee2eeb27cc934f3d0e69.jpg,1,1,0,0,1,1
FIMG_0350_JPG_jpg.rf.b1feec77221b57b5bc0a71e15cadcc1c.jpg,1,1,0,0,0,1
Hand_0005757_jpg.rf.9318726c5b28a9f6c722aab65f59d534.jpg,1,1,0,0,1,0
Hand_0001367_jpg.rf.6eb2b539785e426f3c12e3d7de209583.jpg,1,1,0,1,0,0
Hand_0001400_jpg.rf.b3b595e40af7316e6838e00fd0f4ca7b.jpg,0,1,0,1,1,0
Hand_0001455_jpg.rf.b7ea07264e1c4a580603e6dbc12a7f36.jpg,1,1,0,0,0,1
Hand_0001420_jpg.rf.73da0cb0dcf972ea164b3077158304af.jpg,1,1,1,0,0,0
Hand_0001453_jpg.rf.26f037d699f4403b09448f5f8fbb65ab.jpg,0,1,0,1,0,0
Hand_0001420_jpg.rf.5abb6dc9fc241e5e56692e5a74145cd3.jpg,1,1,0,0,1,1
Hand_0001400_jpg.rf.47c8e82548cfb0b9f5a2b8547fa85e91.jpg,0,0,0,1,1,1
Hand_0001340_jpg.rf.a8972aee60223f06ba8cda25d872f9a0.jpg,0,0,0,1,0,1
Hand_0001420_jpg.rf.c734290a2f719583c67a570f4ddc3c63.jpg,1,1,1,0,1,1
Hand_0001411_jpg.rf.e103f78e778eb1b05031a186db6eedd5.jpg,1,1,0,1,0,1
Hand_0005771_jpg.rf.1209ad0acf54433150b56306309f38c0.jpg,1,0,1,0,0,1
FIMG_0344_JPG_jpg.rf.39f356ca684362d834a9b01ab5462e92.jpg,0,1,0,1,0,1
Hand_0001453_jpg.rf.c872382f40bc6841e79419c83bb748c3.jpg,1,1,1,0,1,0
FIMG_0351_JPG_jpg.rf.872deed55eafc7de1afead6b93fb5a37.jpg,1,0,1,1,0,1
Hand_0001411_jpg.rf.952163d3244b7410fa73236d2c71a025.jpg,0,0,1,1,1,0
Hand_0004767_jpg.rf.229163c9d41ebaed076e7b2e6602d6f8.jpg,0,1,1,1,0,1
Hand_0005759_jpg.rf.1ea72568d5debfc44c3360e2a7edb493.jpg,1,1,1,1,0,1
Hand_0005774_jpg.rf.623a753648a0096c4c10babce4d8eb1b.jpg,1,1,1,1,1,0
Hand_0005759_jpg.rf.40e547e81283a67e4e8f141c2001153d.jpg,1,1,1,1,0,1
Hand_0005774_jpg.rf.4c5a22322b191550481de1be3fac8ea7.jpg,1,1,0,1,0,1
Hand_0004711_jpg.rf.5371f23cd018d47bd09824f6dc3d7f05.jpg,1,1,1,1,1,1
Hand_0004712_jpg.rf.7bb18c3a9e2024a172aeb41418870fde.jpg,0,1,1,1,1,1
Hand_0004767_jpg.rf.ecd31cd0450d09488bd050279e458160.jpg,1,1,0,1,1,0
Hand_0001367_jpg.rf.f7ccd868dae143f51b26f71c824a7604.jpg,1,0,1,1,1,1
Hand_0000163_jpg.rf.0646a5b058bae6625079f090052641f9.jpg,0,0,0,1,1,1
Hand_0005771_jpg.rf.3c48d1e1e624fd2c1c9605ad58a108d4.jpg,1,0,1,1,1,0
Hand_0004712_jpg.rf.e803d20848d21fccc3c9f77a4248b71c.jpg,1,0,0,1,1,0
Hand_0000163_jpg.rf.9c3882e865141308404d7fdbe8c6268e.jpg,1,0,1,1,1,1
Hand_0004710_jpg.rf.1ac67bdc27a70ff95f8ca063d2694c85.jpg,1,1,1,1,0,1
Hand_0005759_jpg.rf.01c790b8402ef9c674f292f087203103.jpg,1,0,1,1,0,0
Hand_0000114_jpg.rf.38c6ccf579d98c3881867a0d6aa6b9f5.jpg,0,0,0,1,0,1
Hand_0005772_jpg.rf.0b182a417466f0aa323df2fe6321e4dc.jpg,0,0,0,1,1,1
FIMG_0391_JPG_jpg.rf.068b85efc1355b4dfc9582a02c78303d.jpg,1,1,0,0,1,1
Hand_0004709_jpg.rf.21546236b0b4006d905167f4ff130332.jpg,1,1,0,1,1,0
Hand_0004713_jpg.rf.bce3bdadcb9605a949fa97e9b4a5aa3c.jpg,0,1,1,1,1,1
Hand_0000148_jpg.rf.075daf4580049fc1034cc15c2d0dce23.jpg,1,0,0,1,0,0
Hand_0004708_jpg.rf.e60c6f57e3d5493b7ec30f6fe1f145a9.jpg,1,0,1,1,0,1
Hand_0000115_jpg.rf.5998d5583ef3651bf79e6f167cbf0c8d.jpg,1,0,0,1,1,0
Hand_0001455_jpg.rf.f7889e63f5eff73801abb8ddc67d4f98.jpg,1,1,1,1,1,1
Hand_0000143_jpg.rf.30fd2f437103d8dac8a60900ed69a927.jpg,1,0,1,0,1,1
Hand_0004712_jpg.rf.5863d82da4eed9a11e2e60a9e8f3d97b.jpg,0,1,0,1,1,0
FIMG_0391_JPG_jpg.rf.91b8196038d9c71aede8aa429798f734.jpg,1,1,1,0,0,1
Hand_0000114_jpg.rf.37ef2f6f9a2a42ad2abb0beb8d3bb92c.jpg,1,1,0,0,1,1
FIMG_0390_JPG_jpg.rf.6955da561b52f5dabc60cb6e149b316f.jpg,1,0,1,1,1,0
FIMG_0388_JPG_jpg.rf.020610f9e63c7c4f598e789e47c4cb8b.jpg,1,0,1,1,0,1
Hand_0001400_jpg.rf.a180eecd4147b0a5623d6ffe51e58673.jpg,1,0,1,1,1,1
FIMG_0392_JPG_jpg.rf.514003af1a0ce2189f0bf578d3ade828.jpg,1,1,1,1,0,0
FIMG_0385_JPG_jpg.rf.e6e2bfba42b86a4536506cb33dda6c4b.jpg,0,0,1,1,1,0
Hand_0000163_jpg.rf.33f07859a7e59847b0ebfcb6738bf49a.jpg,1,0,1,1,1,1
Hand_0005752_jpg.rf.2d90f73c05f0af022241fd5b7a97b2b1.jpg,1,1,1,1,1,1
Hand_0000116_jpg.rf.ee153bd1ca4a186fc81bbeafd938cf86.jpg,0,1,1,0,0,0
Hand_0001242_jpg.rf.4e22a1979d4cbca24d4cab93471e9a34.jpg,0,1,1,1,0,1
Hand_0000116_jpg.rf.ba1a515611b19a45a61e88ef48cd0b3d.jpg,1,0,0,1,1,1
Hand_0005750_jpg.rf.81d87985b8d0e1f5b38820c7d72fdc1b.jpg,1,1,1,1,1,0
FIMG_0390_JPG_jpg.rf.b89387c39d4b4c8bbdc1b07eb713abd6.jpg,1,1,1,0,1,1
Hand_0001242_jpg.rf.59dbef560516b74ff22c58e63743e770.jpg,1,1,1,1,0,1
Hand_0005751_jpg.rf.7a42778e4e0d70cdff7b2ed41c9129f8.jpg,1,1,1,0,0,0
FIMG_0388_JPG_jpg.rf.4ed5f55f4fb4f8828eb39815c4be518f.jpg,1,0,1,1,1,1
FIMG_0385_JPG_jpg.rf.82c658c06d9be8be12dd1785b81f4ab3.jpg,1,1,1,1,1,1
Hand_0005774_jpg.rf.6b1f7fdb4836df26eef183f454490ab3.jpg,1,0,0,1,1,1
Hand_0001237_jpg.rf.1a4cb67644a0364238d689080d7d9130.jpg,1,1,1,1,0,1
Hand_0005852_jpg.rf.b702207b7ef1de6f57c971fb07906a34.jpg,1,1,0,1,1,1
Hand_0000116_jpg.rf.5b422d82a3d74b836bdd554f1297761a.jpg,1,0,0,1,1,1
FIMG_0390_JPG_jpg.rf.cb4e2ed8a0eaca03a486c947c0493cb4.jpg,1,0,1,1,1,1
Hand_0000115_jpg.rf.8c10a775d96bd37066087bd3c42f0863.jpg,1,1,0,1,1,0
Hand_0001238_jpg.rf.31c2b6e633861fe1e2f28eae21e9755c.jpg,0,0,1,1,0,1
FIMG_0389_JPG_jpg.rf.556e6322495704ab2adc50c9080049b7.jpg,1,1,0,1,1,1
FIMG_0391_JPG_jpg.rf.da6209b90b5dc25e13861ce08bf7fefd.jpg,1,0,0,1,0,0
Hand_0005772_jpg.rf.b67a8e40ece8d015ddd6608d4a311d30.jpg,0,0,1,0,1,0
Hand_0001249_jpg.rf.7868db1b70193c50890ff95abc387c51.jpg,1,1,1,1,0,1
Hand_0005739_jpg.rf.e58369825ed5deac3280725a8a120507.jpg,1,1,1,1,1,1
Hand_0005851_jpg.rf.605a378c1ee6a3692320ca1c5d4ff25e.jpg,1,1,0,1,0,1
Hand_0005739_jpg.rf.b77043b27972c599f9938ed976b85940.jpg,0,1,1,1,1,1
Hand_0000114_jpg.rf.d1bbeb136a199406f3906d906bc83627.jpg,0,0,1,1,1,1
Hand_0005752_jpg.rf.cee76c69af3cd100d9edeec1487ce989.jpg,1,0,0,1,0,1
Hand_0005751_jpg.rf.cc73505452a741c7ea8230d33149af07.jpg,1,1,0,1,0,1
Hand_0001240_jpg.rf.87023472aff1e542e91808cbf2aa7487.jpg,1,0,1,1,1,1
Hand_0005750_jpg.rf.9c790ad166a358fa254f3e5682aa1131.jpg,1,0,1,1,1,0
Hand_0005739_jpg.rf.a36cd21f5aeb87fd8033209be4f0c4aa.jpg,1,1,0,0,1,1
Hand_0004644_jpg.rf.792d9517b082a02e7f175a1a1b98ad04.jpg,0,0,0,0,1,1
Hand_0005751_jpg.rf.fbfefa5853aed8a07952959ed74e65fd.jpg,0,1,0,1,1,0
Hand_0001329_jpg.rf.1e6c0afa04caad285a094ef5ff7987af.jpg,1,1,1,1,0,0
Hand_0001241_jpg.rf.efda30b8cd9b9cf10d28b81812c1af21.jpg,1,1,1,1,1,0
Hand_0001242_jpg.rf.8f961c3a31c9bfa720c0a5db7d1094d2.jpg,0,1,1,0,1,1
Hand_0001319_jpg.rf.664e99eba2464cd98e00022eaead4503.jpg,1,1,0,1,1,1
Hand_0001320_jpg.rf.b4a5b58acd5aea510b7679a9cbc2551a.jpg,1,1,1,0,1,1
Hand_0001321_jpg.rf.1b0b318b40a16aea65a577bfb1fa0eba.jpg,1,1,0,1,0,1
Hand_0001329_jpg.rf.97606f90890312f83e6e247a3b0a1cff.jpg,1,0,0,0,1,1
Hand_0004987_jpg.rf.9f97826877f437c1ab439780fb70fa3a.jpg,1,0,0,1,1,1
Hand_0001318_jpg.rf.e6f40fc471c3060173653b87b22b30a9.jpg,0,1,1,1,0,1
Hand_0001321_jpg.rf.5921043252b07f963625f57706e91ba6.jpg,1,1,0,1,0,1
Hand_0001321_jpg.rf.3bfea56758117078ae15c1a16723d7b7.jpg,0,0,1,1,0,1
Hand_0001330_jpg.rf.3069dd9a75dfafc2c03fb4722255eca1.jpg,1,1,1,0,0,0
Hand_0005843_jpg.rf.918b761ad3519e5b285c1fff174b4fac.jpg,1,0,1,1,0,0
Hand_0004987_jpg.rf.1ab17721a60aa314a7bf30be7b33db13.jpg,1,1,1,1,1,0
Hand_0004884_jpg.rf.a103e6bcf6f38a6b340d74750eda8d57.jpg,1,1,1,1,0,1
Hand_0004643_jpg.rf.3d9805d84d905ba896f08bfbe2b044f8.jpg,1,1,0,0,1,1
Hand_0004643_jpg.rf.57b846614a59ed43568b7f6ce78bf241.jpg,1,0,1,1,1,1
Hand_0001328_jpg.rf.614dc66ec02067a3e4c1c329675d56a3.jpg,1,0,1,0,0,0
Hand_0004819_jpg.rf.fee788c0bc99dfb1de5d6a96829148ca.jpg,0,1,0,0,0,1
Hand_0001327_jpg.rf.985b88c4580d08f38403556ef3fa1337.jpg,0,0,1,0,1,0
Hand_0001320_jpg.rf.cbf236c6aea9855ab9ad5a2b226ee477.jpg,0,0,1,0,1,1
Hand_0001327_jpg.rf.95e1690d0baf2319d9fe01d65e45bcec.jpg,1,0,1,0,1,0
Hand_0001329_jpg.rf.8c599b48032ddf952a9cb2d1af369bc0.jpg,1,1,1,1,0,0
Hand_0001331_jpg.rf.d322b01a6d81bff58d62caa1e31807ec.jpg,1,1,1,1,1,0
Hand_0001330_jpg.rf.7ba18b52eb217a2d8528ef6d21b87e02.jpg,0,1,1,0,1,1
Hand_0002888_jpg.rf.50bef0a91da6e39f1b0a99e2fc4eb802.jpg,1,0,1,1,0,1
Hand_0004815_jpg.rf.0cedff0b815193a634b427982405d46c.jpg,1,1,1,1,0,1
Hand_0004813_jpg.rf.0bec3d61d68aed0770cd41bd3e024887.jpg,0,0,0,1,1,1
Hand_0001331_jpg.rf.6d3389596872ae5eb19f1b87e2a8896e.jpg,1,0,0,1,0,1
Hand_0001327_jpg.rf.d5c082cbb3fbfb282ad2102c90914e4b.jpg,1,1,0,0,0,1
Hand_0005843_jpg.rf.0893ece1a31a4bab80ae8d0fa0820e14.jpg,1,1,1,0,1,0
Hand_0001318_jpg.rf.b5050d04fae582ceb3425e72de730e44.jpg,0,1,0,0,0,1
Hand_0004812_jpg.rf.138ce8b41cd583cfdaf530b90ca84091.jpg,1,0,0,0,1,1
Hand_0001328_jpg.rf.20c4c5da2870388c7a95431d3bc17715.jpg,0,1,1,1,0,1
Hand_0001507_jpg.rf.379632b8737493b5f8c593e9eaba3fe5.jpg,0,0,0,1,1,1
Hand_0004814_jpg.rf.3082ee315e7f0aaf1a92ddf268f04395.jpg,1,1,1,1,0,1
Hand_0001506_jpg.rf.430e28ac9ba5b22f6e2030b372d1585e.jpg,1,1,1,1,1,0
Hand_0004811_jpg.rf.2127af210a47d528cc262fefaae31f92.jpg,0,1,1,1,1,0
Hand_0005771_jpg.rf.93a594800dd36cfc25cc06271e0bc5b3.jpg,1,1,1,0,1,0
Hand_0004812_jpg.rf.8d596427fbf05841bbe155eccea6df83.jpg,1,1,0,1,0,0
Hand_0004812_jpg.rf.38f7549b33fe9e1fff543ed6f65d93d9.jpg,0,0,1,0,1,0
Hand_0004811_jpg.rf.a369d18afd0cd436a6541eb5c26a9db6.jpg,1,0,0,1,1,0
Hand_0004817_jpg.rf.e26f3866eb71fdfa393a0eb71d067187.jpg,1,0,0,1,1,1
Hand_0004815_jpg.rf.deca244d20a453b5d757717f5b0d3dda.jpg,0,0,1,1,0,0
Hand_0002889_jpg.rf.0a743b77189a240381c64ecca82e2517.jpg,0,1,0,0,0,1
Hand_0005758_jpg.rf.4a729477d880986b0c7018059b87b833.jpg,1,1,0,1,1,1
Hand_0004814_jpg.rf.96cea547f32b674d257e8ee9bd8929e6.jpg,1,1,1,1,0,1
Hand_0000118_jpg.rf.2eb93cf9416efbceb4599ff538a5cd06.jpg,1,0,0,1,1,0
Hand_0002951_jpg.rf.4b9597a8d59a95eccfef8210c2261866.jpg,1,0,0,1,0,0
Hand_0002952_jpg.rf.793e06f312e2620999e6b3dee2f8881b.jpg,1,0,1,0,1,0
Hand_0004814_jpg.rf.92926cccc6b7f81e6ba6e4bf6e993cea.jpg,1,1,1,0,1,0
FIMG_0400_JPG_jpg.rf.6a465901b913b487d2461e016146ca74.jpg,1,0,0,1,1,0
Hand_0000118_jpg.rf.6d75ae0609bb2f175f6a2bfa1a3a7f05.jpg,1,0,0,1,0,0
Hand_0000118_jpg.rf.371c23743b67827bbbd2eaca8340ff45.jpg,1,0,0,1,0,1
Hand_0004813_jpg.rf.526fcd635dff2a989517e88e4ea6a997.jpg,1,1,1,0,0,1
Hand_0000117_jpg.rf.49388575ed18720be0478e1cb04f0bda.jpg,1,1,1,1,0,1
FIMG_0394_JPG_jpg.rf.56a19f506d4ab99719c08ea113fc317d.jpg,1,0,1,1,0,0
Hand_0002951_jpg.rf.14b51686ae3efc7dfc9335eac39be0bc.jpg,1,1,1,1,1,1
FIMG_0394_JPG_jpg.rf.8ece2904d0909ca268022c5d52f0915d.jpg,1,0,1,1,1,0
Hand_0000124_jpg.rf.6d7c5ec475bc8ef8633d8cda0ce77ee2.jpg,1,0,0,1,0,1
Hand_0004813_jpg.rf.7af7fea6e137d0312cbc51f825a21795.jpg,1,1,1,0,1,1
FIMG_0396_JPG_jpg.rf.079802a966022a9ce0dea9bbd21522ae.jpg,1,1,1,1,1,1
FIMG_0396_JPG_jpg.rf.8c775c94a8d3fbc1c0e9c1ee36eb284d.jpg,1,0,0,1,0,0
Hand_0004811_jpg.rf.e0e6a1742d9333a175a5500e52f80750.jpg,1,0,1,0,1,1
Hand_0005757_jpg.rf.bbcbbc032a77260d45b4cc4a5906c511.jpg,1,1,1,1,1,1
Hand_0004817_jpg.rf.6b3aec6888bc73745166915b2813fae8.jpg,0,1,1,1,1,1
FIMG_0392_JPG_jpg.rf.14a9eea0b40a039daac53c51f4aba090.jpg,1,1,1,1,1,1
Hand_0005758_jpg.rf.fce3e9a7261c6580874459e40d874454.jpg,1,1,0,1,1,0
FIMG_0396_JPG_jpg.rf.0bd4cc2b4e3fd23271932e6bca50a9b9.jpg,1,1,1,1,1,1
FIMG_0393_JPG_jpg.rf.3d95731a815ef2c4bba5e424c11b5581.jpg,0,1,1,0,0,0
Hand_0005772_jpg.rf.802b2c9323c559655563bb18469b3f6f.jpg,1,0,1,1,1,0
FIMG_0393_JPG_jpg.rf.c11b9a7401c42676fec2fa454da01456.jpg,0,1,1,1,1,1
Hand_0000117_jpg.rf.e9ab2f75bc8c265829671fb96cec9af0.jpg,1,1,1,1,1,0
Hand_0001429_jpg.rf.277b7920bafcea866a34a8d0cc516c0b.jpg,1,1,0,1,1,1
Hand_0000115_jpg.rf.9d4f90732b05380d9b354747538c4d61.jpg,0,1,1,1,0,0
Hand_0001428_jpg.rf.279cb01a42746a87871a6a7c7fb4dee6.jpg,1,1,0,1,0,0
FIMG_0393_JPG_jpg.rf.b8ae88dad0823d701689fb3cde5dda78.jpg,0,0,1,1,0,0
Hand_0001469_jpg.rf.4cca6ce66861ff52fa4a728a3ca83659.jpg,1,1,0,1,0,1
Hand_0001449_jpg.rf.3cf0f221340b82474b087894a61c4249.jpg,1,1,1,1,1,1
Hand_0001449_jpg.rf.454ee34b58cb7e6bea86b2c61d5bf9b7.jpg,1,1,1,1,0,0
Hand_0001429_jpg.rf.71291b8e9cc62813133cec32b22f3461.jpg,1,1,0,1,0,0
Hand_0001449_jpg.rf.2c9c810b7838370a4531cd55602526ab.jpg,0,1,1,1,0,1
Hand_0001456_jpg.rf.7fbfef2151a3ab6cee70753cf2c654d5.jpg,0,0,1,1,0,0
Hand_0001456_jpg.rf.935eb709afd1c37cc6dc802146d2146c.jpg,1,1,1,1,0,1
Hand_0000117_jpg.rf.c50c619242aa3a4d29fb7dda97bc837c.jpg,0,1,1,0,0,0
Hand_0001430_jpg.rf.a168aec14f4a189a05edd8c0ed5a44f1.jpg,0,0,1,1,0,1
Hand_0001429_jpg.rf.558cc328adece9147f04e3f0fc75580b.jpg,1,1,0,1,1,1
Hand_0001428_jpg.rf.1ff56ba159a0e7d87fba33ae2666a120.jpg,1,1,1,0,1,1
Hand_0001430_jpg.rf.70fa5ac285fa1fa34e9c380ba5430381.jpg,1,1,1,1,1,0
Hand_0001456_jpg.rf.d98504cbe116eedd6afa256d50bc63a1.jpg,1,1,1,1,0,1
Hand_0001469_jpg.rf.ad1d9af4ee9272a533779f53ae68855a.jpg,0,0,1,1,1,1
Hand_0001469_jpg.rf.4c0c9b1723314b23687c3ab568f22736.jpg,0,1,0,1,1,1
Hand_0001432_jpg.rf.95d88585e7aa1c2ba51bbfe3e2afccd3.jpg,1,1,1,1,1,0
Hand_0001455_jpg.rf.f4f87be318fd8d261cb7e5191c3d212b.jpg,1,1,0,1,1,1
Hand_0005848_jpg.rf.0b05ee3d331d29676c0b6b74807739a5.jpg,1,1,1,1,1,1
Hand_0005849_jpg.rf.11159d34fca020d04a1209ced616f6aa.jpg,1,1,1,1,1,0
Hand_0005844_jpg.rf.004966c8e7c62d6933451559d802133a.jpg,0,1,1,1,1,0
Hand_0001433_jpg.rf.a1267688cce6703e2f5f792ea1dc5d03.jpg,0,1,1,1,1,1
FIMG_0399_JPG_jpg.rf.f9d8de6ec78eb74fe066ed9a3f7a82a8.jpg,1,1,0,0,0,1
Hand_0005850_jpg.rf.508272f7151db8ea64bdbbd8c1aea9fd.jpg,1,1,1,0,1,1
FIMG_0399_JPG_jpg.rf.df4d12e4692338726b8ed89b43ba37c1.jpg,0,0,0,1,1,1
Hand_0005851_jpg.rf.5b8b00d68d44733bbc84ceac88dd4bbb.jpg,1,1,1,1,0,0
Hand_0005847_jpg.rf.3ff953bcde04a72ca35efeedab70d6c2.jpg,1,0,0,1,0,1
Hand_0005847_jpg.rf.8d7a849a7e7130445d7879724198e45c.jpg,1,0,0,1,1,1
Hand_0005752_jpg.rf.77784d9b39f7074a558fe48ec3c55564.jpg,1,1,1,1,1,1
Hand_0005849_jpg.rf.629d4533656982f6571d98c8531dd81b.jpg,1,0,1,1,0,1
Hand_0005847_jpg.rf.37c7f7268c0d8c9c470ef30f2c44f3f5.jpg,1,0,0,1,0,0
Hand_0005849_jpg.rf.a5d74ad5b7b6febf769caa4e6b8c5027.jpg,1,1,0,1,1,1
Hand_0001453_jpg.rf.aa7969fa2a95b23aa52f866c5209f7f5.jpg,1,1,1,1,0,0
Hand_0005850_jpg.rf.b25df219eada917fbb029203a663a1d4.jpg,1,1,0,0,1,0
Hand_0005846_jpg.rf.df1f7174472565941c5522d10e8f6cb8.jpg,1,0,1,1,0,0
Hand_0005850_jpg.rf.fd9a0b13d71875cde4c3a491fcf3640c.jpg,1,1,0,1,0,1
Hand_0005846_jpg.rf.9069ac3158eded62f655ba4fb235c6c3.jpg,1,0,0,1,0,1
Hand_0005008_jpg.rf.234ff1f2212c7a5d851d7ac34831a56c.jpg,1,1,0,1,0,1
Hand_0004953_jpg.rf.63a9b5047def3ef27b17e3f69b889383.jpg,1,0,1,0,0,1
Hand_0005846_jpg.rf.abd9a11a9ae3006c531b77c6d46c81fc.jpg,1,1,0,1,0,1
Hand_0005851_jpg.rf.635d6659cc3de24f1203e563bc818faa.jpg,1,1,1,0,1,1
Hand_0004982_jpg.rf.bd50482c735c6f87c13455380e554b69.jpg,1,1,1,1,1,1
Hand_0005750_jpg.rf.8f1f3e4283cb347b462f7af48193e4b7.jpg,1,1,0,1,1,0
Hand_0004982_jpg.rf.bdf4da1bea59b1e7e5e777c0ca635d77.jpg,1,1,0,1,1,1
Hand_0004983_jpg.rf.fd022fb6bdd29c952c1f1bbb54e7e68c.jpg,1,1,0,0,1,1
Hand_0005008_jpg.rf.4750f1b89d0a37632b1d92a41443ca53.jpg,1,0,1,1,0,0
Hand_0005775_jpg.rf.33b531a277c774b207ac9f112a161ab0.jpg,1,0,0,1,1,1
Hand_0004953_jpg.rf.1b733ede2f5a7464000b41a634a086e2.jpg,0,1,0,1,1,1
Hand_0004982_jpg.rf.06e8e8c7b84e33093647688af57af2b5.jpg,1,1,1,0,1,1
Hand_0004983_jpg.rf.b5ed3c357f06aa60a21cde191a50dd20.jpg,0,1,1,1,1,0
Hand_0005848_jpg.rf.ab6a5a26cf498fb30077f9bc5888a0fd.jpg,1,1,1,1,0,1
Hand_0005777_jpg.rf.6bba36717a3cc3ba2a37ef80bfad6c76.jpg,0,0,1,0,0,0
Hand_0005015_jpg.rf.9bba877e57a89a62e8b283f0f7da87ff.jpg,1,1,1,1,0,0
Hand_0005002_jpg.rf.8c178771dc51e24264431eeab385c666.jpg,0,1,0,1,1,1
Hand_0001621_jpg.rf.51bf5e6e3c8eb1f65f9c389011ea73c2.jpg,0,1,1,1,1,1
Hand_0004983_jpg.rf.a628b4d86d1ce78abfac8d6b8735488b.jpg,0,1,0,1,1,0
Hand_0005008_jpg.rf.47dd85a44fc2a92c9813bae30fbd2fc1.jpg,1,1,0,1,0,0
Hand_0005781_jpg.rf.34ca3119cf1a2e05a289cbe2a6b07c26.jpg,1,0,1,1,0,0
Hand_0005015_jpg.rf.a915002b0008d9b08a97111eaf34f0c6.jpg,1,1,1,1,0,1
Hand_0005002_jpg.rf.98aacc47ff0838fca063c2727789d436.jpg,1,0,1,0,1,1
Hand_0001332_jpg.rf.d95cdd3d86be507d50d4482fb642bba5.jpg,1,0,0,0,1,0
Hand_0001328_jpg.rf.4fbef94462b8b4c677f19b2903f87441.jpg,1,1,0,1,0,0
Hand_0005777_jpg.rf.e1f9ee204428b2649f03c06fcfd6919c.jpg,0,1,1,1,1,0
Hand_0004952_jpg.rf.8deff629627e32789167d7e70d33a4f0.jpg,1,1,1,1,1,1
Hand_0001332_jpg.rf.da6f9a9f9338506f231c05532362ca47.jpg,1,0,0,0,1,1
Hand_0005777_jpg.rf.4c55a3477b722c8e392745d9472a7454.jpg,1,0,1,1,1,0
Hand_0004884_jpg.rf.0ac7dc2e7de404414a7aa7ad5d49e268.jpg,0,1,0,0,0,1
Hand_0001331_jpg.rf.f63f24c52987b7963a485934e5053023.jpg,1,1,1,0,1,1
Hand_0005775_jpg.rf.3910fb5734109dbbaee2088a9edc549c.jpg,1,0,1,0,1,1
Hand_0001340_jpg.rf.d4896f6dcb55a182d4ff802f44295fa3.jpg,0,0,0,1,1,0
Hand_0005015_jpg.rf.8c1fa78a5a130ca9f31d1b616b1afe55.jpg,0,1,1,0,0,0
Hand_0001332_jpg.rf.fd043998fc42ffe8068bccc49f813120.jpg,0,1,1,1,1,1
Hand_0004942_jpg.rf.55d97d6b74f98b97d4ad6f06481b29bb.jpg,0,1,0,1,0,1
Hand_0005797_jpg.rf.6e502da2cabc68e1c47e8a84c17bdd37.jpg,1,1,0,0,1,0
Hand_0005002_jpg.rf.7cc3f386d2518c5f5dfbb613463f34eb.jpg,0,0,1,1,1,0
Hand_0001340_jpg.rf.9f3e3f6ef771f62f4afc7bd92b62cb42.jpg,1,1,1,0,1,1
Hand_0001330_jpg.rf.a6244014bceb9d71404c855b52d557f4.jpg,0,1,0,1,1,1
Hand_0005781_jpg.rf.13699317f8692880a44da015fa8cbad4.jpg,0,0,0,1,1,1
Hand_0001636_jpg.rf.8196694d668ec0d5882a116d156b889d.jpg,1,0,0,0,1,1
Hand_0005781_jpg.rf.9208ea038db616166681ae5d9577af6e.jpg,1,1,1,1,0,1
Hand_0004925_jpg.rf.26a945529782067057ad8647c84567b7.jpg,1,1,0,1,1,0
Hand_0004942_jpg.rf.c0cbdd603667c0593e8dc0531c802b58.jpg,0,1,0,1,1,1
Hand_0004987_jpg.rf.dfd7d07f9b91ece474b204e3a2b3eb65.jpg,1,1,1,1,1,1
Hand_0004923_jpg.rf.42d481e79697f5522aadc89a2d8ced99.jpg,1,0,1,1,1,0
Hand_0004937_jpg.rf.611ed347a60453174248131f390da90f.jpg,0,1,1,1,1,0
Hand_0004935_jpg.rf.cf21d36954dc774e3318d26c47757fcf.jpg,1,1,1,1,1,0
Hand_0004925_jpg.rf.544963bb7ff67dd30c5de327a0bbe542.jpg,1,0,1,1,0,1
Hand_0004923_jpg.rf.5be12955dafebd91fc352941604b0919.jpg,1,0,0,0,0,0
Hand_0004935_jpg.rf.f5882437e8ab33d94dbd1279ce058265.jpg,0,1,0,1,1,0
Hand_0001583_jpg.rf.f9f19c99d52615de68489e649e1c3def.jpg,1,1,0,1,1,1
Hand_0004937_jpg.rf.fcc2aaf0a2be3cc2ce87394788eb35aa.jpg,1,1,1,1,0,1
Hand_0004947_jpg.rf.073846b0170954a78b91f064f6a9d56e.jpg,1,1,1,1,0,1
Hand_0004923_jpg.rf.eed60703db12b46ed16f3c16d7c5e6a4.jpg,1,1,1,1,1,1
Hand_0005775_jpg.rf.beba72cb69502f4a0e81b1226c5f8868.jpg,1,1,1,1,1,1
Hand_0004937_jpg.rf.780365ac7f930323a2d15489fd4dcb73.jpg,1,0,1,1,1,1
Hand_0002985_jpg.rf.408931cbe7c94ce49a1969cc36e3d250.jpg,1,1,1,0,1,1
Hand_0004821_jpg.rf.2b39fd731e32399d072020360de35638.jpg,1,0,1,0,0,1
Hand_0004881_jpg.rf.122625a8d6d071785d3c2541943f8550.jpg,1,1,0,1,0,1
Hand_0004823_jpg.rf.7ae5aec42c999244ab90d8207a2be0b1.jpg,1,0,1,1,1,1
Hand_0004935_jpg.rf.8063087c54d241ae7dfbcc5786beb7b2.jpg,1,1,0,1,0,0
Hand_0004822_jpg.rf.af8b8ba1e22d83f870bba31f0385c34c.jpg,1,0,1,1,0,1
Hand_0004925_jpg.rf.9a42a50afe229b1c50674a732caee7dd.jpg,1,0,1,1,1,0
Hand_0004858_jpg.rf.bc236537cf4321af22095dfbe49a5808.jpg,1,0,1,1,0,0
Hand_0004819_jpg.rf.400450cc690c39c61003477e1916fb7e.jpg,1,0,0,0,0,1
Hand_0004815_jpg.rf.34ba4ef0452f3dfa1981a6a0cbd6046d.jpg,0,1,1,1,0,0
Hand_0001506_jpg.rf.536e5aadc00d50cf182222d4b7accf4e.jpg,1,1,0,0,0,1
Hand_0004822_jpg.rf.0fa46c7913ce91f90cb594d18352d3ba.jpg,1,1,1,1,0,0
Hand_0004942_jpg.rf.393f907a1977773907581107e159f643.jpg,1,0,1,1,1,1
Hand_0004947_jpg.rf.bda18d6b35c82a3f9b9fd655b18c315f.jpg,1,1,1,1,0,1
Hand_0004822_jpg.rf.dcd73e09978a0734ebc21ff9d73c0688.jpg,0,0,0,1,1,1
Hand_0001507_jpg.rf.8a8bef9a3ac88281de6c8d8220f6027d.jpg,0,0,1,1,1,0
Hand_0004881_jpg.rf.2a10cc23fab8b0c05f21b3899413ddb4.jpg,1,0,0,1,0,1
Hand_0004883_jpg.rf.63042717e9a0bb4c13c8cb5116c60169.jpg,1,1,0,1,0,1
Hand_0001507_jpg.rf.4dfdae078d7ac13a2a9aedd2aed8cd13.jpg,1,0,1,1,1,1
Hand_0004821_jpg.rf.b93343f4619ae6226d7a464febf23bcf.jpg,0,0,1,1,0,1
Hand_0001495_jpg.rf.02c9f40a61f4844db7105ee233482f50.jpg,0,1,0,1,1,0
Hand_0004823_jpg.rf.b80cd713bfd0bb2a394239c6a3f6eb3d.jpg,1,0,1,1,1,0
Hand_0000269_jpg.rf.ab46af7eef4a441b92c163f8debf92cf.jpg,1,1,1,1,0,1
Hand_0001491_jpg.rf.ba539146c88373f801d50b2c0ddfe577.jpg,1,0,0,1,0,1
Hand_0004819_jpg.rf.df1c450cf496bda4e737d793a58138c8.jpg,1,1,1,1,0,1
Hand_0001495_jpg.rf.93a16091ecb222aa8c144c44670777be.jpg,1,0,1,1,1,0
Hand_0001504_jpg.rf.b554835a6cb1f368ef7850fa60554475.jpg,0,0,1,1,0,1
Hand_0001495_jpg.rf.65718d8ff43c814aa75a5d596151a68e.jpg,1,0,1,1,1,1
Hand_0004823_jpg.rf.546272334b9ba2dfce129c2089e229ce.jpg,1,0,1,1,1,0
Hand_0001491_jpg.rf.c0a2d13a7cf90305a82a51084b8521ba.jpg,1,1,1,0,0,0
Hand_0004858_jpg.rf.3c5ed5ba05a62f94975b06bedc16b41a.jpg,1,1,1,1,0,0
Hand_0001475_jpg.rf.ca091591317458227363d7e6a71102e4.jpg,1,1,0,0,1,1
Hand_0004817_jpg.rf.e9095f5d247b6ddbb020dac5e8bf0db3.jpg,1,1,1,1,0,0
Hand_0001504_jpg.rf.ecda65f7b7001676db4319dd83328e94.jpg,1,1,1,1,0,1
Hand_0001475_jpg.rf.fcc02e33d7a27cbae698b947f4f66827.jpg,1,1,1,0,0,0
Hand_0001491_jpg.rf.be93e165821c744ae3549891fb749c18.jpg,1,1,1,0,1,1
Hand_0001505_jpg.rf.d857d5b917fe18aeb9fd15c5f912505f.jpg,1,1,0,0,1,1
Hand_0004858_jpg.rf.9b7b72dcb9ad700a7687cf116f372d3e.jpg,1,1,1,1,0,0
Hand_0004821_jpg.rf.c66068020ef60d59a13e5a162d45bfd2.jpg,0,1,0,1,1,0
Hand_0001504_jpg.rf.ebd212ee2f7aa95149b4be414d589698.jpg,1,0,0,1,0,1
Hand_0002986_jpg.rf.9db5f5ac33824043c7a499477e7a3384.jpg,1,0,0,1,1,0
Hand_0002889_jpg.rf.259f3ffdff6368b9eedb7c6157bf33f7.jpg,0,1,1,1,0,1
Hand_0002855_jpg.rf.198cdf1c86177a09cd323ea21a6d55c6.jpg,1,1,0,1,0,0
Hand_0000270_jpg.rf.740460acc991fadf8ad8bed28979bd26.jpg,1,1,0,1,1,0
Hand_0002857_jpg.rf.20badf054c3bdeb23809629e28b266e9.jpg,1,1,1,1,0,0
Hand_0002888_jpg.rf.30da6846748d3f59e1c405dbf522e208.jpg,0,1,0,1,1,0
Hand_0002887_jpg.rf.3517078db75ddd329939d00c18da5ea5.jpg,0,1,1,1,0,1
Hand_0002857_jpg.rf.385e50a98748c943d1e9bbaf03e10167.jpg,0,0,1,1,1,1
Hand_0002887_jpg.rf.25baa65966dd3773d4663768a2a452e2.jpg,1,1,1,1,1,0
Hand_0000254_jpg.rf.6d2614c8e642dc7bab6d3fe70d11038f.jpg,1,1,1,1,0,1
Hand_0002856_jpg.rf.4acbe9bf2c85d210c143aa28b3ed707e.jpg,1,0,1,1,1,1
Hand_0002855_jpg.rf.06164c74f963b637d3f79697c3c337f1.jpg,1,1,1,1,0,0
Hand_0002856_jpg.rf.65f5d5ac6f4520c2d0269cc50763c853.jpg,1,1,1,1,1,0
Hand_0000213_jpg.rf.3d6a64c42691e772d7a2b9a9f9eaf15f.jpg,1,0,1,0,0,1
Hand_0002857_jpg.rf.76a1d6e258b12862dac120e81cb28b04.jpg,1,1,0,1,1,1
Hand_0002889_jpg.rf.43c36ffe1e942b7ce17b0f4487201647.jpg,1,1,0,1,1,1
Hand_0002890_jpg.rf.f5e4578de96c8bfffa93b8c02d98e506.jpg,1,1,1,1,1,0
Hand_0002896_jpg.rf.f7cfe27fde141be2d97f39bd2ed873cc.jpg,0,1,1,1,1,1
Hand_0002951_jpg.rf.0cb001710c5b3df9eeb2b9f0b95a7d9b.jpg,1,1,1,0,0,1
Hand_0002949_jpg.rf.0fdc1a1097b899f56d21225071d31d33.jpg,0,0,0,1,0,1
Hand_0002890_jpg.rf.f040e29b6f814bd9c3235520585a21c6.jpg,0,1,1,1,0,0
Hand_0002856_jpg.rf.877990f1e7e45d149e9d42aebf6b5a4d.jpg,1,1,0,1,1,0
Hand_0002948_jpg.rf.455f2c6649972ad14befd7173391d130.jpg,1,1,0,1,0,1
Hand_0002947_jpg.rf.4acfe720e56f59f555674c02e992bedc.jpg,0,0,1,0,1,1
Hand_0002950_jpg.rf.478d1a9da3e346759f2213fc3a2d0b4d.jpg,1,0,1,1,0,0
Hand_0002948_jpg.rf.4b043a550df39351e57de7050a081e6c.jpg,0,1,1,1,1,0
Hand_0002950_jpg.rf.571874e0322ae353a8f120e99fb3c964.jpg,1,1,0,1,0,1
Hand_0002952_jpg.rf.6dc6591c029e6772057a825661aa83d4.jpg,0,1,0,1,0,1
Hand_0002953_jpg.rf.96627b15e304e6f609789e48b9a46f50.jpg,0,1,0,1,0,0
Hand_0000186_jpg.rf.8ddfa18882afd2afa25d86b8773ee0c9.jpg,0,1,0,1,1,1
Hand_0002890_jpg.rf.077c90710777b468b0d65dde4616ba29.jpg,1,0,1,1,0,0
Hand_0002949_jpg.rf.9473c1a95eff05c853ad65aa9a792c08.jpg,1,0,1,1,1,1
Hand_0002952_jpg.rf.adfc29c57e41a5a49cb78e7b36a2dc53.jpg,1,0,1,1,0,0
Hand_0005821_jpg.rf.15000958023ec3d7b990a69f32ed4fae.jpg,0,1,0,1,0,0
Hand_0002947_jpg.rf.d4e553940cbf0600e1692b675c60492e.jpg,1,0,0,1,1,1
Hand_0002948_jpg.rf.b8e0e4c0d65c87e7eafb7cc9f27e3844.jpg,1,1,0,0,1,1
Hand_0005809_jpg.rf.609d7a9684630fb1858b00bc0b294950.jpg,1,1,1,1,1,0
Hand_0001581_jpg.rf.6867865b8ab4d22fc8ce65fe673680b9.jpg,1,0,0,0,0,0
Hand_0002953_jpg.rf.2697418f9261bf52fd7847cb15b97032.jpg,0,0,0,1,0,1
Hand_0002947_jpg.rf.85bc8d5733f9147494325802f624093e.jpg,1,0,1,1,1,1
Hand_0000184_jpg.rf.1d2f9371a328984191efe929f19d9a89.jpg,1,1,0,1,1,0
Hand_0005811_jpg.rf.867adce08695346fdf785e0692dca62b.jpg,1,1,1,1,1,1
Hand_0002953_jpg.rf.b10916c5ee092f740ebe9be6758f0a4e.jpg,1,1,1,1,0,0
Hand_0005809_jpg.rf.f1f4bd31863e0b0170c688760fee7b80.jpg,1,1,0,1,1,0
Hand_0005810_jpg.rf.f57a4501d4dd6a6eced66887ecdd3481.jpg,1,1,1,1,0,0
Hand_0005810_jpg.rf.378926a83c986e5e365f35a2f7348986.jpg,0,1,1,0,0,1
Hand_0004953_jpg.rf.0898167c7b0054883c4fdeefb5b4ef5a.jpg,1,1,0,0,1,1
Hand_0005024_jpg.rf.06d60d0f78a03cfc3785887f08b1e7da.jpg,0,1,0,0,1,1
Hand_0002921_jpg.rf.c22e0dfe55ceb344a396c9aadf792da0.jpg,0,1,1,1,1,1
Hand_0005811_jpg.rf.e714d7b6c78e3347cc51249fa4e338a7.jpg,0,1,0,1,1,0
Hand_0005024_jpg.rf.328b16429ad4d451cfc72606ff89906e.jpg,1,1,1,1,1,0
Hand_0005848_jpg.rf.043c328fe3ac49f7c06e4561a2cc8210.jpg,1,1,1,1,0,1
Hand_0004952_jpg.rf.2ee4541c99d567eb36dd91936103aa69.jpg,1,1,1,0,1,1
Hand_0004883_jpg.rf.5aacf6b077a81449210ee9eb58733095.jpg,1,1,0,1,0,1
Hand_0002855_jpg.rf.99e7f2e0120d253aea80ef98d61e0a07.jpg,0,0,0,0,1,1
Hand_0002854_jpg.rf.728c7ab04598c016946529b1ede5356a.jpg,1,1,0,1,0,1
Hand_0002854_jpg.rf.567ee60c883d21a8e4d46c41c9f409e9.jpg,0,1,0,0,1,1
Hand_0002918_jpg.rf.e5235b9aaed9ac14f380e9ab6c80035b.jpg,1,0,0,0,0,0
Hand_0005032_jpg.rf.f679b440d8bd7b66cba9ee97b0d7ce92.jpg,1,1,0,0,1,0
Hand_0002842_jpg.rf.0551dc2f6709db2015745a93d47892e3.jpg,1,1,0,1,0,0
Hand_0004884_jpg.rf.2ba656c93eaf24264067a26e34bf4992.jpg,0,0,0,1,1,1
FIMG_0400_JPG_jpg.rf.10da72bf7fb2c9fa2af2309cf013ffa2.jpg,1,1,0,1,1,0
Hand_0002843_jpg.rf.970f722c6e1f72a6e91974c5b011fd4f.jpg,0,1,1,1,1,0
Hand_0005811_jpg.rf.bb3ce7b68f18f37284274a7e0fc5c612.jpg,1,0,1,1,1,0
Hand_0002843_jpg.rf.9978bbbbe1d858d1216add73ff058e88.jpg,1,1,0,1,1,0
Hand_0000055_jpg.rf.164d5b85c172663d992bf64bc8ecdd26.jpg,0,1,1,0,1,0
Hand_0002854_jpg.rf.116ccb44452e0b4299f56feac165db3e.jpg,1,1,1,1,0,1
Hand_0004952_jpg.rf.c6526cb645d00ed8d66a99eba541079a.jpg,1,0,0,1,1,0
Hand_0000086_jpg.rf.302f573151f52a02a54f2a1af595c7fa.jpg,0,1,1,0,1,0
Hand_0000177_jpg.rf.0341ae31a37492ffd0bd3337d093afbd.jpg,1,1,1,1,1,1
Hand_0000176_jpg.rf.32bf1201a2061d046ba0d508be5e1b2e.jpg,1,1,1,1,1,1
Hand_0001434_jpg.rf.3ca867f368343c67613d5711fd46b530.jpg,0,0,0,0,0,1
Hand_0005032_jpg.rf.15d0683e9f8503b7350359df911fae9d.jpg,1,1,1,1,0,0
Hand_0005803_jpg.rf.29e7666dd6914ae27fcae8735a56093c.jpg,1,1,0,1,0,1
Hand_0000085_jpg.rf.46517a8c547db778cbff17ffb8ca385d.jpg,0,1,1,1,0,0
FIMG_0394_JPG_jpg.rf.3d806a72f472ce319dedc3ef3873d708.jpg,0,1,1,1,1,1
Hand_0005804_jpg.rf.4e149cf722fcab3cfa29944b9bd3db28.jpg,1,1,1,0,1,1
Hand_0005810_jpg.rf.80f774c865e321cbd20602e7fe847387.jpg,0,1,1,1,1,0
Hand_0002842_jpg.rf.6790969e1a29b74365a9d23d82028860.jpg,1,1,0,1,1,1
Hand_0005024_jpg.rf.5f6a38e50c95914f6572b23af64c5c48.jpg,0,1,1,1,1,1
Hand_0000086_jpg.rf.2fb4a5aac8e191afa32c241fe30209d7.jpg,1,0,1,0,1,0
Hand_0000055_jpg.rf.7150a9fa7b506dc7b6dff6924bfb8917.jpg,1,0,1,1,1,0
Hand_0001432_jpg.rf.3a4f0a71c677a12af3025c4c8aace20e.jpg,1,0,1,1,1,1
Hand_0000087_jpg.rf.7bd60b187893fa37f9495e5aaf231d9b.jpg,1,1,0,1,0,1
Hand_0000113_jpg.rf.76dd0f0e184c13a74cb1f4a620b230dc.jpg,0,0,1,1,1,0
Hand_0000113_jpg.rf.87393951668d0895021c3eaab07b1b40.jpg,0,1,0,1,1,0
Hand_0005821_jpg.rf.64630506852c17b914fbb763476808ee.jpg,0,0,0,1,0,1
Hand_0000055_jpg.rf.971f00e5cad39aeb18cfd8fd3d67b49a.jpg,1,1,1,1,1,0
Hand_0005803_jpg.rf.9a90caea880e624944826fe8bbdbf004.jpg,1,1,0,1,1,0
Hand_0005804_jpg.rf.6e84c1800337f1ed58641476cc28e31a.jpg,0,1,1,1,0,1
Hand_0001433_jpg.rf.965806aac7d85d93048befd6a1e735bc.jpg,1,1,1,0,1,1
FIMG_0400_JPG_jpg.rf.8d3cbacefe3d7061c949cb59ec7fe8d2.jpg,1,0,1,1,1,1
Hand_0001428_jpg.rf.a299ab3094dc8753795fe64b1d997e42.jpg,1,1,1,1,1,0
Hand_0001559_jpg.rf.a77f916a322b35f07df99e7ac9e4190a.jpg,1,0,0,0,0,1
Hand_0000086_jpg.rf.b45ed3893f86326a544eb90156d47a77.jpg,0,1,1,1,0,1
Hand_0005802_jpg.rf.bc7465c4a42f916b83e2eb19c5633e4e.jpg,0,0,1,1,1,0
Hand_0001558_jpg.rf.b8b19a91cb7e325b47592f0b715a469e.jpg,0,1,1,1,1,0
Hand_0005798_jpg.rf.d111726e44e8a4bc1eba0a9060fa7d17.jpg,0,1,0,0,1,1
Hand_0001430_jpg.rf.a29318373a20fb4b21734c5046a61f56.jpg,0,0,1,1,1,0
Hand_0001433_jpg.rf.e10a7209e68c51ec47122140cd97a9ac.jpg,1,0,1,1,0,1
FIMG_0399_JPG_jpg.rf.654d40c878e8a3a1e789563257a31579.jpg,1,0,1,1,1,1
Hand_0000177_jpg.rf.f19a65c2c18486ad5b03a8cb66e41e3f.jpg,1,0,0,1,0,1
Hand_0005802_jpg.rf.ef97e587bd6cbdf1f80ec1c63fa837a8.jpg,0,1,1,0,1,1
Hand_0005798_jpg.rf.f9aebcea8fb0aa1e3a88d0fe2157fa07.jpg,1,0,0,0,1,1
Hand_0000085_jpg.rf.adc689915f372bf548b447069c5b4bbf.jpg,1,1,1,1,1,1
Hand_0002896_jpg.rf.5237d178b867b1de081482ff8eae1f63.jpg,1,0,1,1,0,0
Hand_0000087_jpg.rf.655e137b1ff3e8e906e72c9a8bf189a2.jpg,1,0,1,1,1,1
Hand_0001432_jpg.rf.d5d5d547c497178c8bdc938901268881.jpg,1,1,0,1,1,0
Hand_0002897_jpg.rf.1396ad06209b1658f6182ec2da2ea9b8.jpg,1,0,0,1,0,1
Hand_0002896_jpg.rf.5c7308c99daf6fb58160c0f70eda1f19.jpg,1,1,1,1,1,0
Hand_0002909_jpg.rf.6481139b2071741c46817b3959bdea30.jpg,1,0,1,1,0,1
FIMG_0392_JPG_jpg.rf.c43b3317ef74c9f726353348c1f65838.jpg,1,1,1,1,0,1
Hand_0005802_jpg.rf.975c8c2e4e53986d3ce232764ee27e4e.jpg,0,1,1,1,0,1
Hand_0002897_jpg.rf.68bc6fecd54fcd881498efc52c034202.jpg,1,1,0,1,1,1
Hand_0002909_jpg.rf.18b3bc48168c29b6065bb6489f60af8d.jpg,0,1,1,1,1,1
Hand_0004984_jpg.rf.36dd2090c0048f5bae039564bde53527.jpg,1,1,0,1,1,0
Hand_0001434_jpg.rf.e2e7362f68f0c73da10c0f6384e1c5ff.jpg,0,0,1,0,0,1
Hand_0005798_jpg.rf.a83f63d94320590ed762fcc7b156223b.jpg,1,1,1,1,0,1
Hand_0004986_jpg.rf.8cd5f4493f716fae98a52c4da022f5ed.jpg,1,1,1,0,1,0
Hand_0004986_jpg.rf.602f941960db5c76bef2b26fbcc6411f.jpg,1,1,1,1,0,0
Hand_0004986_jpg.rf.d52202140aaf361c67b243752809685a.jpg,1,1,1,1,0,1
Hand_0004881_jpg.rf.3cb0ea116692d153d64b54fe8cdcf557.jpg,1,1,0,0,0,1
Hand_0004985_jpg.rf.cb9c5866b5618b7ccc93e6dc9223f21e.jpg,0,1,1,1,1,0
Hand_0002967_jpg.rf.4b339b6ae13b228d04798586e4ad01b2.jpg,1,0,1,1,1,0
Hand_0002910_jpg.rf.547b3b59a409e004785e84a42beed7fd.jpg,1,1,0,1,1,0
Hand_0004984_jpg.rf.b36dcd45ba0244c2b155ae189d3a15a3.jpg,1,0,1,1,0,0
Hand_0001582_jpg.rf.03d71280ac2363b69722418cd859bd00.jpg,0,1,0,0,1,1
Hand_0004984_jpg.rf.fe517406ced0e0a2a0738c0e84f601cc.jpg,1,1,1,0,0,0
Hand_0002967_jpg.rf.cddc8cbca8cf8c41da66f9f2ee93c9ba.jpg,0,1,1,0,1,1
Hand_0002986_jpg.rf.9d392bbaaa9da85979415811c1894f8a.jpg,1,0,0,1,0,1
Hand_0002967_jpg.rf.fcda3f1367fea1a03de1b488afd59549.jpg,1,0,0,1,1,0
Hand_0002910_jpg.rf.6a393969667da3e174863cb19a2550c1.jpg,0,1,1,1,1,1
Hand_0004985_jpg.rf.eac9ca6f6de7f404d9a7e95150c8b434.jpg,0,1,1,1,0,1
Hand_0002969_jpg.rf.198f94b553ce979e85e98c1ce85db2c2.jpg,0,1,1,1,0,1
Hand_0002966_jpg.rf.5bbaf719884aa132a6db7e971560d9a8.jpg,0,0,1,1,0,1
Hand_0002897_jpg.rf.a29db65e121916cd0d435d725d1b9d30.jpg,1,0,1,1,0,1
Hand_0004985_jpg.rf.996cc802345a9ed317c952d39e2c3b32.jpg,1,1,0,0,0,1
Hand_0002968_jpg.rf.86e0e60ccf295686b1ae78e70ddfe098.jpg,1,1,1,0,0,1
Hand_0002985_jpg.rf.462abfb410be25960669af351be887a2.jpg,1,1,0,0,0,1
Hand_0001582_jpg.rf.17302647ae0a5ca2693c297b25390f42.jpg,1,1,0,1,1,0
Hand_0002966_jpg.rf.2e20017d972a257f65dd7f9a508adf29.jpg,1,1,0,1,1,0
Hand_0001583_jpg.rf.a15b5afa5ba059c2eb06f1db05c67feb.jpg,1,1,1,1,0,0
Hand_0002968_jpg.rf.1683eb643a0056f16c2de873094371db.jpg,0,1,1,1,1,1
Hand_0004883_jpg.rf.13884ad0933861d68c191105da7d285e.jpg,0,1,1,0,0,1
Hand_0002968_jpg.rf.1635107582158c448c1bbd9b855cbb43.jpg,0,1,0,1,0,0
Hand_0002986_jpg.rf.6fea3c7bebd81d9c50adce5315fcac58.jpg,1,0,1,1,0,1
Hand_0002969_jpg.rf.7df11aa0611fc337495e2f93879f282f.jpg,1,1,0,1,1,1
Hand_0001619_jpg.rf.285b6ce3df8fcf4b24f2f4cf3378322f.jpg,1,0,1,0,1,0
Hand_0002082_jpg.rf.68726fc282f6c64c86a7792278d92378.jpg,1,0,0,1,1,0
Hand_0006248_jpg.rf.97fa7c2a02ee332eff7bc8254cb2e52b.jpg,1,1,1,0,1,1
Hand_0002651_jpg.rf.a44a0c789ce7cb79d8e22b36426c7df0.jpg,1,0,0,1,0,1
Hand_0003386_jpg.rf.bbf658b69ce2463f75ac9f84f623e023.jpg,0,1,1,0,1,1
Hand_0006252_jpg.rf.c7ed8748e6dbecbbccab43318e80e24e.jpg,0,0,1,1,0,0
Hand_0006251_jpg.rf.c326bdc1e83fe55e15fab2acb099467a.jpg,1,1,0,1,1,1
Hand_0003385_jpg.rf.e0f35f748dcf6ccbf8985133d225b77d.jpg,1,1,1,1,1,0
Hand_0003413_jpg.rf.b5a9266f99581b954b495f422a7fc30b.jpg,1,0,0,1,1,1
Hand_0003350_jpg.rf.0795fcb4ee8fbe9dd686bdb6c428d40a.jpg,1,1,0,1,0,1
Hand_0002052_jpg.rf.a8fb7106e39f55d025e7b4568fd84ddc.jpg,1,1,1,1,1,0
Hand_0003411_jpg.rf.faff80816492bd5517af2ef67c7fd586.jpg,0,1,1,1,0,1
Hand_0003411_jpg.rf.0def19eabbb124df5126fc1bd479dff0.jpg,0,1,0,1,1,1
Hand_0003386_jpg.rf.209152642299bbeb44ba332510112c27.jpg,1,1,1,0,1,1
Hand_0003412_jpg.rf.b120a0a3d0095de28e2f966fdbe3263e.jpg,1,1,1,0,0,1
Hand_0006249_jpg.rf.dfc039a2e404ce8067a8678d0834ba7d.jpg,1,1,1,1,1,0
Hand_0003386_jpg.rf.fec68fc96375b2c92fc4001fa2bcff97.jpg,1,1,1,0,1,1
Hand_0000668_jpg.rf.2f641a2b6f201e0153636512b3d1a4d7.jpg,1,0,1,1,1,0
Hand_0003326_jpg.rf.20a6648f8a480744cf0151e68eb3e6a7.jpg,1,1,0,1,0,1
Hand_0003325_jpg.rf.0c55c3981473624dd95ad4e9bac8ad79.jpg,0,1,0,0,0,1
Hand_0003327_jpg.rf.1dd5a6aaf320bb1cb4800781d79a390f.jpg,1,1,1,0,1,1
Hand_0003349_jpg.rf.3eee057679036fea5a0be663bc2e4239.jpg,1,1,1,1,1,0
Hand_0003349_jpg.rf.154bbccbc0686554d744fd7e0f96703b.jpg,1,1,0,1,0,0
Hand_0003323_jpg.rf.3866192ca0c4acea8c114f85c7261912.jpg,1,0,1,1,1,1
Hand_0002039_jpg.rf.0f65ef7d22d2863a35a36ccfa530bb8c.jpg,0,0,1,1,1,1
Hand_0003413_jpg.rf.f6ffd013df563442e9d566b659b0bdeb.jpg,0,1,1,1,1,0
Hand_0003410_jpg.rf.ba8b947da6842fe1ef6c3bcc5e4c2289.jpg,1,1,1,1,1,1
Hand_0006271_jpg.rf.97ec54cc7e1dcdb5cb9a1e19f355c8da.jpg,1,1,1,0,1,0
Hand_0003349_jpg.rf.384d6e219ea65f743a1e6500c09f9de0.jpg,0,0,1,0,0,1
Hand_0003325_jpg.rf.63aadf0e89d7f608730d6dead0ebd646.jpg,1,0,0,1,1,0
Hand_0003350_jpg.rf.55dd70e7daa188158e72ece09a01d0b3.jpg,1,1,1,1,0,1
Hand_0003326_jpg.rf.4399be4c0b66624e3a849322dd560c2b.jpg,0,1,0,0,0,1
Hand_0005415_jpg.rf.5b54705e5c66cae4a0ca8550912643e7.jpg,1,0,1,1,1,1
Hand_0003324_jpg.rf.472fbfca0dd558f80139b59169f08095.jpg,1,0,0,1,1,0
Hand_0005415_jpg.rf.592191ae4961734d8d421e88e46afedc.jpg,1,1,0,0,0,1
Hand_0003412_jpg.rf.8f1bfc896fd812e633a2ddb2080df4b7.jpg,1,1,0,1,0,1
Hand_0006271_jpg.rf.96d5f226f2fd9173714bc16edf3ef5ed.jpg,1,1,1,1,1,0
Hand_0003323_jpg.rf.fad7506874aa2f1c71fa782d59a0b1b7.jpg,1,0,0,0,1,0
Hand_0003327_jpg.rf.761f65dee93ae6dccd59ac209f206c2e.jpg,1,1,0,0,0,1
Hand_0003326_jpg.rf.d8bcac0da2ebd462277f41bd052a0174.jpg,1,1,0,0,0,1
FIMG_0080_JPG_jpg.rf.2883e4411e9491fff1b4e84cd25fcc9f.jpg,1,1,1,1,1,1
Hand_0003410_jpg.rf.3822ee4d28a4fa5ef151973b76effb8c.jpg,0,1,1,1,1,1
FIMG_0073_JPG_jpg.rf.0a9176f1307e07734e2db4c375dad4a9.jpg,1,1,1,0,0,1
Hand_0003325_jpg.rf.719e9877c43ab4db1f01814677fcfb7b.jpg,1,0,1,1,0,0
FIMG_0079_JPG_jpg.rf.1b252b64c7527b78f2016583bfab40a2.jpg,0,1,0,1,0,1
FIMG_0074_JPG_jpg.rf.7133b47bbe2c46af01d3b20be0036a26.jpg,1,1,0,0,1,1
FIMG_0074_JPG_jpg.rf.29e5669b8ecc20beb2aac97c79192cdb.jpg,1,1,1,0,1,1
Hand_0003323_jpg.rf.f22f53f3c3401b86527ae7c44b2db2af.jpg,1,1,0,1,0,1
FIMG_0074_JPG_jpg.rf.b628eacc8b5bce87e805355dfcde9b1f.jpg,0,1,0,0,1,1
FIMG_0076_JPG_jpg.rf.50d480736f07e9f84e0ca62459da9a2b.jpg,1,0,1,1,0,0
Hand_0003355_jpg.rf.9296699eb3369f0d08c95559dffe89ad.jpg,0,0,1,1,1,1
FIMG_0076_JPG_jpg.rf.c07ffe2e873afe227761e01b50cf217d.jpg,0,1,0,0,0,0
Hand_0003356_jpg.rf.a23c2decb0c71258016a596fd5eb2f9f.jpg,1,1,0,0,1,1
Hand_0006252_jpg.rf.f670663ac4f9a0ad970d6f184a9a4247.jpg,1,0,1,1,0,1
FIMG_0077_JPG_jpg.rf.2b44721626624bb3dccc4f702e36c836.jpg,1,1,1,1,0,1
FIMG_0078_JPG_jpg.rf.b720b7c7949696b37b7acbf6fa634003.jpg,1,0,0,0,1,1
FIMG_0078_JPG_jpg.rf.cdd4cf77d1f72573a0323ee6dfc4edf5.jpg,1,1,1,0,1,0
FIMG_0080_JPG_jpg.rf.cedae4ae923e25887e30c1657a79a27c.jpg,1,0,0,1,0,1
FIMG_0073_JPG_jpg.rf.b58c2e26c0742b1b07fc21ddf696c185.jpg,1,1,1,1,1,0
FIMG_0077_JPG_jpg.rf.36acdf52d7454034aa0edc678e9245c6.jpg,1,0,1,0,0,0
FIMG_0079_JPG_jpg.rf.8e5f9054eda6a003bc5a29e6f7973265.jpg,1,0,0,1,0,1
Hand_0003476_jpg.rf.2909c8d5dd281424abf5bdf50518869c.jpg,0,1,0,1,0,1
FIMG_0073_JPG_jpg.rf.bafee3f7a8bee1cb72c54cb806fd7964.jpg,1,1,1,1,1,1
Hand_0000640_jpg.rf.c28254e34c609050cebd75ea28bc152a.jpg,1,1,1,0,1,1
Hand_0006248_jpg.rf.e9084a895f84559ee05e19f9ce01e85e.jpg,1,0,0,1,0,1
FIMG_0077_JPG_jpg.rf.99689c452e3507a79ec7990a83b0bb9b.jpg,1,1,1,0,0,0
FIMG_0069_JPG_jpg.rf.1b803b1ac0cb857cedaf9e9c137a29da.jpg,1,1,0,1,1,0
Hand_0002081_jpg.rf.02db1e786dcbe559f18c4e59b3b5d180.jpg,1,1,1,1,0,0
Hand_0003601_jpg.rf.bc29c944c88e15bd4501a2b1b58a07e8.jpg,1,1,0,1,1,1
Hand_0003476_jpg.rf.4076bc24c2a33b950001d63ef4c5f44a.jpg,1,0,0,1,1,1
FIMG_0072_JPG_jpg.rf.654255ce2957d267bfe81e09a5baf183.jpg,1,1,1,1,1,1
Hand_0003492_jpg.rf.38e4fd1feb87209a4ce431b776592b79.jpg,1,1,0,1,1,0
Hand_0003528_jpg.rf.5f4230731238dc078dffd94f9ac8f1ab.jpg,0,1,1,1,1,0
Hand_0003475_jpg.rf.a3e1ece780b34acabfca4c4a85342249.jpg,1,0,1,1,0,0
Hand_0003527_jpg.rf.5f3b1a87dce06c178764c185c6c5aa80.jpg,1,1,0,1,1,1
Hand_0003492_jpg.rf.cf02c3c778ae5cf1b812f9af4ca2ad67.jpg,0,1,1,1,0,1
Hand_0003527_jpg.rf.4b31cf515c7b0c30cf2748b729247595.jpg,1,1,1,1,0,0
FIMG_0149_JPG_jpg.rf.33f3f241e7d724b865cc303d5574d4b9.jpg,1,0,1,1,0,0
Hand_0000640_jpg.rf.d6877846a2ea14f353cd4b1f14e6ae80.jpg,1,1,0,1,0,0
Hand_0003529_jpg.rf.62b44b28a6a77237c70a7e51cb46f180.jpg,0,0,0,1,1,1
Hand_0003527_jpg.rf.d66e47d80750e9c8b43ceb17346a83c6.jpg,1,0,1,1,1,1
Hand_0002053_jpg.rf.453000af616ddfce6560dee712efd322.jpg,1,1,1,1,0,1
Hand_0002052_jpg.rf.1b047f29630bfc667311e04ff0978992.jpg,0,1,0,1,0,1
Hand_0003410_jpg.rf.51c684626adf3591a98d84c377ae9700.jpg,1,1,1,1,0,0
FIMG_0146_JPG_jpg.rf.440c25595f3b33ddf73abaadae1f8cfb.jpg,0,1,1,1,0,1
Hand_0003414_jpg.rf.0df02db244631cbd82b3ef5a960fbeae.jpg,0,1,1,0,0,1
Hand_0003480_jpg.rf.c4b74691a6a92b3f8935154f97e1492a.jpg,1,1,0,1,0,0
Hand_0002080_jpg.rf.26fa1005b88ca7294b1cbc7d69a9a55a.jpg,1,1,1,0,1,0
Hand_0003480_jpg.rf.9549fe0188d6e173c56efb5317938dfa.jpg,1,1,1,1,1,1
Hand_0003531_jpg.rf.657d63a7d73eaef72ac3fa0c6c5f9c05.jpg,1,1,0,0,0,0
Hand_0003531_jpg.rf.c3beb6621d56c51e5baae38ca244cc7d.jpg,0,1,0,1,0,1
Hand_0002055_jpg.rf.bf630a1c33347a76c6c1f95e31521734.jpg,0,1,1,1,0,0
Hand_0003532_jpg.rf.c8e004ebad3dc72821058c51a2223515.jpg,1,0,1,1,1,1
Hand_0002079_jpg.rf.27bff614e750a6c1161cf8c820f2850f.jpg,0,0,1,1,0,0
Hand_0003529_jpg.rf.ae7cd00f3125f731f049141fd7496e2c.jpg,0,0,1,0,1,1
Hand_0002054_jpg.rf.2bc4ccecebdb1fbdb89d1eaa50a5b866.jpg,1,1,1,1,1,0
Hand_0003411_jpg.rf.455cc33e3820055471c82db5b8e66f30.jpg,0,1,0,1,0,1
Hand_0002056_jpg.rf.eb028a5211cd15e2e399b909fe0652e1.jpg,1,0,1,0,1,0
Hand_0002053_jpg.rf.7d85ed65e0de38d0257df1ba29575a63.jpg,0,0,0,1,1,0
Hand_0002056_jpg.rf.3faf3574b9b0b0007f2db7be855202c2.jpg,0,0,1,1,1,0
Hand_0002055_jpg.rf.3597e0f5843580b12fbc30b57406cb12.jpg,1,1,1,1,1,0
Hand_0002079_jpg.rf.b8163b240937a43e6bb659c29b658d40.jpg,1,1,1,1,1,1
Hand_0002079_jpg.rf.974aac0a54c60f6bc151321a24c5c7ff.jpg,1,0,0,1,0,0
Hand_0003529_jpg.rf.b33ef06bc6ccb02ad389790945acbd3f.jpg,0,1,1,0,1,0
Hand_0002054_jpg.rf.85407d9326ddbf914f390be0e2662114.jpg,1,0,0,1,1,1
Hand_0000920_jpg.rf.34d0689fb2e796d624ec78de945b1c16.jpg,1,0,0,1,0,0
Hand_0003528_jpg.rf.e9db425aa6928c1f25829fca579552b0.jpg,1,0,1,1,1,0
Hand_0002054_jpg.rf.b1f78f24bb4864a38aaabed4d7d69da5.jpg,0,1,0,1,1,0
Hand_0003535_jpg.rf.6c23ec105a38b6f7af26c4059fe78c0f.jpg,1,1,1,1,0,1
Hand_0002080_jpg.rf.fcb155ce3f597c9803db331f96674f94.jpg,1,0,1,0,1,1
Hand_0003576_jpg.rf.1394410c38f3bc2f1337b35a6c62c2e6.jpg,1,1,1,1,0,1
Hand_0003532_jpg.rf.eb082c7688fe5425153bd1df2f275067.jpg,1,1,0,1,0,0
Hand_0003492_jpg.rf.55d7c19a1b7eb6eda728360f2a23fb8f.jpg,0,1,0,1,0,1
Hand_0003577_jpg.rf.74b28226dd64e2b10de72edd84d7a29a.jpg,1,1,1,0,0,1
Hand_0003535_jpg.rf.18b9f26d6eda06ad064592c9a1ecdb6e.jpg,1,1,1,0,1,1
Hand_0002055_jpg.rf.50da89984d736cbf44ccf88bcb2d0d29.jpg,1,1,0,1,1,1
Hand_0003532_jpg.rf.358bf80c81c4765a7f22d647f77718bb.jpg,0,0,0,0,1,0
Hand_0003534_jpg.rf.90abeb2f3403416f235c70fc2c38298a.jpg,1,1,1,1,1,1
Hand_0003533_jpg.rf.77c4cc9940a86224294d2ab95a89fd43.jpg,0,0,1,1,1,1
Hand_0006198_jpg.rf.2d0044aa9401530336977b7ec6a8de3a.jpg,0,0,0,1,1,0
Hand_0003535_jpg.rf.311e6966f482cb7e16f663791058acc8.jpg,0,1,0,1,0,1
Hand_0005536_jpg.rf.9a1cbd807dc543038d350a0913f96513.jpg,0,0,0,1,0,1
Hand_0003533_jpg.rf.784a1dbfdad5c26f03309185621f4ee3.jpg,1,1,0,0,0,0
Hand_0003534_jpg.rf.ad81cac22a92d5544aa6ea8e8d61c799.jpg,1,1,1,1,1,1
Hand_0003533_jpg.rf.f415f41089c6755e7be9584b53b9899e.jpg,1,0,1,0,0,1
Hand_0003534_jpg.rf.8e566de38d0c863561dea967f9458a90.jpg,1,1,1,1,0,1
Hand_0003576_jpg.rf.ba4d91970f3d66e67eb7809918400a5d.jpg,1,0,0,1,1,0
Hand_0003601_jpg.rf.a70f016375c19ce0f8a7747cbc9341e4.jpg,1,0,0,1,0,1
Hand_0006189_jpg.rf.0db7d7115e5a9f2f9e674d156a042922.jpg,1,1,1,1,1,0
Hand_0006244_jpg.rf.2d5de914317569aa8d57d970620a983e.jpg,1,1,1,1,1,0
Hand_0002053_jpg.rf.4a3d36a21ae4fef3557eab422f92737b.jpg,1,1,0,1,1,1
Hand_0003576_jpg.rf.8d2a43842d01ab1099a8a8f004245f13.jpg,1,1,0,1,1,1
Hand_0006243_jpg.rf.5451d9eea0cfdf0eb32917a3dbcacf97.jpg,0,1,1,1,0,0
Hand_0006248_jpg.rf.3fe238e6dd80e0e160c3aa5f01cd936a.jpg,1,1,1,1,1,1
Hand_0002080_jpg.rf.ddb2228f1bda08bac91237d7f16d5e8e.jpg,1,0,0,1,0,1
Hand_0006246_jpg.rf.0e6e80bede3e4bd02673256793976d03.jpg,1,1,0,1,1,0
Hand_0006245_jpg.rf.20faa874e9f081394e77d178e246163e.jpg,0,0,0,1,0,0
Hand_0003577_jpg.rf.8128fdc1052110aa0d20e11af9ccb56c.jpg,1,0,1,1,0,1
Hand_0006199_jpg.rf.e0a74d9bb5f53c615c61bf65b76de4d7.jpg,0,1,1,1,0,1
Hand_0006247_jpg.rf.55ed748b5d2e7fe345fea114d6c8b6bd.jpg,0,0,0,1,1,1
Hand_0006244_jpg.rf.3d2f1d4bd53dd959e8daef83c70a398a.jpg,0,1,1,0,0,1
Hand_0006261_jpg.rf.38884a920c144ec8619cab652a3c075a.jpg,1,0,0,1,1,0
Hand_0006267_jpg.rf.33a1833a5d50ae93cfa3be2da5116fd4.jpg,0,0,0,1,1,1
Hand_0006242_jpg.rf.97b4284171e0b43543d7d6e20a6f4699.jpg,1,1,0,1,0,1
Hand_0006242_jpg.rf.bb7bd536dd27030a8821f7dbf498086d.jpg,1,0,1,1,0,1
Hand_0006244_jpg.rf.dc771dab36d6ac9cc62d991eb81b89a0.jpg,1,1,0,1,1,1
Hand_0006245_jpg.rf.8b3edaae41de630eb453ab857842cf67.jpg,1,0,1,0,0,0
FIMG_0156_JPG_jpg.rf.c81ce4841f406b180764b929f1816236.jpg,1,0,1,1,1,1
Hand_0006262_jpg.rf.8e716f66bb8e3f859ccf46fa0649bef0.jpg,1,0,1,1,1,1
Hand_0006267_jpg.rf.3b9bd61b5fff79c0d7dfd21251ba3881.jpg,1,0,1,1,0,0
Hand_0006268_jpg.rf.65a146fd635bde09407427b4195d623e.jpg,1,1,1,1,1,1
Hand_0006268_jpg.rf.637c6878b6a4a79b7ba978b377b28999.jpg,1,1,1,1,1,1
Hand_0003450_jpg.rf.f378563b1f46f61daea7eb9161fe8175.jpg,1,1,1,1,1,1
Hand_0006247_jpg.rf.d5e4c5f1720750cdbf32d7093b39944a.jpg,1,1,0,0,1,1
Hand_0006242_jpg.rf.cbf1cf38217a7126239b8081d15cf55d.jpg,1,0,1,1,0,0
Hand_0006262_jpg.rf.692958be6baa221c2cbd1b9657c4746c.jpg,0,0,1,1,0,1
Hand_0006267_jpg.rf.d381410e9b561dcf4359c509699a513f.jpg,1,1,1,1,1,1
Hand_0006261_jpg.rf.1befbffcc28ab20a46850a17bde4b49e.jpg,0,0,1,0,1,0
Hand_0006253_jpg.rf.a5da43e99b6bbc646f973206fdfd542d.jpg,0,0,1,1,1,1
Hand_0006258_jpg.rf.2f05a7940bbd31f2676e368a8f6cdb48.jpg,1,1,1,1,1,0
Hand_0006241_jpg.rf.cb59b791d6c8822248c6f4e4484b351b.jpg,1,1,1,0,0,0
Hand_0006258_jpg.rf.c5e20124a3df3951913a9ce7d945e8e2.jpg,1,1,0,0,1,1
Hand_0006262_jpg.rf.f4fb884e78d37e4abb26e5191d1e67d9.jpg,1,1,1,1,1,1
Hand_0003603_jpg.rf.1aa3510b42ae43fc91c880223c1b9fe9.jpg,1,0,0,1,1,1
Hand_0006269_jpg.rf.785d7138d8a1ff1d9d4c779e548f10e7.jpg,1,0,1,0,1,1
Hand_0003603_jpg.rf.88e67a70a6cfb1ae117452f494d545bb.jpg,1,0,0,0,1,1
Hand_0006268_jpg.rf.ba9c331ab6ba86e67b299237ad640089.jpg,1,0,1,0,0,0
Hand_0003604_jpg.rf.a887e3163eaba95950f98bcd047f5cc5.jpg,1,0,0,0,1,0
Hand_0006243_jpg.rf.f84f275a3f4a33b85ebec85a490aa573.jpg,1,1,1,1,1,0
Hand_0003604_jpg.rf.1883b30adbb1f421c71f4ddba648860d.jpg,1,1,0,1,0,0
Hand_0003603_jpg.rf.a9335f0db6641ce141e774f78a07bc24.jpg,0,1,1,0,0,1
Hand_0003606_jpg.rf.414f2d3b07a596a6f1c70a170569dbab.jpg,1,1,0,1,0,0
Hand_0006243_jpg.rf.df8ac6b887d0475ed4610de16aadd13d.jpg,0,0,1,1,1,0
Hand_0006269_jpg.rf.c68ee78d5e9350b9ed02e1a9e6ddbc84.jpg,1,0,1,1,1,1
Hand_0003605_jpg.rf.a5de95f1bd3806805671eb10cfaf7b87.jpg,0,0,1,1,0,1
Hand_0006253_jpg.rf.8ad1611c9d79119ec9fcbf5aca3f670f.jpg,1,1,1,0,1,1
Hand_0003605_jpg.rf.bdf40b7d539d2ff3168da60e39b191d5.jpg,1,1,0,1,0,1
Hand_0003602_jpg.rf.b4ada55c27e24bcceb9060f0306d8a87.jpg,1,0,1,1,1,1
Hand_0002651_jpg.rf.38704804b8ebf699c0a3c24f23d73b44.jpg,1,0,1,1,0,0
Hand_0003602_jpg.rf.e2a9e0aa4bd52d4438db2e559f0220e9.jpg,0,1,1,1,1,1
Hand_0003601_jpg.rf.fee011a7013ff55bc3f5d67738fd579c.jpg,1,1,1,0,0,1
Hand_0003606_jpg.rf.d21a1e1d85ce5ccfdf60be593cdbd05d.jpg,1,1,1,0,1,1
Hand_0003602_jpg.rf.db473a0cf636a616326ff3513e5ec353.jpg,1,0,0,0,0,1
Hand_0002082_jpg.rf.c5c4774a0aa1be0335cb16f78b378a60.jpg,0,0,1,1,1,1
Hand_0002652_jpg.rf.74ab0a7b59d8b20bb8149ff9e8c9249f.jpg,0,1,1,1,1,1
Hand_0006250_jpg.rf.c8844514dc47c42bd553ff2376534b3e.jpg,1,1,0,1,1,0
Hand_0002650_jpg.rf.ba4bf61787be7047ad5799083b057201.jpg,1,1,1,1,1,0
Hand_0002658_jpg.rf.786e9b750a96083ef85df2cbdc64fe52.jpg,1,1,1,1,0,0
Hand_0002647_jpg.rf.c99bfb5fa8ceee7992a0478457ac8a11.jpg,1,0,0,0,0,1
Hand_0003605_jpg.rf.ddb18157a6249e29c1771997dee54a3e.jpg,1,0,1,0,1,1
Hand_0002647_jpg.rf.ea56bce28e32b2004ddcecbb84e07985.jpg,0,1,0,0,0,1
Hand_0002658_jpg.rf.ca40a36ec733ee1327cf20175832e15e.jpg,0,1,1,0,0,1
Hand_0006252_jpg.rf.0ba893ba4ef062accc2e3d1d3abad43a.jpg,1,1,0,1,1,1
81_image_palm_jpeg_jpg.rf.1b850c9c510dfdaed6c35e7ac7c6eb7d.jpg,1,1,1,1,1,0
Hand_0002652_jpg.rf.8eb674bd4c93fc16c3618d24d86d30bf.jpg,1,1,1,1,0,1
Hand_0003606_jpg.rf.6ff0cd51ab1a2f671399d0241df1f269.jpg,1,1,1,1,1,1
Hand_0002646_jpg.rf.bff945d56d2d470434613c1d85614ed7.jpg,1,1,1,0,1,0
Hand_0002648_jpg.rf.6a0621071e8302740c172f88c5a68b4c.jpg,1,1,1,1,1,1
Hand_0002650_jpg.rf.a96f548242aeaefc0a67b23d785f81fa.jpg,1,0,1,1,1,1
Hand_0002648_jpg.rf.cca03bcd9c4bc4717f3891f6258ff7cd.jpg,1,1,0,1,0,0
Hand_0006293_jpg.rf.5a8accdafe282c276d9aebb3f1c9a3ea.jpg,1,1,1,0,1,1
Hand_0002651_jpg.rf.1631a2d941a23331549216e7e55a6e04.jpg,0,1,0,1,0,0
Hand_0006269_jpg.rf.641abaaae7914205d20f6d5c2cb81185.jpg,1,1,1,1,0,0
Hand_0006274_jpg.rf.203c8704fd4d09a6d6719d36e8851ec3.jpg,0,1,0,1,1,1
Hand_0006293_jpg.rf.8608ef73df2ef46348c349735e81f77b.jpg,0,0,1,1,0,1
Hand_0006276_jpg.rf.839fd89ebddeb65c66749e3631015983.jpg,1,0,1,0,0,0
Hand_0002652_jpg.rf.384a9b45082222d6c3c81ffee15679bc.jpg,1,1,1,1,1,1
Hand_0002647_jpg.rf.edcb45b8b6c7b09a4710ff2cb46f8e5b.jpg,1,1,0,1,0,1
Hand_0006274_jpg.rf.ffc92107eb161cfdfed4e2e2185cc690.jpg,1,0,1,0,1,0
Hand_0006276_jpg.rf.f161433c1d12eb09933737f1a81b2b52.jpg,0,1,0,1,1,1
Hand_0006293_jpg.rf.e3c97146984a1e24b16d6f43b75e0e95.jpg,1,1,1,1,1,1
Hand_0006274_jpg.rf.628263b98871246dd39beea3bf00004f.jpg,1,1,1,1,0,1
Hand_0005422_jpg.rf.494a4781919686deb8e4e9c80422119b.jpg,1,0,1,1,1,0
Hand_0002648_jpg.rf.ff2ba4d9665d81905d206cc8f5ebf158.jpg,1,0,1,1,1,1
Hand_0006277_jpg.rf.c9d56671b930fc27f306ceedc6b0d053.jpg,1,1,0,1,0,1
Hand_0002658_jpg.rf.d64e6b607717a85815aa491cd8deeeae.jpg,1,1,1,0,0,1
Hand_0003412_jpg.rf.cc1a61e389706cab2e4dd9547b0ba17c.jpg,0,1,1,1,1,0
Hand_0006275_jpg.rf.84ebe7a47c9ea43f3b322942ea2cfb2b.jpg,1,1,1,1,1,1
Hand_0002745_jpg.rf.8753bfc81d43074d939efefc604f13ea.jpg,1,1,0,1,1,1
Hand_0006276_jpg.rf.8f399694208957b3c408b86da6203536.jpg,0,1,1,0,1,1
Hand_0000865_jpg.rf.e5be3519897ee444a0774bc3cf5f3da2.jpg,1,1,0,0,0,1
Hand_0003327_jpg.rf.afc10abf3608e9c9bb7fd89f7c80cd73.jpg,1,0,0,1,1,0
Hand_0005425_jpg.rf.050aea3b38f440c7a7dec3f3a118d997.jpg,1,1,0,1,1,1
Hand_0005442_jpg.rf.3b9a09170f144fdd0dad4b3f379ee938.jpg,1,1,1,1,1,0
Hand_0006271_jpg.rf.6fd77223ee2b59541b5eb821762fc999.jpg,0,1,0,1,1,0
Hand_0003413_jpg.rf.8cccff04413d9ed7aeb47ee33d8d1436.jpg,0,0,1,1,0,0
Hand_0002718_jpg.rf.bde650ab508d733fa038aff6fd7082a6.jpg,1,0,1,0,0,1
Hand_0006294_jpg.rf.6f0201cb964966f799a8f1805b5487e8.jpg,1,1,1,1,1,1
Hand_0005422_jpg.rf.5d81ff63fe3ab0155b4ec97a05b6a561.jpg,1,0,1,1,1,1
Hand_0005421_jpg.rf.9ecd8d1b5dc7eff85046ade9ad5d922d.jpg,0,1,1,1,0,1
Hand_0005416_jpg.rf.b7bba330f84b6986b35e94b50591a7e1.jpg,1,1,1,1,0,1
Hand_0005416_jpg.rf.b1602ac3f12b29a65335c5dd80fecddf.jpg,1,0,0,1,1,0
Hand_0005421_jpg.rf.a1e4b7dd45c5afdffac5da45e26fdc10.jpg,1,1,1,1,0,1
Hand_0006277_jpg.rf.a0000eb4cfb7c13a08ae5baf8aec5277.jpg,0,1,0,1,0,0
FIMG_0082_JPG_jpg.rf.5b8ca2576ade963f71a4f7ab0ffbac23.jpg,1,0,1,1,1,0
Hand_0005442_jpg.rf.99dd403fa7a0f4daa6f316fa0fd285b7.jpg,1,1,1,1,0,1
Hand_0005421_jpg.rf.f864175e4c85a18b72b8a54d02880062.jpg,0,0,0,0,0,0
Hand_0005422_jpg.rf.e7976a7647d3013deb155f03f21711e4.jpg,0,0,0,1,0,1
Hand_0005425_jpg.rf.57ee23dfef9056e303a0f03f415c9f31.jpg,1,1,0,1,0,0
Hand_0005415_jpg.rf.d7483f86a8cf2e9c1c5eef174f1a3c04.jpg,0,0,1,1,0,0
FIMG_0071_JPG_jpg.rf.b7dce1af649aa56ea80016db53e79cec.jpg,1,1,1,1,1,0
FIMG_0082_JPG_jpg.rf.7c3ff086ebde430d7011d51b4d13f520.jpg,1,1,0,1,1,1
FIMG_0070_JPG_jpg.rf.7a1107c64c882a4b6500c01f6087446e.jpg,1,0,1,1,1,1
Hand_0002762_jpg.rf.301007028f949d995e7c6038f25824d3.jpg,1,1,0,1,0,1
FIMG_0070_JPG_jpg.rf.3aa0ed697b9928aa2c6cc469d5ec820e.jpg,0,0,0,1,1,0
Hand_0005426_jpg.rf.c35c48b58c8295bc331e651ea446ab13.jpg,0,0,1,1,1,1
FIMG_0081_JPG_jpg.rf.bf94098cc7248dea3de8e468991054ea.jpg,0,1,1,1,1,1
FIMG_0071_JPG_jpg.rf.90d6d8201265adae231d78e846476376.jpg,1,1,0,0,0,1
Hand_0002748_jpg.rf.c698ce04fa57c556900990c400f79f9e.jpg,1,0,0,1,1,1
Hand_0006275_jpg.rf.4bb96e6b3708a3e3cbabe3a595fe06ed.jpg,1,1,0,1,1,1
Hand_0003324_jpg.rf.565cdab68da56441678b74211d189688.jpg,1,1,0,1,0,1
Hand_0005426_jpg.rf.02cd8cc9641f935afc29389924872d2f.jpg,1,1,1,1,0,0
FIMG_0071_JPG_jpg.rf.dcdf3de4fa6260c946da2ebf8314f997.jpg,1,1,0,1,1,1
FIMG_0081_JPG_jpg.rf.3208247bd8d744ca8b7a883c0291ae66.jpg,1,1,0,1,1,1
FIMG_0076_JPG_jpg.rf.87c141d4a42effef3958bcb11fd950cb.jpg,1,1,1,1,1,1
FIMG_0081_JPG_jpg.rf.e54031c90929507e635c79775ae8440b.jpg,1,1,0,1,1,1
FIMG_0083_JPG_jpg.rf.28720ddb63be0ef5ab07bfa89f5d9a73.jpg,0,1,0,1,1,1
FIMG_0080_JPG_jpg.rf.88a02b4ec4194a4e6ab264435458d707.jpg,1,1,1,1,0,0
FIMG_0070_JPG_jpg.rf.e0dff29867e776424fdc9910f1f551e3.jpg,0,1,0,1,0,0
Hand_0003531_jpg.rf.08798f4484284116ae2eb64ea9f6101b.jpg,0,1,1,1,1,0
FIMG_0082_JPG_jpg.rf.953024361cd7ba68d2a12e6b60d9d450.jpg,1,1,0,1,0,1
Hand_0005416_jpg.rf.dca97a0650ea316f58206e26c846f056.jpg,1,1,1,1,0,1
FIMG_0146_JPG_jpg.rf.13ee751eafe0df9c941e841afd82eb34.jpg,0,0,1,1,1,1
FIMG_0072_JPG_jpg.rf.26c97e5ee9d250743ec1bee71991aee5.jpg,1,1,1,0,1,1
FIMG_0143_JPG_jpg.rf.0aca76141ee8f64cae101a22d0b2f61d.jpg,0,0,1,1,1,1
FIMG_0149_JPG_jpg.rf.64b894a36f7ffd9255e1644fd0248ca3.jpg,0,1,1,1,0,0
Hand_0003528_jpg.rf.0aca09dbe850918723c670fafb74dc63.jpg,1,0,0,0,1,1
FIMG_0145_JPG_jpg.rf.18a61308f56f1b5506a2630b1da30ee1.jpg,0,1,1,1,1,1
FIMG_0143_JPG_jpg.rf.b5e4e6de4c198970ea9f8ff0f1357b86.jpg,1,1,0,1,0,1
FIMG_0142_JPG_jpg.rf.d2ce213cf285e87bcc56615f87c3980d.jpg,1,1,0,1,1,0
FIMG_0146_JPG_jpg.rf.b891556e2a73bbaff8c07525a78035b6.jpg,1,1,0,0,1,1
FIMG_0145_JPG_jpg.rf.661a781bc0d1aa2631f7e276fcb604bf.jpg,1,1,1,1,1,1
FIMG_0144_JPG_jpg.rf.500525096f9af2d563720fd316d7997c.jpg,1,1,0,0,0,0
FIMG_0147_JPG_jpg.rf.b02bf18974168b919c83673857458106.jpg,1,1,1,0,0,0
FIMG_0149_JPG_jpg.rf.6be9fe1ca4131e6096e70959df1b0f72.jpg,1,0,1,1,1,0
FIMG_0143_JPG_jpg.rf.c29e2d339f7be01f698cd3966d132d82.jpg,1,1,0,0,0,1
Hand_0000921_jpg.rf.3c8ced3eb7a72c4fde362566f8cc7d2f.jpg,1,0,1,1,1,0
Hand_0000962_jpg.rf.63eca87d8f84d8af371e16d8fe056413.jpg,0,0,1,0,1,0
Hand_0000921_jpg.rf.1fb6a077f86691aacbc2adb963bb31cc.jpg,0,1,1,1,0,1
FIMG_0147_JPG_jpg.rf.a1f584da4759ac5eb594f96a7f2f75f3.jpg,0,1,1,0,0,1
Hand_0000923_jpg.rf.53a9a58550916d89706f681b5182335d.jpg,1,1,1,1,0,0
FIMG_0142_JPG_jpg.rf.9503e3fb477196a3e2975233f032bef3.jpg,1,1,1,0,0,1
FIMG_0144_JPG_jpg.rf.83dfead4c165e09129b89b1b9b0067bd.jpg,1,1,0,1,1,1
Hand_0000983_jpg.rf.388a6e6ea78871837807fe8e2bdba5a9.jpg,1,1,1,1,1,0
FIMG_0145_JPG_jpg.rf.5668f9db694957a413909407eed5e80e.jpg,0,1,1,1,1,0
FIMG_0072_JPG_jpg.rf.ab5b116f1facdecca3c43ec2b71d2e4f.jpg,0,0,1,1,0,0
FIMG_0225_JPG_jpg.rf.01d2ebb82c21f365da68fce149506c24.jpg,0,1,1,1,1,1
Hand_0002056_jpg.rf.a7d3240cdf215f2239d28640c141b55f.jpg,0,1,0,1,0,1
Hand_0000983_jpg.rf.743971f45403a9980ee66f0093032a64.jpg,1,1,1,0,1,0
Hand_0000923_jpg.rf.9f2a2cb998dee70b1df2533175ad39c6.jpg,1,0,1,0,1,1
FIMG_0083_JPG_jpg.rf.c2a9285ab180cc76a0c7f96cb33ce21f.jpg,1,0,0,1,1,1
FIMG_0147_JPG_jpg.rf.e12b518ce6c7f517671030e5fe1f7aea.jpg,1,1,0,1,1,1
Hand_0000981_jpg.rf.85df75b25ba0095835d17cd55680b11e.jpg,1,1,1,0,1,1
Hand_0000938_jpg.rf.ea34fcdc843e7b4ffd62b4af7cb9db77.jpg,1,0,1,0,1,1
621_image_palm_jpeg_jpg.rf.c182280b6f0c48643e469d5a80ea76b4.jpg,1,0,0,1,1,1
Hand_0000981_jpg.rf.c42aa52901774f67b48c10bd788cbacb.jpg,1,0,1,1,0,1
Hand_0000962_jpg.rf.08d1b488050a3ca7237bbed3bbf300bc.jpg,1,1,1,0,1,1
621_image_palm_jpeg_jpg.rf.dc55c08a114dfbc4e53a1006101923f3.jpg,1,1,0,0,1,1
Hand_0000938_jpg.rf.90217e333447501bc20b946549a56e8d.jpg,0,1,1,1,1,1
Hand_0005533_jpg.rf.a8411b8c38aaad4412df94ede3aeeb03.jpg,0,1,1,1,1,1
Hand_0000983_jpg.rf.8ce495311f1ecb5d22921584a8e0f2b8.jpg,1,1,0,1,1,0
FIMG_0155_JPG_jpg.rf.62a11e79f47fe8024ba5af1e7b1ebf19.jpg,1,1,1,0,1,1
Hand_0003577_jpg.rf.4f917ecc6dcbcd3beeb8e4f3ca5108d6.jpg,0,1,0,1,1,1
Hand_0000981_jpg.rf.c17ef8efe495857e3eb97ddbe80642af.jpg,1,0,1,1,0,1
Hand_0000920_jpg.rf.ec3393a2dbfa325cca348b4a5d1ce7ed.jpg,1,1,1,1,1,0
Hand_0000938_jpg.rf.c98fcc148379e383fefa28d913008745.jpg,1,1,1,0,0,0
FIMG_0153_JPG_jpg.rf.b2d912b4049ad5c566089e2d76b4d86c.jpg,1,1,0,1,0,0
Hand_0005536_jpg.rf.e86a22feaba4b550839be0129a542b13.jpg,1,1,0,1,0,1
Hand_0005533_jpg.rf.6d6412e31c6d4d5ba70677bab9817820.jpg,1,0,1,1,1,1
FIMG_0155_JPG_jpg.rf.bc6d63f499096927c6a6b38af86ad2ae.jpg,1,1,1,0,1,1
FIMG_0154_JPG_jpg.rf.08666c39690c52f20ec4bba8c6339b53.jpg,1,1,1,0,0,1
FIMG_0151_JPG_jpg.rf.a598fb14b4ae8c6190665d5e08a41710.jpg,0,1,1,1,1,1
FIMG_0150_JPG_jpg.rf.1fa2139fc052ddae57b967b2f99a5cc3.jpg,1,1,1,0,1,0
FIMG_0152_JPG_jpg.rf.839adca8730f1f78909dc93b27db448e.jpg,0,1,1,1,1,0
FIMG_0152_JPG_jpg.rf.abe002a26163f782d509fd4c384f5c28.jpg,1,1,1,0,1,0
FIMG_0151_JPG_jpg.rf.046f41527f1368cdfc86097875f54d52.jpg,0,1,1,1,0,1
Hand_0006245_jpg.rf.e7ce81b894d398c0347187de651c5eb1.jpg,0,0,1,1,1,1
FIMG_0150_JPG_jpg.rf.f81a49fe85fabb63dd83c55ebc6ed35f.jpg,1,1,1,1,0,1
FIMG_0156_JPG_jpg.rf.7137682bfaf35b0c3940111f99f00a16.jpg,1,1,1,1,0,1
Hand_0000883_jpg.rf.3f096e0d369da00c259884ef1321aa18.jpg,1,0,0,0,1,0
FIMG_0155_JPG_jpg.rf.7ba22b1d6e77c1d21ce32ca19f8c4704.jpg,0,0,1,1,1,1
70_image_palm_jpeg_jpg.rf.72e4e9206a0489205c4f3c2422b350f4.jpg,0,1,1,0,0,1
FIMG_0153_JPG_jpg.rf.3a41ffa862bb46900d9aef1b660d68bd.jpg,0,0,1,1,0,1
Hand_0000884_jpg.rf.20ea24ec4267823f7eeb4940f9640f7c.jpg,0,1,0,0,0,0
FIMG_0152_JPG_jpg.rf.09cd002c013caf4eb98dc490dac1a37c.jpg,0,1,0,0,0,1
Hand_0000866_jpg.rf.5f287415ef4a5882e1f6ae2af66ca40e.jpg,1,1,1,1,0,1
FIMG_0151_JPG_jpg.rf.b6ee7dc8fa21e5b298ff6c3451296f94.jpg,1,0,1,1,1,1
61_image_palm_jpeg_jpg.rf.e1ba891a96b5b03804d9b97908ae96e5.jpg,1,1,1,1,1,1
Hand_0000868_jpg.rf.71c20027718f03d4493722944230673d.jpg,1,1,0,1,0,1
Hand_0005536_jpg.rf.053adc47600794327e8101d574baa321.jpg,1,1,1,1,0,1
Hand_0000867_jpg.rf.0a43901a0c987e0269b636e30dc3a1c9.jpg,1,1,0,1,1,1
Hand_0000921_jpg.rf.9903514eb49e5af72e6a58765018627c.jpg,0,1,1,1,1,0
FIMG_0153_JPG_jpg.rf.0a6df28a84ca126e4eb0f7bf44c3f336.jpg,0,1,1,0,0,0
Hand_0000866_jpg.rf.97133ea82d0c826773432f7f33c48599.jpg,0,1,1,0,0,0
FIMG_0154_JPG_jpg.rf.d04ef9f521ebca9b9b2e9fdb5a88647d.jpg,0,0,0,1,0,1
Hand_0000885_jpg.rf.5b881a428bcec31a91631f2c2e5ef188.jpg,1,1,0,1,0,1
Hand_0000867_jpg.rf.c4ef9b7c2be109798c43216dec682a08.jpg,1,1,1,1,1,1
FIMG_0242_JPG_jpg.rf.58beb2e3c5af365105225859490dde48.jpg,1,1,1,1,0,1
Hand_0000883_jpg.rf.fe8fba7149e23cd46323ced591bf9d6f.jpg,1,1,1,0,1,0
Hand_0000867_jpg.rf.cd4df4e6a82d2c1409e36e7635eee6a9.jpg,1,1,0,1,1,0
Hand_0003604_jpg.rf.fb435f8af072f3bb5ddeeb5120f6be22.jpg,1,1,1,1,0,0
Hand_0000884_jpg.rf.f3a71992fca32d66afac4ce75bd222b7.jpg,0,0,1,1,0,1
FIMG_0252_JPG_jpg.rf.89d4a61e31b843744adfc3f501223b2b.jpg,1,1,0,1,1,1
Hand_0000885_jpg.rf.cdeac6a31b5de1e8231debb7332fa702.jpg,1,1,1,1,0,0
Hand_0006258_jpg.rf.4b18e7c74fdbe292ce5ec64bb764738f.jpg,1,1,1,1,1,1
Hand_0006261_jpg.rf.e4a99bc05dc8d3e9dc9147391e9556e4.jpg,0,0,1,1,1,0
Hand_0006275_jpg.rf.f244fdd92b09bd2bc6568cc1c65916d2.jpg,0,1,0,1,1,0
FIMG_0221_JPG_jpg.rf.01a1dd6df5d25687eafc74327cffbdf2.jpg,0,1,1,1,1,0
FIMG_0247_JPG_jpg.rf.d9f05acc13c04530e2c37946455d501b.jpg,1,1,1,1,1,1
564_image_palm_jpeg_jpg.rf.64d3e271ebc9c15f9fa46af4e47c5c1e.jpg,1,1,1,1,1,1
Hand_0000884_jpg.rf.b425d0db798b5c02a64c9ce689528eec.jpg,1,1,1,1,0,1
FIMG_0242_JPG_jpg.rf.6a2ffa68d0cdefcaae88abf40a83866f.jpg,1,1,0,1,0,1
Hand_0000868_jpg.rf.f85839072d3ccefe8ee3179c368d0a37.jpg,0,0,1,1,1,0
77_image_palm_jpeg_jpg.rf.04445b7c11f691511b7d2a39cbf89133.jpg,1,0,0,1,0,1
Hand_0000883_jpg.rf.f65bb869e4e063cb893414c7c0c6b8d1.jpg,1,1,1,1,0,1
Hand_0006277_jpg.rf.342c9caa6af7830fc56f995b843e3198.jpg,1,0,1,0,0,1
FIMG_0150_JPG_jpg.rf.fab73cf8560d877674a92e7de5496bff.jpg,1,1,1,1,0,1
71_image_palm_jpeg_jpg.rf.19f2602b7b13a308632ba1de8ae2584b.jpg,0,1,0,1,0,1
76_image_palm_jpeg_jpg.rf.2eaa26ba3e3a7eba3ce5ceca00db39db.jpg,0,1,1,1,1,0
78_image_palm_jpeg_jpg.rf.5a33961e2e2f5992b8e13b0896532e6c.jpg,0,1,1,1,1,0
562_image_palm_jpeg_jpg.rf.c65828c61930a43b9545130cdd07e571.jpg,1,0,0,1,1,0
Hand_0000866_jpg.rf.9f89997022958ec3ee9b990f01faa717.jpg,1,1,0,1,0,0
FIMG_0250_JPG_jpg.rf.7225b08afb899c2b4c21f7e59f58621b.jpg,1,1,1,1,1,1
81_image_palm_jpeg_jpg.rf.370aff2dfa73d932ee1f947ab705a990.jpg,0,1,1,1,0,1
76_image_palm_jpeg_jpg.rf.b9fb0f740905f55cd34cf38a816a4d48.jpg,1,1,1,1,1,1
81_image_palm_jpeg_jpg.rf.ab25eb0ed9d0b0249ec16862899deb67.jpg,1,1,1,0,0,1
7_image_palm_jpeg_jpg.rf.bf09919a08159f28a72188dbf0bd4654.jpg,0,1,1,1,0,1
Hand_0000868_jpg.rf.fc8dc0034829abeb19a7e59e406037dc.jpg,1,1,1,1,0,1
566_image_palm_jpeg_jpg.rf.81b7d27b8d0791fa3abbc53102dbe184.jpg,1,1,1,1,0,1
FIMG_0251_JPG_jpg.rf.01d0d54024472ebe46b94ac27485f6f1.jpg,1,1,0,1,0,0
80_image_palm_jpeg_jpg.rf.ed14f17e269e279d73b48ae164381f26.jpg,1,0,1,1,0,1
71_image_palm_jpeg_jpg.rf.7f613b560bbff0e202eac1286cf07d3c.jpg,1,1,1,1,1,0
76_image_palm_jpeg_jpg.rf.0d451a4a960da2d09adc59a5f284cfc9.jpg,1,0,1,0,1,1
77_image_palm_jpeg_jpg.rf.24286e460fb164834973ec2d35907284.jpg,0,1,1,0,1,1
78_image_palm_jpeg_jpg.rf.ec9a4a2cfc3dac9fa6dc4a43eb05ea06.jpg,1,0,1,0,1,0
Hand_0002699_jpg.rf.ccb916904960aba22ab2bd72c8c0599f.jpg,1,1,1,1,0,1
FIMG_0221_JPG_jpg.rf.db7449f4061ef8c1fe9c415341e3c510.jpg,1,0,1,1,0,1
627_image_palm_JPG_jpg.rf.154d07bc6f963dad4d5672c7d4de7678.jpg,1,0,0,1,1,0
77_image_palm_jpeg_jpg.rf.427734a0543ab5f9e566e538cf9ef1fb.jpg,1,0,1,1,0,0
Hand_0002746_jpg.rf.3cbb9a645040c9681d68830e453a67e2.jpg,1,0,1,1,1,0
Hand_0002699_jpg.rf.1df73a539b22bc7f64c88aaced759191.jpg,1,1,0,1,0,1
80_image_palm_jpeg_jpg.rf.fe7f023d5034d18c732d119ea6b9a8bf.jpg,1,0,1,1,1,0
78_image_palm_jpeg_jpg.rf.5a60a9f25f6b06db6b37df9cc31037f9.jpg,1,1,1,1,1,0
Hand_0002747_jpg.rf.6f97f4ee47add36dec3110b47a79e282.jpg,1,0,1,1,0,0
Hand_0002716_jpg.rf.141dda6788ba612154541506f90aaed8.jpg,1,1,1,1,0,1
Hand_0002715_jpg.rf.98262db0efc295edba4353185e0f6f69.jpg,1,0,1,0,1,0
Hand_0002715_jpg.rf.72467e2d23d0c7d21191d0942b7e0f5e.jpg,1,1,1,1,0,1
Hand_0002715_jpg.rf.5ed5dac3e845c7aaeb93254c8088e639.jpg,1,1,1,1,1,0
Hand_0002746_jpg.rf.735caddc690d854922b23fa196b4da19.jpg,1,1,0,1,1,1
7_image_palm_jpeg_jpg.rf.f70aadedeae07a391cebc0e3cf452ba6.jpg,1,1,0,0,1,1
Hand_0005426_jpg.rf.6540506992bc07b1e1f727f4447c1284.jpg,1,0,1,1,1,0
630_image_palm_JPG_jpg.rf.d71379a7fdc46f07ad4f45a86545001e.jpg,1,0,1,1,0,1
62_image_palm_jpeg_jpg.rf.dc159fafa2073651e27c2f701d39de90.jpg,1,1,0,0,0,0
Hand_0005425_jpg.rf.49bf22d2e66c748ae4c36a4ca1cb7096.jpg,1,1,1,1,0,0
Hand_0002768_jpg.rf.50cc759f128611038a7b50a8b240d063.jpg,1,1,1,1,1,0
Hand_0002699_jpg.rf.1e5922a385f1f661d8a8d66310be3387.jpg,0,1,0,1,0,0
Hand_0002747_jpg.rf.c7061a4b059421da8cc176b4784783b6.jpg,0,1,0,1,1,0
Hand_0002748_jpg.rf.e92bbe37561b0a3b0506c768a69a9c71.jpg,0,1,0,1,1,1
Hand_0006622_jpg.rf.1034a6637be8b9b8a4d44e68f157e0d5.jpg,1,1,1,1,1,1
Hand_0002745_jpg.rf.5ce3b2de0bf60640a9c09be839a82e5d.jpg,1,1,0,1,0,1
Hand_0002764_jpg.rf.efbbb46d1bb2c61caeef4aa94ae5a675.jpg,1,1,1,1,1,1
Hand_0002745_jpg.rf.a4b11e6a4f2d8a336c40e2c8286897f7.jpg,1,1,1,1,0,1
Hand_0002762_jpg.rf.ff2b3b4bc89b1d63042c23a3db39e778.jpg,1,1,1,1,1,0
Hand_0000920_jpg.rf.5091f3a306da28a3be76a9c0cfc94d39.jpg,0,0,1,1,1,0
Hand_0002764_jpg.rf.24efc1af404c1ff311838977d0564880.jpg,1,1,1,1,0,1
Hand_0000908_jpg.rf.7fe842b7d9b12a6004439c26e0043505.jpg,0,1,1,1,0,1
Hand_0002805_jpg.rf.0b2ea1580f7b2d55b7304aef80afca09.jpg,1,1,0,0,0,0
Hand_0002757_jpg.rf.ce4dc93f7ca90cc57df1d98b4d130985.jpg,0,1,1,0,0,1
Hand_0000910_jpg.rf.82f871ec09664932d5d7d9f46fb36289.jpg,1,1,1,1,0,0
Hand_0000888_jpg.rf.82c6d68aa0fefec7e638d450b9ad5b9a.jpg,0,1,1,0,0,1
Hand_0002746_jpg.rf.c1e0b3b389ae7373f90d24b7e3dc8aaa.jpg,1,1,0,1,1,1
Hand_0002768_jpg.rf.96890874066d2f07aaeb16b254c79ca4.jpg,1,0,0,1,1,1
Hand_0002761_jpg.rf.b1a4410aedaf1cf03f02c51894c934a2.jpg,1,0,0,1,0,1
Hand_0000908_jpg.rf.956b914db871105531fb3ae359d16883.jpg,1,0,1,1,1,0
Hand_0002747_jpg.rf.c445b968e4be58d558c9b334840102d1.jpg,1,0,1,1,1,0
Hand_0000909_jpg.rf.b867f4267904133004b4ea58912aba02.jpg,0,1,0,1,0,0
Hand_0000888_jpg.rf.c8d8a4adb553f1c633bb728351188feb.jpg,0,0,1,1,0,1
Hand_0002748_jpg.rf.696071f98c33d6016f98997ccc7da7c5.jpg,1,1,0,1,1,1
Hand_0002757_jpg.rf.ca260ae5eef7ee2a7eba68ab39af36f6.jpg,1,1,1,1,1,1
629_image_palm_JPG_jpg.rf.fdb35509e6479a7f737eca29335f51fb.jpg,1,1,0,1,1,1
Hand_0006623_jpg.rf.b309c51fb2771f5f5c8ded4fc01a54dd.jpg,0,1,1,1,0,0
Hand_0002762_jpg.rf.30e8c51a7e9754cc25295bc45fbfdafa.jpg,1,1,1,0,1,1
Hand_0000910_jpg.rf.3910ed5f3b2308baf7a60ce1e644d729.jpg,0,1,1,1,0,1
FIMG_0083_JPG_jpg.rf.f04d505de6e709bd7109c1e41c254e4a.jpg,0,0,1,1,0,0
Hand_0002805_jpg.rf.9fcdceb302e2ffa09c05e38b1d75abc4.jpg,0,1,1,1,0,1
Hand_0000910_jpg.rf.acd829a7f79f1988d51a8e1f9716373a.jpg,1,0,1,1,1,1
Hand_0000888_jpg.rf.d7e6413830cd998bb4f0445da8587656.jpg,1,1,0,1,1,0
FIMG_0225_JPG_jpg.rf.050a59df0c31fc41b0e05145ca565587.jpg,1,1,1,1,0,1
Hand_0000908_jpg.rf.4721f3f5ccb8796e8ad7cc43efd7350d.jpg,1,0,1,1,0,0
Hand_0002768_jpg.rf.a8747e9932a7e7a7481c4c65220e080a.jpg,1,0,1,1,0,1
567_image_palm_jpeg_jpg.rf.3dd6edee497ebf9b6d6dd4b37b5e85e1.jpg,1,1,1,1,1,0
Hand_0000886_jpg.rf.8bc05d9151e437c7fdc89204f124aceb.jpg,1,1,1,1,1,1
492_image_palm_jpeg_jpg.rf.6162524f889ca3cb8801927f66626f97.jpg,0,1,0,1,1,1
461_image_palm_jpeg_jpg.rf.5e3e2b698f304135c26b21e81706a78f.jpg,1,1,0,1,0,1
Hand_0002757_jpg.rf.3720604e091626a415852725459d3892.jpg,0,1,1,0,1,0
Hand_0006620_jpg.rf.e37582de49e10195cf469f8d7cf41d69.jpg,1,1,1,1,1,1
415_image_palm_jpeg_jpg.rf.a37b0ebdcf5e64de043ed7b9eb22a50a.jpg,1,1,0,1,0,0
625_image_palm_JPG_jpg.rf.006351fcd1486731604fc1efe1f59553.jpg,1,1,1,1,1,1
Hand_0000909_jpg.rf.ef84c0eeb991f4e7903697d3905ca8a4.jpg,1,1,0,1,1,0
Hand_0000886_jpg.rf.ec69ba753d8aee1595c8918f3f49c309.jpg,1,1,1,1,0,0
FIMG_0144_JPG_jpg.rf.a63031d259c8f2d74bc058f6d382a483.jpg,1,1,1,1,1,1
502_image_palm_jpeg_jpg.rf.e374a9f0a6c9950abfaa68861817d753.jpg,1,1,0,1,0,1
FIMG_0225_JPG_jpg.rf.458bd1993cd1af8bd5f7d425c2c314ee.jpg,1,0,1,1,0,1
FIMG_0226_JPG_jpg.rf.5c77e3745543e01f793fde5d1c8ba5a4.jpg,1,1,1,0,1,1
555_image_palm_jpeg_jpg.rf.70cc44314cd1af4bd9ce1f12a0653030.jpg,1,1,1,1,0,1
FIMG_0277_JPG_jpg.rf.8f7045cb00f2faea488a53efc6d56646.jpg,1,1,1,0,1,0
468_image_palm_jpeg_jpg.rf.73d2547681ce9d1242d6e46eebdfe8e1.jpg,1,0,1,1,1,1
624_image_palm_JPG_jpg.rf.d53a79e068946d7fbc1a151909dfd254.jpg,1,1,0,1,0,1
448_image_palm_jpeg_jpg.rf.cfbc7ba3fb76ee0d7bed4202ccdaebf2.jpg,1,1,1,0,0,1
FIMG_0226_JPG_jpg.rf.426f2fef9ff823c8bc6cb5b44532ba79.jpg,1,1,1,1,0,0
623_image_palm_JPG_jpg.rf.324e372a4d3a91559e9e49bfeb1be9a1.jpg,0,0,1,1,0,1
FIMG_0226_JPG_jpg.rf.5928cf1c8fb4d3495d17934af0235585.jpg,1,1,1,0,1,1
574_image_palm_jpeg_jpg.rf.9a998cee8d282580530f228b6e275ce8.jpg,1,0,0,1,1,0
FIMG_0223_JPG_jpg.rf.c14206dab59c2e68cb8cf601e2b3dc45.jpg,1,1,1,1,0,1
Hand_0000962_jpg.rf.a5539f06810834fa931a4542c34ad605.jpg,1,1,1,1,1,0
88_image_palm_jpeg_jpg.rf.c557c58701ca5f6523a335c7beef97b2.jpg,1,0,1,1,1,1
89_image_palm_jpeg_jpg.rf.bf35da980da8b2aa6f68ff16c886c409.jpg,1,0,0,0,1,1
88_image_palm_jpeg_jpg.rf.f3e41e648601718988167cb9ab99f89e.jpg,1,0,0,1,0,0
82_image_palm_jpeg_jpg.rf.ebaab639e1c02fedc6b3bc7c6bcd5d33.jpg,1,1,0,0,0,1
86_image_palm_jpeg_jpg.rf.cdf4da8089e9ba894235a2be99c6998c.jpg,0,1,0,1,0,1
621_image_palm_jpeg_jpg.rf.455d1febb2c5eca7597b8f23020732fd.jpg,1,1,1,1,1,1
65_image_palm_jpeg_jpg.rf.0c84e545ab450d30a5fe0c6233dd3127.jpg,1,1,0,1,1,1
FIMG_0223_JPG_jpg.rf.869507b63ace4196fa93fe67871bf58f.jpg,1,0,1,1,1,1
88_image_palm_jpeg_jpg.rf.b8aba58651156a50e02127a1e07dd708.jpg,1,1,1,1,0,0
82_image_palm_jpeg_jpg.rf.a55c94f15f895dcf7ce3e1a87a5200e0.jpg,0,1,1,0,1,1
587_image_palm_jpeg_jpg.rf.d81c3df6fbc7f6f19a915060d96c0857.jpg,0,0,1,1,1,0
91_image_palm_jpeg_jpg.rf.0239d1664bba59f7d8ac3c85b70291ac.jpg,0,0,0,0,1,0
90_image_palm_jpeg_jpg.rf.f8678741d8445a0b7ba4582c2b8eac0e.jpg,0,1,1,0,0,0
FIMG_0227_JPG_jpg.rf.933ca10e2ff6cf288e694cd851befd0b.jpg,1,0,1,1,1,0
619_image_palm_jpeg_jpg.rf.2ac5438c2c23af0485bafd542b69ab66.jpg,0,1,1,1,0,1
89_image_palm_jpeg_jpg.rf.043c1cb8d3145f503fb831f72145437b.jpg,1,1,0,1,0,1
86_image_palm_jpeg_jpg.rf.8283d415f085809dfdb863252d438940.jpg,1,0,0,1,1,1
90_image_palm_jpeg_jpg.rf.4937f63f067e53efb016506bb98df895.jpg,0,0,1,1,0,1
618_image_palm_jpeg_jpg.rf.1ea01574342855dd1836c6e747df60b0.jpg,1,0,1,1,0,1
Hand_0000923_jpg.rf.29bf2c672ef94c825176ce30dc67ec9f.jpg,1,1,0,0,0,1
82_image_palm_jpeg_jpg.rf.1f0b24663d05a4ce10d565db6a149973.jpg,1,1,0,1,0,1
618_image_palm_jpeg_jpg.rf.60221f94f0493b27c6c00236d309db2f.jpg,1,0,0,1,1,1
619_image_palm_jpeg_jpg.rf.1ac0a32a992b759568062b3b3a413132.jpg,1,0,0,1,1,1
86_image_palm_jpeg_jpg.rf.a749c8ec964cbc0c4f30ec3e7c926da1.jpg,0,1,1,1,1,1
615_image_palm_jpeg_jpg.rf.71088431f95127a8da8e29d8f2877aaa.jpg,0,1,0,0,1,1
67_image_palm_jpeg_jpg.rf.57e1b97847fe3f22fe921d9e5dcb0508.jpg,1,1,1,0,1,1
619_image_palm_jpeg_jpg.rf.aadb8d1ebd2c159593615dc7cded0abd.jpg,1,0,1,0,0,0
615_image_palm_jpeg_jpg.rf.cfc6cde2094aeb36c4f35897ccac5049.jpg,0,0,0,0,0,0
FIMG_0185_JPG_jpg.rf.0e9a49895c1e53f5150dfc0bcd537af3.jpg,1,1,0,1,1,0
618_image_palm_jpeg_jpg.rf.8eed819fd3c2eea0286b3e6f3b2ffb50.jpg,0,0,1,0,1,0
615_image_palm_jpeg_jpg.rf.18062b40404c3b7aabc288b6abfe613b.jpg,1,0,1,1,0,1
70_image_palm_jpeg_jpg.rf.b2d6f5d70975c469dfa69b305709a429.jpg,1,1,1,1,0,1
FIMG_0181_JPG_jpg.rf.127298fa6866ce4dba23f3b0a0c55d0d.jpg,1,1,0,0,0,0
FIMG_0183_JPG_jpg.rf.187b5327d660052fcd7f60c5c2dcaa1d.jpg,1,1,1,0,0,1
FIMG_0285_JPG_jpg.rf.16b2ef1115cfae733a911a6dcbf1f1be.jpg,1,1,1,0,1,1
614_image_palm_jpeg_jpg.rf.b0a54dfbffcb820e7828bc11c63979de.jpg,1,1,1,1,1,0
FIMG_0183_JPG_jpg.rf.3335373242ca9e4d39453900c77bbc01.jpg,0,1,1,1,0,1
FIMG_0181_JPG_jpg.rf.342c0cba9a1797fee4222d5987e45fcc.jpg,0,1,1,1,1,1
67_image_palm_jpeg_jpg.rf.7f01d5521515abd1d038dae5718b778a.jpg,1,1,1,1,0,0
614_image_palm_jpeg_jpg.rf.6afd1697f93cc028ee6cc1e295d17bbf.jpg,1,1,0,1,0,1
65_image_palm_jpeg_jpg.rf.7edd4f40efbce5844213ad1a2b42c994.jpg,0,1,1,1,1,1
61_image_palm_jpeg_jpg.rf.8a79d6af2e4c6a288e413dead4778f4a.jpg,1,1,1,1,1,0
FIMG_0184_JPG_jpg.rf.bc0263927e9864c401543e6d6105c8c8.jpg,0,1,1,1,1,1
71_image_palm_jpeg_jpg.rf.9c73eaff79644dca89ba2df0047af35c.jpg,1,1,1,1,0,1
61_image_palm_jpeg_jpg.rf.131a4a77855e3f77f7cf76fb7afe774b.jpg,1,1,1,1,1,1
FIMG_0154_JPG_jpg.rf.8f35ecc3d19465900b1687c3d35538e4.jpg,0,1,0,0,0,1
FIMG_0244_JPG_jpg.rf.272a5c4382bec18c68e809eafe6a6632.jpg,1,0,1,1,0,1
FIMG_0242_JPG_jpg.rf.33cc2c5c7e42365200b044d82af19458.jpg,1,0,0,1,1,0
70_image_palm_jpeg_jpg.rf.b6dc395f050f7b29dca0594da33f3a32.jpg,0,0,0,1,0,0
FIMG_0241_JPG_jpg.rf.07fe084a417fb699448a5cfa00bfe168.jpg,0,0,1,1,0,0
FIMG_0237_JPG_jpg.rf.4385ce80fdda6c83fdc77d8d6a224b71.jpg,1,0,0,0,0,1
FIMG_0243_JPG_jpg.rf.3b73014b8b84a3473dcd5bafe2b00e21.jpg,0,1,1,0,0,0
FIMG_0184_JPG_jpg.rf.baee95c4a9899ff4d1eff61a19c390bc.jpg,1,0,1,1,0,0
FIMG_0237_JPG_jpg.rf.2570ead2c07aa9e04356d5d297a95051.jpg,1,1,0,1,1,1
FIMG_0286_JPG_jpg.rf.3059927d6fa82a1377514e4c6740ad1c.jpg,1,0,0,1,0,0
91_image_palm_jpeg_jpg.rf.6db1acd4166f3a20640d6d49ee38716b.jpg,1,0,1,0,1,0
FIMG_0244_JPG_jpg.rf.9a4e1b34f73459df30a411f252d1de1d.jpg,1,1,0,1,1,1
FIMG_0238_JPG_jpg.rf.b76302b8aa616ed93f5d05d49cca650a.jpg,1,0,1,1,0,1
FIMG_0314_JPG_jpg.rf.b80624eb969b8cd9a6a56e2957795b2b.jpg,0,1,0,0,0,1
FIMG_0315_JPG_jpg.rf.8d0ce83110f6a8ae2d2f65a883691bec.jpg,1,1,1,1,0,0
FIMG_0243_JPG_jpg.rf.c741f903ee9ce0bf3f1c5a6bc925b9f4.jpg,0,1,1,1,1,0
FIMG_0182_JPG_jpg.rf.ed2cbb88f7fc3fa374b02460f9f96db9.jpg,1,1,1,1,1,0
FIMG_0241_JPG_jpg.rf.bd7e6fd98a1e64d7e4bb9a5f9c434a36.jpg,1,0,1,0,1,0
FIMG_0182_JPG_jpg.rf.1e4a1a78e68f1c0e341b7e9309e1039e.jpg,1,1,1,1,0,1
FIMG_0239_JPG_jpg.rf.c550bce1382465249dfbd9e3e66ea82a.jpg,1,0,1,1,1,0
FIMG_0238_JPG_jpg.rf.dd975f629e294fecc2c7e3495c065be6.jpg,1,0,0,1,0,0
FIMG_0238_JPG_jpg.rf.bc5ca7eb193724b161288e537ce50959.jpg,1,1,1,1,1,1
FIMG_0241_JPG_jpg.rf.c9fae4d88d22080b744db7e23fb788b4.jpg,1,0,1,1,0,0
Hand_0000885_jpg.rf.8192ffac9999e74b77512c888187c44b.jpg,1,1,0,1,0,0
FIMG_0181_JPG_jpg.rf.a41804907ed805e8412cfd339081f2e3.jpg,0,1,1,0,0,1
FIMG_0185_JPG_jpg.rf.53f550ca406092be1ca0d2c502db903b.jpg,1,0,1,0,0,1
FIMG_0185_JPG_jpg.rf.b95e86f59bed704d062f24997dad56be.jpg,0,1,0,0,0,0
FIMG_0184_JPG_jpg.rf.793605128942e47b2b0c5809b35e12f5.jpg,0,1,0,0,1,1
FIMG_0239_JPG_jpg.rf.5fb2e5ea0e1301e631c715095492a638.jpg,0,1,1,0,1,0
Hand_0000886_jpg.rf.df82daadf2bc244b90f12c8995836eff.jpg,1,1,0,1,1,1
FIMG_0257_JPG_jpg.rf.155106239525ff21a0a859b44a542873.jpg,0,0,1,0,0,0
FIMG_0180_JPG_jpg.rf.bd6fee0c41bd798c0e6b86be2c59c8b3.jpg,1,1,0,1,0,0
FIMG_0253_JPG_jpg.rf.315f196df851299e6911c4f134149552.jpg,1,0,1,1,0,0
FIMG_0261_JPG_jpg.rf.23372538ed1ebf94df37a6064bb68402.jpg,1,0,0,1,0,1
FIMG_0258_JPG_jpg.rf.0853c1431ecd82f4fa6ab9ad9f575f2b.jpg,1,1,0,1,0,1
FIMG_0257_JPG_jpg.rf.86a1099ed0f90542d88744c45eb85118.jpg,1,0,1,0,1,0
FIMG_0251_JPG_jpg.rf.a25007b00159590d715619d7be42b6a7.jpg,1,1,0,1,1,1
FIMG_0254_JPG_jpg.rf.c1c5788b9785f19879850b7b3c31f9eb.jpg,0,1,1,1,0,0
FIMG_0257_JPG_jpg.rf.b43548f37f168e561a3f27088aa487dc.jpg,1,0,1,1,1,0
FIMG_0261_JPG_jpg.rf.d10dfe5c28e1ae471879a3bf7c8e1e7a.jpg,1,1,0,0,1,0
FIMG_0315_JPG_jpg.rf.ebe78e995b269b0d45c486a171b8872a.jpg,1,1,1,0,1,0
FIMG_0250_JPG_jpg.rf.1d97e1c5d19c3f67854116d684ebe7d3.jpg,1,1,0,0,1,0
photo_2024-03-30-13-58-51_jpeg_jpg.rf.ec71c9359b6fa668ba0ade14f43d3657.jpg,0,1,0,1,0,1
FIMG_0251_JPG_jpg.rf.e816170f7f190dbd35c13ad10dc5d44b.jpg,1,1,1,1,1,0
FIMG_0315_JPG_jpg.rf.51f4460e30e017c21b23427e55a1f890.jpg,0,0,1,1,0,0
FIMG_0248_JPG_jpg.rf.3b06e0162b677c3e802346dc87b3e2d5.jpg,1,1,1,1,1,1
FIMG_0243_JPG_jpg.rf.c9eccbbf0a421419cca2cb66a91c654f.jpg,1,1,1,1,1,0
FIMG_0252_JPG_jpg.rf.1a2ad47d0d4da4e9e15100a4bc6c090e.jpg,1,0,1,1,1,0
FIMG_0253_JPG_jpg.rf.f62443b3f8c21425d4567a4bc3f0a7a3.jpg,1,0,1,1,0,1
FIMG_0262_JPG_jpg.rf.359e66cc650c27fdcf423bf9791b8527.jpg,0,1,1,1,1,0
FIMG_0258_JPG_jpg.rf.04a5a0f913f965e429e42a9358edc19a.jpg,1,1,1,1,0,0
FIMG_0249_JPG_jpg.rf.63e424413b38e4c426552fd304ce2b7c.jpg,0,1,1,0,0,0
FIMG_0262_JPG_jpg.rf.1f5907d02fbdbce54ab4bbb66e295d85.jpg,1,1,0,1,1,0
FIMG_0247_JPG_jpg.rf.4c372c9b63e96926542f8329ea41508e.jpg,1,0,1,1,0,0
FIMG_0220_JPG_jpg.rf.51ddf6ee8123672de0da4b1426074a60.jpg,1,1,1,0,0,1
FIMG_0248_JPG_jpg.rf.86f697c1d239af3852590a3d423e4ac3.jpg,1,0,0,0,0,1
FIMG_0250_JPG_jpg.rf.920864556e12079320eedfa6f79117f5.jpg,1,1,1,0,1,1
FIMG_0254_JPG_jpg.rf.f45906ea9d553970578e3ac37ad08e5e.jpg,0,1,1,1,1,0
FIMG_0252_JPG_jpg.rf.94f30b685a75fb1c794180bf22eb37d5.jpg,1,0,0,1,1,1
FIMG_0263_JPG_jpg.rf.59676c2fc81e7440d46ccf837d1cc49b.jpg,0,1,0,1,1,1
FIMG_0263_JPG_jpg.rf.8f2452ee77f715c8ecb551bff9ff1cc2.jpg,1,1,0,1,1,0
FIMG_0249_JPG_jpg.rf.bf152b137f79aa8f5de6392bbe2211b1.jpg,1,1,0,1,1,0
404_image_palm_jpeg_jpg.rf.00f676bcb5e35a7f8126045cdba0990b.jpg,1,1,0,0,1,1
FIMG_0269_JPG_jpg.rf.00e8d6d3c0e49aad52bd06f281bf6768.jpg,1,1,1,1,0,1
564_image_palm_jpeg_jpg.rf.3cc7ad58db2b3f92058da761a695d52b.jpg,1,0,1,0,1,0
FIMG_0220_JPG_jpg.rf.9f5fea56ad15d9ce73a8c138cbc28781.jpg,1,0,0,0,1,1
FIMG_0246_JPG_jpg.rf.13a0e2f7702bab6595482c204547d732.jpg,1,1,1,1,1,1
FIMG_0222_JPG_jpg.rf.1cc8d89ba860843d8d9774cb92271866.jpg,1,1,1,1,1,1
626_image_palm_JPG_jpg.rf.0d404088fd41efab76594089563332b7.jpg,1,1,0,1,0,1
FIMG_0223_JPG_jpg.rf.2cfaaddad9cf9c469a055bbc471c851c.jpg,1,1,0,1,1,0
FIMG_0222_JPG_jpg.rf.21d5feda0d22542214aad4e2c39d262c.jpg,1,1,0,0,1,1
407_image_palm_jpeg_jpg.rf.3f7f625711e370017b9145307ce0f030.jpg,1,1,1,0,1,0
FIMG_0262_JPG_jpg.rf.789a288cde9f613795ced3a4039cecc5.jpg,1,0,0,1,0,1
367_image_palm_jpeg_jpg.rf.7661dd994d5387d23b8e4dcd09a4cd2f.jpg,0,0,0,0,0,1
FIMG_0269_JPG_jpg.rf.d65a1bf5f4281b38c2b13d1372aac057.jpg,1,0,1,1,1,1
FIMG_0246_JPG_jpg.rf.d8aba84a52cd769993906fc7ead561f9.jpg,0,1,1,0,1,0
643_image_palm_JPG_jpg.rf.05621406685a4473e37ac7b547358558.jpg,1,0,1,0,0,1
FIMG_0220_JPG_jpg.rf.62ee28b9a9b19f2e69e86dc9a286d643.jpg,1,0,0,1,0,1
FIMG_0221_JPG_jpg.rf.d3e3dd6a7965b989385c42b35f85d8b1.jpg,0,1,0,1,1,1
Hand_0002716_jpg.rf.296a8293fdfd3e3555904aef4344f1a3.jpg,1,1,1,1,0,1
288_image_palm_jpeg_jpg.rf.beb30e0ce6d0ef475209ad1c8dafa74a.jpg,1,1,1,0,0,1
80_image_palm_jpeg_jpg.rf.98366916ef4d3990dcbcd94a9a6df7d6.jpg,1,0,1,1,0,0
FIMG_0245_JPG_jpg.rf.e0c5caf0c63df240c4253f0173ec50fe.jpg,0,1,0,1,1,0
FIMG_0245_JPG_jpg.rf.057da23093152f75329a9b346df56615.jpg,1,1,0,1,1,0
7_image_palm_jpeg_jpg.rf.b03519a17e91045d335159afa804825a.jpg,1,1,1,1,0,0
636_image_palm_JPG_jpg.rf.54f31dab3b4242e0aa14d04e5b999077.jpg,1,1,0,1,0,0
FIMG_0270_JPG_jpg.rf.f07790727f8c051c082db1a7b9a4cb00.jpg,0,0,1,1,0,1
648_image_palm_JPG_jpg.rf.57239b8567c2f02a76f8162a547cc0ba.jpg,1,0,0,1,0,0
638_image_palm_JPG_jpg.rf.82da7c36be098847c951daa58f317d72.jpg,1,0,1,1,1,0
FIMG_0249_JPG_jpg.rf.8e466b4c1257c351f5143b1568149ba7.jpg,1,0,0,1,1,0
68_image_palm_jpeg_jpg.rf.2883f38685f07bd381480084d2c8ebdf.jpg,1,1,1,0,1,1
FIMG_0245_JPG_jpg.rf.496b4815cfdf7f576ca294ae32725952.jpg,1,1,0,0,1,0
FIMG_0332_JPG_jpg.rf.5cc49acb82e4e247a739f173eb7da07b.jpg,1,1,1,0,1,1
Hand_0002718_jpg.rf.8fab9ab8da881e9b3cfd11a5a4679b4d.jpg,1,1,1,1,0,1
Hand_0002718_jpg.rf.88b23e30e94530454686a14de76366a7.jpg,1,1,0,0,0,1
647_image_palm_JPG_jpg.rf.a3ed40a82bb377b3e987721d3ba4f5a8.jpg,1,1,1,0,0,1
641_image_palm_JPG_jpg.rf.9f515acf3eacc645dcde1a3348d90b1e.jpg,1,1,1,0,1,0
646_image_palm_JPG_jpg.rf.3159de881795feafdbe94b2515f9e2aa.jpg,1,1,0,0,1,1
639_image_palm_JPG_jpg.rf.06e0445240761b0e367826812cefc851.jpg,1,1,1,0,1,1
FIMG_0222_JPG_jpg.rf.e22e11770144e30782c16cf9b1679f8d.jpg,1,1,0,0,0,0
649_image_palm_JPG_jpg.rf.af4b109b83fb5dab978132795d19822b.jpg,1,1,1,1,1,0
645_image_palm_JPG_jpg.rf.e4620e08cbad1426c7f66d36dbfb5fa9.jpg,0,0,0,0,1,1
637_image_palm_JPG_jpg.rf.9394404cdf8f4596275e4e88f9f92ff9.jpg,1,1,1,1,0,1
Hand_0006618_jpg.rf.232e6821a6590657a91fe1810e5e48b2.jpg,1,1,1,1,1,0
FIMG_0248_JPG_jpg.rf.5554ca140b52b2df5347e7897c835973.jpg,1,1,0,1,1,1
Hand_0002716_jpg.rf.c7a9f890dcf03b16d8da8c9582f1448b.jpg,1,1,1,1,0,1
374_image_palm_jpeg_jpg.rf.ae15e73707c3d7373534b256351e340c.jpg,0,1,1,1,1,0
Hand_0006654_jpg.rf.54b794b3d7c6e2346f58817d281ebe2e.jpg,1,1,1,1,1,1
Hand_0006576_jpg.rf.3a4915ba475d478759489da6b7c90355.jpg,0,0,1,1,0,1
FIMG_0281_JPG_jpg.rf.50d24acc04a30dcfb2f382edd7d152f2.jpg,0,0,0,1,0,0
Hand_0006627_jpg.rf.40f499087715869421055d6c80cc5346.jpg,1,1,1,0,1,1
Hand_0006621_jpg.rf.b52187ed80c8f62f098984ef7b1e67a2.jpg,1,1,0,1,0,1
Hand_0006652_jpg.rf.b254e0e53a40d8da5360eca6a19c79b1.jpg,0,1,0,1,1,0
Hand_0006577_jpg.rf.bf415f2ca8fea70ea5d41de99a9e1af6.jpg,0,0,0,1,1,0
Hand_0006596_jpg.rf.b85ef75217ceb01ac93c5305087e400e.jpg,1,1,1,1,0,1
Hand_0006598_jpg.rf.2b61dfca2908690b08f1987300c065bd.jpg,0,0,1,1,0,0
Hand_0006599_jpg.rf.cb7f595f8969d13d2ca287d9a164113e.jpg,1,0,1,1,0,0
Hand_0006624_jpg.rf.f4674c27f2cb140c0b1e7789f343223f.jpg,1,1,1,0,1,1
Hand_0006628_jpg.rf.fb493aa33bd1baccf96c00efcf9a4e0d.jpg,1,1,0,1,1,1
FIMG_0340_JPG_jpg.rf.a7df24958f0c95a524e516f7e91c878a.jpg,1,1,1,1,1,1
Hand_0006578_jpg.rf.05aee90dcfb73a5468b9fd1ab7a11109.jpg,1,1,0,0,0,0
FIMG_0339_JPG_jpg.rf.af84d1ce8a8ea43764e4eb458081e055.jpg,1,1,1,0,1,0
FIMG_0274_JPG_jpg.rf.00d83416f1d1b5860d6d6175d10b5d49.jpg,1,1,0,1,1,1
Hand_0002761_jpg.rf.8ee9d7b02422c89de4546e2aecfd03a3.jpg,1,1,0,1,0,1
Hand_0002764_jpg.rf.734b8c7647a0d584fd4aed4bf489da9e.jpg,0,0,1,1,1,1
FIMG_0278_JPG_jpg.rf.314f97a00ea841b866ed8aa8ed3d41a3.jpg,1,1,0,1,1,1
631_image_palm_JPG_jpg.rf.af27d3d47c1b053065146ef75797bfb8.jpg,1,1,1,1,0,0
FIMG_0332_JPG_jpg.rf.5ec4659b3182e37f9c3f024ce482dd41.jpg,1,0,1,1,0,1
Hand_0006546_jpg.rf.f6c95fca4521942a0e8546a7ec58b5da.jpg,0,1,1,1,1,0
FIMG_0272_JPG_jpg.rf.2328eb02b3b7fae208df343c0173a3a9.jpg,1,0,1,1,1,1
FIMG_0277_JPG_jpg.rf.298ceea1da5a3ea9372514d6bfdf47fc.jpg,1,0,1,1,1,1
FIMG_0273_JPG_jpg.rf.4b9a769e53d23a197d122e80c6ff6d0b.jpg,1,1,1,1,1,1
FIMG_0270_JPG_jpg.rf.4cd176db65264d311d5dad8059771436.jpg,1,1,0,0,0,0
Hand_0006653_jpg.rf.9ef155cbc145a7f59c49f3009cce28d2.jpg,1,0,0,1,0,1
Hand_0002761_jpg.rf.95e0cec8059e3a0360c25d7cd0425e65.jpg,0,1,0,1,1,0
Hand_0006591_jpg.rf.344cbe91c11c4d550f77835105e9a279.jpg,1,0,1,0,1,0
FIMG_0273_JPG_jpg.rf.b1d6a02a9efc2e62033a4eb9221e929e.jpg,0,1,0,1,1,0
FIMG_0273_JPG_jpg.rf.0878342e6f543b17e8da96cc946d36a6.jpg,1,1,0,1,0,1
FIMG_0270_JPG_jpg.rf.bf71441cc6762eb082478a10ab96d394.jpg,0,1,0,0,0,0
Hand_0000909_jpg.rf.e259853f83d76c2d07890d0b29261e24.jpg,0,0,0,1,0,0
FIMG_0274_JPG_jpg.rf.d6147c1498458b41d5e0834d78f8d8ce.jpg,1,0,1,1,0,1
FIMG_0278_JPG_jpg.rf.a6e052d81e5ea938116bd9eb9ddecbe4.jpg,0,1,0,1,0,1
89_image_palm_jpeg_jpg.rf.31222a61d97305ac8472a60b8c71f57f.jpg,1,1,0,1,1,0
Hand_0006616_jpg.rf.294e055178b2e81a7181ceb2d239eaca.jpg,1,0,0,1,1,1
FIMG_0271_JPG_jpg.rf.ead2b737684f23e5861419cd85141aaa.jpg,0,1,0,1,1,0
FIMG_0234_JPG_jpg.rf.57166c413e3be29cc6d3c877840d7df8.jpg,0,1,1,1,0,1
FIMG_0271_JPG_jpg.rf.27b2750b2e9ba3f34987c46528f12c69.jpg,1,0,0,1,1,1
FIMG_0230_JPG_jpg.rf.60172018e152f5011be936b366123ce8.jpg,1,1,1,1,1,0
FIMG_0277_JPG_jpg.rf.6352f45e5b7abbb9133c36c5be6ad5dc.jpg,1,0,0,0,1,0
FIMG_0236_JPG_jpg.rf.37b4c8bca5c2f16fb000a853016824d9.jpg,1,0,0,1,0,0
FIMG_0272_JPG_jpg.rf.81a64c44a154c305958e92fc7c921360.jpg,0,0,0,1,0,0
FIMG_0278_JPG_jpg.rf.6a9a929cc0d735207db5f49de254916d.jpg,1,0,0,1,0,0
FIMG_0236_JPG_jpg.rf.949b2d5524b1f199e63d1d73d3f25662.jpg,1,1,1,1,0,1
FIMG_0234_JPG_jpg.rf.9df87f08139b16a6d70e565b55cec07b.jpg,0,0,1,0,1,0
FIMG_0230_JPG_jpg.rf.a6c953c0e64af9fef5c5d45daddfe02b.jpg,0,1,1,1,0,1
FIMG_0274_JPG_jpg.rf.cb0b1a67b2e295b12f2e9af2aebed124.jpg,1,0,1,1,1,0
FIMG_0230_JPG_jpg.rf.1fd88dedf426b4ae4de0d462c3b607f1.jpg,1,1,0,1,0,1
FIMG_0229_JPG_jpg.rf.809c8e66e48cbdc77aa9eed6f839c14e.jpg,1,1,1,0,1,1
FIMG_0237_JPG_jpg.rf.3f787726c60cacad4cc1e0710ea806fd.jpg,1,1,1,1,1,1
FIMG_0229_JPG_jpg.rf.21919bd02c0cc7895a7fb6ec8e63277d.jpg,1,1,1,0,1,1
FIMG_0232_JPG_jpg.rf.a7e5e503165a37e88ce7df8dbfe35a5d.jpg,1,0,0,1,1,0
FIMG_0227_JPG_jpg.rf.f9496d05c453538ac3b9c1e2305e0b5d.jpg,0,1,1,1,0,1
FIMG_0232_JPG_jpg.rf.cec9bc8667a6e9e7fda4ade860dc568e.jpg,1,1,0,1,1,0
90_image_palm_jpeg_jpg.rf.621d46c187e15b77f562754ca030c53d.jpg,1,0,1,1,0,1
FIMG_0234_JPG_jpg.rf.397a642e05d93b1de1108b7e39d08f12.jpg,0,0,1,1,1,1
FIMG_0310_JPG_jpg.rf.05a634e09c455e04d6bf8e7c5266f567.jpg,0,1,1,1,1,1
65_image_palm_jpeg_jpg.rf.f6c753174aee5fbbd545ad8dd7731637.jpg,1,0,0,1,1,0
FIMG_0313_JPG_jpg.rf.0b4f621a629e78e3acdd3c07afa8e5d2.jpg,1,1,1,1,1,1
FIMG_0272_JPG_jpg.rf.f4ec0b8a0fe94daed00649a47c537a29.jpg,1,0,1,1,0,0
FIMG_0227_JPG_jpg.rf.b6576aee33b2a2398d6a0e0e3277748f.jpg,1,1,1,1,1,1
FIMG_0229_JPG_jpg.rf.b41de7cc767f3bdc3adb90289bbb55ec.jpg,1,1,1,1,0,1
FIMG_0232_JPG_jpg.rf.fa3610c82ddfb8527691d7716d17c305.jpg,1,1,0,0,1,1
FIMG_0271_JPG_jpg.rf.16b4f3f5203803018a051bce8f7246f3.jpg,1,0,0,1,1,1
FIMG_0314_JPG_jpg.rf.23ebc4c0d81f89792264a4759db3e72a.jpg,0,0,0,1,1,1
FIMG_0239_JPG_jpg.rf.18dfdd284da31a1cb4d022ece7983384.jpg,1,1,1,1,0,0
FIMG_0314_JPG_jpg.rf.56ac8219a55f9e84baf106f7928681ae.jpg,0,1,1,1,1,1
FIMG_0309_JPG_jpg.rf.20e26ad60b1f3c804644c8439d006079.jpg,1,1,0,1,0,1
FIMG_0312_JPG_jpg.rf.3d9d72f689bef0556b8fa47366417e9a.jpg,1,0,1,1,1,1
FIMG_0244_JPG_jpg.rf.19c29030658d434a461cc8d60fecf0b8.jpg,1,1,0,0,0,1
FIMG_0311_JPG_jpg.rf.5aeff68ed6b9b7d290798d72c0ee6418.jpg,1,1,1,1,1,1
FIMG_0236_JPG_jpg.rf.7bc34ec2274b29c0062466a0ec6c8a3c.jpg,1,1,0,1,0,1
FIMG_0308_JPG_jpg.rf.370067a1d7469a0dc5ca2b05d9cfbb27.jpg,0,1,0,1,1,1
FIMG_0313_JPG_jpg.rf.8a750c4fa56864501d4499df58179814.jpg,1,1,1,1,0,1
FIMG_0311_JPG_jpg.rf.a1ef8901c88ae5ad7a94a38911d4f3bf.jpg,1,0,0,1,0,1
FIMG_0289_JPG_jpg.rf.1cd7593ee7601761bf264ab6e69b416d.jpg,1,0,0,1,1,0
FIMG_0312_JPG_jpg.rf.3b3ea645217b8bde1443efe11440d268.jpg,1,1,1,1,0,0
FIMG_0310_JPG_jpg.rf.a808f5454afd9f88701a6d99aa7bd144.jpg,0,1,1,1,1,1
FIMG_0311_JPG_jpg.rf.e62d036abd79e92d04f47deb29046eb8.jpg,1,1,0,1,0,0
FIMG_0288_JPG_jpg.rf.24419f316a51cedaeacd93f7259c3f16.jpg,1,1,0,1,0,1
FIMG_0286_JPG_jpg.rf.1d81d6c02c2d37872fc10dbd41a71c89.jpg,1,0,0,1,1,0
FIMG_0288_JPG_jpg.rf.0bfce2d52be0e9202f69802552d8939e.jpg,1,0,0,0,0,0
FIMG_0182_JPG_jpg.rf.18c85105834be50fc7ea9ae6a8cb9381.jpg,1,1,1,1,0,1
FIMG_0183_JPG_jpg.rf.26f9d4369815b8ceac5a3a2e6a11cf92.jpg,1,1,1,1,0,1
FIMG_0292_JPG_jpg.rf.6d10bb205c8d93c4f5db50b56503c5eb.jpg,0,0,0,1,0,1
FIMG_0294_JPG_jpg.rf.9ae8c477c3cfb18fba15deb5150713cc.jpg,1,0,0,1,0,1
FIMG_0291_JPG_jpg.rf.6dc41825f54e78bcf41558880e472446.jpg,0,1,1,1,1,0
FIMG_0292_JPG_jpg.rf.9c69dd62e49d17eb6cfaddbb5e9477e7.jpg,0,1,0,1,0,1
67_image_palm_jpeg_jpg.rf.df55a9437128388fca16633829e11fb3.jpg,1,1,1,1,0,0
FIMG_0289_JPG_jpg.rf.19be785912d84af9b6f7b50a55e36026.jpg,1,1,1,0,0,1
FIMG_0286_JPG_jpg.rf.9b7bc268dcbeefeade4620068d4c2b39.jpg,1,0,0,1,0,0
FIMG_0310_JPG_jpg.rf.0a006ab7a5d157bbff3db0ff4864d308.jpg,1,1,1,0,1,0
photo_2024-04-04_21-16-02_jpg.rf.5a0a23688766e7424b990058c5ad5e96.jpg,1,0,0,1,1,0
FIMG_0309_JPG_jpg.rf.f7c613d877a3060eb751dcdf87934609.jpg,1,1,1,1,1,1
FIMG_0289_JPG_jpg.rf.a3389109e30eae97d6f58a16018c4177.jpg,1,1,0,1,1,1
FIMG_0291_JPG_jpg.rf.a5062e95a3486c82107f529badcecd31.jpg,0,0,1,1,1,0
FIMG_0287_JPG_jpg.rf.c3fcc66416ffa06daf8e54ad53f92704.jpg,1,0,1,1,1,0
photo_2024-03-30-13-58-52_jpeg_jpg.rf.1e07e613ff046146ed633bfe8f8ac000.jpg,0,1,1,0,0,0
FIMG_0291_JPG_jpg.rf.da8c523d1ea4b99093b7afb36d56a350.jpg,1,1,1,1,1,1
FIMG_0287_JPG_jpg.rf.c8c97f339a0027ce83023bf40ee0f8bd.jpg,1,0,1,1,0,0
FIMG_0324_JPG_jpg.rf.54192b76560b45e4303e37f75fe6922b.jpg,1,1,1,1,1,0
FIMG_0309_JPG_jpg.rf.f73c777ee061364dfe5678d559092b0f.jpg,0,1,0,1,0,1
FIMG_0292_JPG_jpg.rf.e18bf9f43ab1b21bf22b3c96bf3b30b6.jpg,1,1,0,1,1,1
FIMG_0322_JPG_jpg.rf.33d27178ba4bf306c6326e44146187d8.jpg,1,1,1,1,1,1
FIMG_0316_JPG_jpg.rf.3dbc167626edff7d17e4dbc858fce301.jpg,1,1,0,1,1,1
FIMG_0313_JPG_jpg.rf.5ca7130639ce503f7347f366ea7f3e0a.jpg,0,0,1,1,0,1
FIMG_0287_JPG_jpg.rf.d5afde3c7ab7a3b4a32b6f75448fdea8.jpg,1,1,0,1,1,1
FIMG_0320_JPG_jpg.rf.9c8b309c65f9d938b4481c8f20e50c93.jpg,1,0,1,1,0,1
FIMG_0312_JPG_jpg.rf.9272b0938ffafc325f38918e949ccb6e.jpg,1,1,1,1,1,0
FIMG_0253_JPG_jpg.rf.64ed0aa38ff2d986dc3f1259c93babf5.jpg,1,0,1,1,1,1
FIMG_0323_JPG_jpg.rf.a12932a16b8f9a94252c1cdb94f65f05.jpg,1,1,1,1,0,1
FIMG_0316_JPG_jpg.rf.4a9507ed7a960df20412cccefafbd6b3.jpg,0,1,1,1,1,1
FIMG_0323_JPG_jpg.rf.a1dd5d26b7ea67454ba08fab66dde724.jpg,1,1,0,1,0,0
FIMG_0319_JPG_jpg.rf.26583bc8e52a74cb087382481215b11f.jpg,1,1,1,1,0,1
FIMG_0261_JPG_jpg.rf.114dfa582f8dcc7442732a8c66bbd299.jpg,1,1,0,0,0,1
FIMG_0320_JPG_jpg.rf.7bbe2a3cab15a4a3ccbf09c6c558a147.jpg,1,1,0,1,1,0
FIMG_0319_JPG_jpg.rf.a6e5673e2fe203026afa05ae6252a305.jpg,1,0,0,1,1,0
FIMG_0323_JPG_jpg.rf.b9f5c2c95cf688948c4f15204f7feb4b.jpg,1,0,1,1,1,1
FIMG_0324_JPG_jpg.rf.bf6b6186baf85334416e5dbfcde068d0.jpg,1,1,0,0,0,1
FIMG_0258_JPG_jpg.rf.bdeeb9b06da1f3d991e82bca662d0b22.jpg,1,1,1,1,0,1
FIMG_0320_JPG_jpg.rf.e51625f0cf3b28d8de9accc0d005fc4b.jpg,1,0,0,1,1,0
FIMG_0322_JPG_jpg.rf.efeeb5ff68eccf25730b4860b0c545a5.jpg,1,0,1,1,1,1
FIMG_0322_JPG_jpg.rf.f1634430edc91e616f66f7dda8d43528.jpg,1,0,0,0,1,0
FIMG_0288_JPG_jpg.rf.d65c528743912c99370b1121be407de1.jpg,1,1,0,1,0,0
FIMG_0267_JPG_jpg.rf.11dad047de18eee3a52b5f2d1afb7c03.jpg,1,0,0,1,0,0
FIMG_0265_JPG_jpg.rf.213cf3b193f405d4bf085acac3bcaed8.jpg,1,1,0,1,1,1
photo_2024-03-30-13-58-53_jpeg_jpg.rf.682f51575d7cd1f8bbcb07cd7cc6de52.jpg,0,0,1,1,0,1
FIMG_0266_JPG_jpg.rf.126bff46696948526acc51358cd2cd06.jpg,1,0,1,1,0,1
FIMG_0266_JPG_jpg.rf.645fa6419af0a5ca58cdfa4f0f6923a5.jpg,1,0,0,1,0,0
FIMG_0266_JPG_jpg.rf.6d854be7cbe1b005c51be14840ab7759.jpg,1,0,0,0,1,0
FIMG_0267_JPG_jpg.rf.8ed57e42d39615f2fa01d2aacb429f6d.jpg,0,1,1,1,0,0
348_image_palm_jpeg_jpg.rf.5a709db763a874cd9f5de4adfa809a52.jpg,1,0,1,0,1,1
FIMG_0269_JPG_jpg.rf.6288b03cedfd83d98e4f2500894470a7.jpg,0,0,1,1,0,1
FIMG_0268_JPG_jpg.rf.ba0e97bcd536ddbca5f15d5020c7dbf5.jpg,1,1,1,1,1,0
FIMG_0264_JPG_jpg.rf.a8f82da9c6dc54f4abe4d7f347acfcac.jpg,1,0,0,1,0,0
FIMG_0246_JPG_jpg.rf.a5f6774fc8e44133d6aa036fd5914641.jpg,1,1,0,1,1,0
FIMG_0268_JPG_jpg.rf.fee6c97be9a3b4e5afc7c39e904bc603.jpg,1,0,1,1,0,1
FIMG_0264_JPG_jpg.rf.b36c410c266297fccf10e8483650032a.jpg,1,0,0,1,0,1
FIMG_0263_JPG_jpg.rf.be9872f8e1ed5cb90faa4168e28dfc3d.jpg,0,1,1,1,1,1
FIMG_0267_JPG_jpg.rf.a96a9a0a943e9523928aa9af6035519d.jpg,1,1,1,1,0,1
FIMG_0265_JPG_jpg.rf.d0ddfca035ecc7c8a09527cc1918f1de.jpg,1,1,0,1,1,0
FIMG_0280_JPG_jpg.rf.36dae5d2d2f1525cbd853bb2497f0e98.jpg,1,1,1,1,1,1
FIMG_0265_JPG_jpg.rf.3aa6880cba9864b490c2ce43f52b60f6.jpg,0,1,0,0,1,1
FIMG_0268_JPG_jpg.rf.f2e558657bfdc541ba04ea0e68ef596a.jpg,0,0,0,0,0,0
FIMG_0281_JPG_jpg.rf.77d42f957c73b65880ce4830921daba4.jpg,0,1,0,1,0,1
FIMG_0284_JPG_jpg.rf.5f830fb39ac8ffee7394881c0fb6a03b.jpg,0,1,1,1,0,1
FIMG_0282_JPG_jpg.rf.d0fdc67f56e8c01402a746dd8fd83973.jpg,1,1,0,1,1,1
FIMG_0264_JPG_jpg.rf.b7e4c8748e376de260177ab4bc911e15.jpg,1,0,1,1,1,1
FIMG_0283_JPG_jpg.rf.8f585779b63b799e4ebdc4efdf76d5e2.jpg,0,1,1,0,1,1
FIMG_0283_JPG_jpg.rf.f451fb69d3c515247a3c0bc4dae8c763.jpg,1,0,0,1,0,1
FIMG_0331_JPG_jpg.rf.1b38fd918f15333efae1aaac7165fc99.jpg,1,1,0,1,1,0
642_image_palm_JPG_jpg.rf.07ea02c74e0587d35abf2abe40f2b3dd.jpg,1,0,1,1,0,0
FIMG_0283_JPG_jpg.rf.f277e2e585ef740e744b2138aa162b40.jpg,1,0,1,0,0,1
FIMG_0285_JPG_jpg.rf.4bc4b5d3cf5b0e4a8f48592f8aebe9e1.jpg,1,1,1,1,0,1
Hand_0006619_jpg.rf.d70dc437f161a90a3c7b53f8afd3bb23.jpg,0,0,1,1,1,0
FIMG_0282_JPG_jpg.rf.066ddeccab4c253081290fd92c938ba5.jpg,0,1,0,0,1,0
FIMG_0280_JPG_jpg.rf.9d9bda3233966ff6349a86288bfc2705.jpg,1,1,1,0,1,1
FIMG_0280_JPG_jpg.rf.230da5dca16e11acdd7cc45ea9c5d9b6.jpg,1,1,1,1,1,1
FIMG_0336_JPG_jpg.rf.36d7689bb3ae716d4369779e7f1f2b40.jpg,1,1,0,1,1,1
FIMG_0279_JPG_jpg.rf.6a98ef92e99e310eaf509db7ce64acbb.jpg,1,0,1,1,0,0
FIMG_0279_JPG_jpg.rf.308499ac2852a70b999c272aebb998af.jpg,1,0,1,1,0,1
FIMG_0336_JPG_jpg.rf.41681b4180d9b9765d8c3f07cc5ce9ce.jpg,1,0,1,1,0,1
FIMG_0333_JPG_jpg.rf.361952c991bb826c47fcc2a766a740d8.jpg,1,1,1,0,0,1
FIMG_0282_JPG_jpg.rf.8dba09f609a32a96048f49d03ee09348.jpg,0,1,0,1,0,1
FIMG_0338_JPG_jpg.rf.9b4b331c41ae67ba6e2111d56f29c2d2.jpg,1,0,0,1,0,0
FIMG_0339_JPG_jpg.rf.a129965215591764ab7f2ec0456464b8.jpg,1,1,0,1,0,0
FIMG_0338_JPG_jpg.rf.867f3a8c21067e056daef87062e83883.jpg,1,0,1,1,1,1
640_image_palm_JPG_jpg.rf.d839b494b215d5d0ac7154c6637a2062.jpg,1,0,1,1,1,1
FIMG_0333_JPG_jpg.rf.c63821686fc2d90365dbad4c1dcecb6c.jpg,1,0,1,1,0,1
FIMG_0247_JPG_jpg.rf.c894af3bc9682b75c725060e40a0d78b.jpg,0,1,0,1,1,1
FIMG_0338_JPG_jpg.rf.863c181e5c22d4b432fff38d2c2c5d4d.jpg,1,1,1,1,1,0
FIMG_0334_JPG_jpg.rf.b308d929de53eefb27777aba04400354.jpg,1,1,1,1,0,0
FIMG_0336_JPG_jpg.rf.ff22924031ac227d55d7650d0c103257.jpg,1,0,1,1,0,0
FIMG_0341_JPG_jpg.rf.01ab9b6dc7e9923b2e00bd3fb17a78b7.jpg,1,1,0,1,0,1
FIMG_0337_JPG_jpg.rf.e025ce5c08f6c8104648033ffa892cad.jpg,1,1,1,1,0,0
FIMG_0337_JPG_jpg.rf.f81ad6e9939d96c3c19e38c5935afc7b.jpg,1,1,1,1,1,1
FIMG_0325_JPG_jpg.rf.706a8c23475317e1a66bf32b1ab77a9e.jpg,1,1,1,1,0,0
FIMG_0334_JPG_jpg.rf.291d64b8d6805f577f256765dd53de2b.jpg,0,1,0,1,0,0
FIMG_0325_JPG_jpg.rf.23f46348574b986db65648ccf4d37141.jpg,1,1,0,0,1,1
FIMG_0284_JPG_jpg.rf.f717cc1b72a86d411be2a9f9476d6b21.jpg,1,0,1,0,1,1
FIMG_0284_JPG_jpg.rf.ed6fb21a3203bde85ef12796a02164e9.jpg,1,1,0,1,0,1
FIMG_0285_JPG_jpg.rf.56725d7e101356dcb6c052f4c5d19ccb.jpg,0,0,1,1,0,0
FIMG_0324_JPG_jpg.rf.24a7fe4a76c7938b48bc14b91ab7bf70.jpg,0,0,0,1,0,0
FIMG_0334_JPG_jpg.rf.db3df48af041abf78eedddfd12625aa2.jpg,0,1,1,1,0,0
FIMG_0326_JPG_jpg.rf.2c6ddbef266730ff2ed0b0877a614955.jpg,1,1,1,0,1,0
FIMG_0330_JPG_jpg.rf.657865e73270bab8a5c16d11133718c2.jpg,1,1,1,0,1,1
FIMG_0326_JPG_jpg.rf.9ff74207503321eb3031f50f748aa852.jpg,0,1,1,0,1,1
Hand_0005444_jpg.rf.984bbfaab305e6fc137838a4f286a497.jpg,0,0,0,1,1,0
FIMG_0328_JPG_jpg.rf.a6be7f220185ae716c47e256565868ff.jpg,1,1,1,1,0,0
FIMG_0328_JPG_jpg.rf.886878263f048c064ac3cd7cca75963f.jpg,1,1,1,0,0,0
FIMG_0279_JPG_jpg.rf.738777c3c9a856d870735fa6fe0e3f8f.jpg,1,0,1,0,1,0
FIMG_0329_JPG_jpg.rf.a8454c9e4bbf3f5f8fc29f45995bf957.jpg,1,0,1,1,0,1
FIMG_0330_JPG_jpg.rf.bf0d6628e3c922d45771da579bbc7f2a.jpg,1,1,0,0,1,0
FIMG_0326_JPG_jpg.rf.bf938048cb9f28240d81f95d531d3043.jpg,1,1,1,1,1,1
FIMG_0329_JPG_jpg.rf.b7dd8d375a05cf32f1bad891349d443b.jpg,1,0,1,1,0,1
FIMG_0319_JPG_jpg.rf.e53d738958ab909956610535a5249b56.jpg,1,0,0,1,1,1
FIMG_0337_JPG_jpg.rf.5ea47eb4c7603913d562b36fbba1b4f7.jpg,1,1,0,1,0,1
FIMG_0331_JPG_jpg.rf.d5b8ea33cfa60d2bb83b098812d860c6.jpg,1,1,1,0,0,1
FIMG_0316_JPG_jpg.rf.ecb7b099c652dd5e9a7b993d305122d9.jpg,0,0,1,1,1,1
Hand_0005442_jpg.rf.f2a38571b8e4cd83aff4f628e2c978f9.jpg,0,0,0,1,1,1
FIMG_0329_JPG_jpg.rf.e8b7c28cb64c3ba15f84f2318d27382e.jpg,1,0,0,1,1,1
FIMG_0300_JPG_jpg.rf.3a40d4249024c424212bbf03b74df965.jpg,0,0,0,0,0,1
FIMG_0325_JPG_jpg.rf.fc314201e94ebbd78db5aed7959b9292.jpg,1,1,1,1,1,1
photo_2024-04-04_22-58-43_jpg.rf.776a3dfa40e17562309e0fa7ed8211f9.jpg,1,1,1,0,0,1
FIMG_0333_JPG_jpg.rf.548867347447efb26e87931b04e3a2ef.jpg,0,0,1,0,0,1
FIMG_0300_JPG_jpg.rf.f536de9d179f93f585e08974910996fa.jpg,1,1,0,1,0,1
FIMG_0306_JPG_jpg.rf.4bf85f7f82e57bd6e124a2f0e5f64aae.jpg,1,1,1,1,1,0
FIMG_0332_JPG_jpg.rf.304034d381d9e72c46e50132b434fd6c.jpg,1,1,1,0,0,1
photo_2024-04-04_21-16-19_jpg.rf.0bba1987c140934953cd4c37b002fe37.jpg,0,1,1,1,1,1
FIMG_0308_JPG_jpg.rf.c921ad71b72a1b3e3ec0eecbd407c32b.jpg,1,0,1,1,0,1
FIMG_0304_JPG_jpg.rf.6d3e4fb223042122faca4ca5397434fe.jpg,1,0,0,1,1,0
photo_2024-04-04_22-53-11_jpg.rf.bfc7c6b5915994e48879ae108a8ab966.jpg,1,1,1,1,1,1
photo_2024-04-04_22-53-10_jpg.rf.30e4c7c959b1997892a3ac81468aacb8.jpg,1,1,0,1,1,1
photo_2024-04-04_22-58-56_jpg.rf.fc85a2badd0dfadcf23771433fb55888.jpg,1,1,0,0,1,0
FIMG_0281_JPG_jpg.rf.3d772929fd215baaa91703b7b4545624.jpg,0,0,1,0,1,0
FIMG_0307_JPG_jpg.rf.595f0c3759dd46f74e5d47c38236df33.jpg,1,0,0,1,1,0
FIMG_0307_JPG_jpg.rf.07734ab6eb96d17e4a206d853e1fa415.jpg,0,0,0,1,0,1
FIMG_0304_JPG_jpg.rf.13cf73f32a95dc2f9a75a127598f0922.jpg,1,1,1,1,0,1
FIMG_0305_JPG_jpg.rf.c00b949de7774eed5757c57c10008ad3.jpg,1,1,0,1,1,1
FIMG_0302_JPG_jpg.rf.647776df574ecb8e3ef71eeeb447a00f.jpg,1,1,0,1,1,0
FIMG_0305_JPG_jpg.rf.ba7b166085ceecfa98d0a2ed0ab7f295.jpg,1,1,1,1,1,1
FIMG_0139_JPG_jpg.rf.4e401d83525dfa218bd07cf3955d4176.jpg,0,1,0,0,1,0
FIMG_0306_JPG_jpg.rf.570279863e50b68c676bbd48b0178a29.jpg,1,1,1,0,0,1
FIMG_0307_JPG_jpg.rf.4efa4c3b9c721ed44ab410cf3e66d42c.jpg,1,0,1,1,0,0
FIMG_0306_JPG_jpg.rf.dad06cef88b7d4d5c3905c9ff447638b.jpg,1,1,1,1,1,1
FIMG_0304_JPG_jpg.rf.a41169dad45f39468c1b9e55fec353bc.jpg,1,1,1,1,1,0
FIMG_0339_JPG_jpg.rf.91ac8ad9e7464462c181a7af911cbd87.jpg,1,1,1,0,1,1
FIMG_0135_JPG_jpg.rf.cf4841613f7569107674b82081bb5490.jpg,1,0,0,1,1,1
FIMG_0340_JPG_jpg.rf.29ce190627e70592528347b0b7eb77f1.jpg,1,1,1,0,1,0
FIMG_0139_JPG_jpg.rf.069c0f59157213efa742770d8fdadad4.jpg,1,0,1,1,1,0
FIMG_0136_JPG_jpg.rf.bc49ad9034fcc4929b0f18b00ae08253.jpg,1,1,1,1,1,0
FIMG_0123_JPG_jpg.rf.35d9c2acf1203c24cb8abba3cd925016.jpg,0,1,0,1,1,1
FIMG_0340_JPG_jpg.rf.aeed6d29130cb3bd4391cd4a5b69f598.jpg,1,1,1,0,0,1
FIMG_0140_JPG_jpg.rf.f9ce102c6a67cf142b1a2ae54876abd0.jpg,1,1,0,0,1,1
FIMG_0135_JPG_jpg.rf.3250984251b67fe0b47aa5251ab462c5.jpg,1,0,1,1,0,0
FIMG_0140_JPG_jpg.rf.e313f0533e89904e1cc1f6a22e401927.jpg,1,0,1,0,1,0
FIMG_0212_JPG_jpg.rf.3cc55026a242aa8ca285b76867125a49.jpg,1,1,1,1,1,0
FIMG_0125_JPG_jpg.rf.7bf9a7ce20cf26a1c7508f4a8b914d10.jpg,1,1,0,1,0,1
FIMG_0169_JPG_jpg.rf.86cd70c1b75ae86458da327370f05e3a.jpg,1,0,1,1,0,1
FIMG_0138_JPG_jpg.rf.492eb053e7b643e6e2e022de0d95619f.jpg,1,1,1,1,0,1
FIMG_0135_JPG_jpg.rf.290939c2bd68c7732292e0ed50d830ed.jpg,1,1,1,0,1,0
FIMG_0137_JPG_jpg.rf.e50dbfc4b5dd533905526a53013d8edb.jpg,1,1,1,1,0,0
FIMG_0213_JPG_jpg.rf.6726fb7bc2436585b5e19f4c0dc28b31.jpg,1,1,1,1,0,1
FIMG_0136_JPG_jpg.rf.80552d8e0df0a2bd784aee13e75ed4a5.jpg,1,1,1,1,0,0
FIMG_0212_JPG_jpg.rf.b13e498e660cf6b73f3d191c976cd1d1.jpg,0,1,1,1,0,0
FIMG_0121_JPG_jpg.rf.d176edf27899bc22b3fde67e78891148.jpg,1,1,1,1,1,0
FIMG_0212_JPG_jpg.rf.dbacca406cd5db356cfb77b1d1672d24.jpg,1,1,0,0,0,0
FIMG_0213_JPG_jpg.rf.e7ba259e7db5f3426f9664a899f31a47.jpg,0,0,0,0,1,1
FIMG_0125_JPG_jpg.rf.f4b06e64f8601d51533f270137d8db90.jpg,1,1,1,0,0,1
FIMG_0126_JPG_jpg.rf.c561a8f24655474746cea35a20624691.jpg,1,1,0,1,1,0
FIMG_0136_JPG_jpg.rf.b7ed3dcc4ca8177d6be03e014faca7ec.jpg,1,1,0,1,0,0
FIMG_0125_JPG_jpg.rf.f6f0eee4ed90bd51a276e87a07aae5f7.jpg,0,1,1,1,0,1
FIMG_0137_JPG_jpg.rf.9a9b942361c3c7c59336eba5515a9e92.jpg,1,0,1,1,1,1
FIMG_0140_JPG_jpg.rf.3aed2e1b6e89c1d29e0366baea2039a6.jpg,0,0,1,1,0,1
FIMG_0216_JPG_jpg.rf.b253a672cd885cc5dfc14f1d6c52d984.jpg,1,0,1,1,1,1
FIMG_0142_JPG_jpg.rf.b7adb4732d9d89e3b6239154b611d205.jpg,1,0,0,0,1,1
FIMG_0213_JPG_jpg.rf.57ee6993eaee2af38bc6e894d33e31eb.jpg,1,1,1,1,1,1
FIMG_0092_JPG_jpg.rf.14a6737ea605596c12651bb7dcc69854.jpg,1,1,1,1,1,0
FIMG_0107_JPG_jpg.rf.198bbdc0e47ca21b8c3f417c69f0d5d4.jpg,0,1,1,1,1,1
FIMG_0107_JPG_jpg.rf.052488f50ccf06541c9ab0a2914b0fe1.jpg,0,0,1,1,0,1
FIMG_0169_JPG_jpg.rf.acca6db3788142011af19780f04fb8b8.jpg,1,0,0,1,1,1
FIMG_0105_JPG_jpg.rf.2cb66d54a78ff089f05113426971ce07.jpg,1,0,0,1,0,1
FIMG_0090_JPG_jpg.rf.245b1b90470cf284eaa571eccc9f330f.jpg,1,1,0,1,1,1
FIMG_0105_JPG_jpg.rf.4962c7ecf642ba6cb704f477e03fcf0f.jpg,1,0,0,1,1,1
FIMG_0106_JPG_jpg.rf.3b8ab0a2e2f77649cb2207ac9974b892.jpg,1,1,0,1,1,1
FIMG_0169_JPG_jpg.rf.ed02c6a9ab90906fa67d82b2c0000781.jpg,0,1,1,1,1,1
FIMG_0090_JPG_jpg.rf.7dfc863b6cdff3814082aef543008cfe.jpg,0,1,0,1,1,1
FIMG_0091_JPG_jpg.rf.a3e897f486a54f45cc02610749e9e0d4.jpg,1,1,1,1,0,0
FIMG_0122_JPG_jpg.rf.948a025e2c195a7655c600f8dc299426.jpg,0,1,1,1,1,0
FIMG_0164_JPG_jpg.rf.e3e8c150ed8e0a7b44af393d67d1fcb8.jpg,1,0,0,1,1,0
FIMG_0208_JPG_jpg.rf.53d2e4c274c131b564f3f009b59406c8.jpg,0,0,0,0,0,0
FIMG_0092_JPG_jpg.rf.54554bd1fd9b2a683f0286dc37895a37.jpg,1,0,0,1,1,1
FIMG_0106_JPG_jpg.rf.c68ee60869bd639ed42050317206e7c3.jpg,0,1,1,1,1,0
FIMG_0168_JPG_jpg.rf.de703bd5e9878c6c4e02c1d878ed16ac.jpg,0,1,0,1,0,1
FIMG_0211_JPG_jpg.rf.1236be1897cb99599f9796d4e7b801ad.jpg,0,1,1,0,1,0
FIMG_0211_JPG_jpg.rf.4ff935ff96adc30a18658c11e795562b.jpg,0,1,0,1,1,0
FIMG_0111_JPG_jpg.rf.392cc98ef539f06f440536517223de36.jpg,0,0,1,1,1,1
FIMG_0108_JPG_jpg.rf.62df6cb901c1f7430f20f1b2fe552655.jpg,1,1,1,0,1,1
FIMG_0112_JPG_jpg.rf.6cf35a3dc1bd16b3e4cd8eb70e63a637.jpg,1,1,1,0,1,1
FIMG_0106_JPG_jpg.rf.5eb16b1cb3552547e2fbefdf8916e60c.jpg,1,1,0,1,1,1
FIMG_0126_JPG_jpg.rf.27e8cd608966a4db6d511c4460d4737d.jpg,1,0,1,1,0,1
FIMG_0092_JPG_jpg.rf.f16f26024b89507d60cbc40352e3f3bc.jpg,0,1,1,1,1,0
FIMG_0111_JPG_jpg.rf.8f64fc875aa4b21d1bc515e2f0f928fd.jpg,1,1,1,1,1,1
FIMG_0093_JPG_jpg.rf.ab7df372c62dfe34e37e0182e05ede35.jpg,1,1,1,1,1,1
FIMG_0164_JPG_jpg.rf.8933f90fce402977d83d83a22d552da1.jpg,1,1,1,1,0,1
FIMG_0107_JPG_jpg.rf.06c7170f9a8ab433f183fe53d7ccd029.jpg,1,0,1,1,1,1
FIMG_0105_JPG_jpg.rf.c1c986cdc85a629204f5576d40e74c25.jpg,1,0,1,0,0,1
FIMG_0138_JPG_jpg.rf.69fb92371a12c6cda2b3e321b4d78118.jpg,1,0,1,1,1,1
FIMG_0091_JPG_jpg.rf.fb910b893163219b8410751fd0ffa970.jpg,1,0,0,1,1,0
FIMG_0108_JPG_jpg.rf.6003f0bef734aa17e11526f73ca8e7c2.jpg,1,1,0,1,1,1
Hand_0006358_jpg.rf.ca649a3c5f8c8b2724c7e8656f2e4efc.jpg,1,1,0,1,0,1
Hand_0002596_jpg.rf.92f77de3add763101668de32e122def2.jpg,0,1,1,0,1,0
Hand_0002550_jpg.rf.beccd6e3764c78ecb2d3d656bd17bf4b.jpg,1,0,0,0,1,1
Hand_0002548_jpg.rf.7f312b83f7e1cae42aa6b13ca99db37d.jpg,1,1,0,0,1,1
Hand_0002596_jpg.rf.8a5446149ce8527b904fc74cfe96af2d.jpg,1,1,1,1,1,1
Hand_0002551_jpg.rf.fa97f8d16b71032ff966aa58089f7d8d.jpg,1,0,0,0,1,0
Hand_0005737_jpg.rf.ed8c02bc07497e8c38e7601a479473e8.jpg,0,0,1,1,1,1
Hand_0006445_jpg.rf.f17d6177954e7c484c2ced943d17bcbd.jpg,1,1,1,1,1,0
Hand_0006396_jpg.rf.eb4a10c786f4576dcee9e3eb6e652623.jpg,0,1,1,1,1,0
Hand_0002551_jpg.rf.edcac26036ada65615ebc8f422fd7993.jpg,1,1,0,1,0,0
Hand_0002443_jpg.rf.8efcbe50f1cda15e7690c3f4895b65be.jpg,1,1,0,1,1,1
Hand_0001152_jpg.rf.560a142e865528ee6ca0ca48b3cdb0f8.jpg,0,0,0,1,1,1
Hand_0003762_jpg.rf.d5854e5162e6027cf1281cc36cfd1334.jpg,0,1,0,1,1,1
Hand_0002550_jpg.rf.5515211834688e0c394c82eac7b7481d.jpg,1,1,1,1,1,1
Hand_0002555_jpg.rf.6200e499cb1ed242180376c49f53be47.jpg,1,1,0,0,1,1
Hand_0002551_jpg.rf.99bb336f967d0a209cbfd099229cce8a.jpg,1,0,1,0,0,0
Hand_0001150_jpg.rf.31c45c0d3033c8309f54eea528d769cf.jpg,1,0,1,1,1,0
Hand_0002449_jpg.rf.14a4d19bbbfebdd506b38a4b1e25ecd6.jpg,1,1,1,1,1,0
Hand_0003762_jpg.rf.e45f7d1c846093379a3a4a4642b1d455.jpg,0,0,0,1,0,0
Hand_0002448_jpg.rf.09dc1e88cede444c7e69c18f2c628c50.jpg,0,0,0,0,1,1
Hand_0002487_jpg.rf.41cdcc3351ffb00cf845e37e179794b4.jpg,1,1,1,1,1,0
Hand_0002446_jpg.rf.2af838e35adfd40486bdb3c585ff1d39.jpg,0,0,1,1,1,0
Hand_0002447_jpg.rf.27a8aaaf1d1a8734026178a53e3597ae.jpg,1,1,1,1,1,1
Hand_0002550_jpg.rf.98eac3c7a552900683c84a03e0c6bfdc.jpg,1,0,0,1,0,0
Hand_0002281_jpg.rf.49e0be7d1c6f21dc87ef8086eb40e889.jpg,1,0,0,1,1,0
Hand_0006300_jpg.rf.3f872811ab5c6c1b89923fe497620a5f.jpg,1,1,0,1,1,1
Hand_0002281_jpg.rf.1e3f9aa2204d79b2c9faa9b2368a29c7.jpg,0,0,1,1,1,0
Hand_0002555_jpg.rf.183b71ff19fa3153fc7ed078120d0532.jpg,0,1,1,0,1,0
Hand_0006300_jpg.rf.7d5d931d8e92c85e86c2979b925ccbba.jpg,1,0,0,1,1,1
Hand_0002448_jpg.rf.47d4cdc7d86a2f3d9af086382e3b7807.jpg,0,0,1,0,1,1
Hand_0002446_jpg.rf.7c059434cc30132994e7c62e21c4222f.jpg,1,0,1,1,0,1
Hand_0002494_jpg.rf.7e553dc767c90372bab5c0a73d03a566.jpg,1,1,0,1,0,0
Hand_0002487_jpg.rf.8c56a17ceedc5d7ffd876187f9f93976.jpg,1,1,0,1,0,1
Hand_0002494_jpg.rf.755d45fb3acc666e32f1e1aa5859dafa.jpg,1,1,1,1,0,1
Hand_0002447_jpg.rf.832dc0abb08442a174f541f5d1c6f340.jpg,1,1,0,1,0,1
Hand_0002841_jpg.rf.c4f290dca582698b9090ba197860c15f.jpg,1,0,1,0,0,1
Hand_0002445_jpg.rf.bb3aef4fe968d9bdbcf37247a5b13d0d.jpg,1,0,1,1,1,0
Hand_0002448_jpg.rf.d64fb6e6b479813556879ef10dd1d7b1.jpg,1,0,1,1,0,0
Hand_0002447_jpg.rf.d2021db63afcf8da15c53adfda0caa31.jpg,0,0,0,0,0,1
Hand_0002449_jpg.rf.ec6b9b9d1d78e3c108f0bfdbd158f9ac.jpg,0,1,1,1,0,1
Hand_0000819_jpg.rf.e307ed6a37354962148c4fe115984c32.jpg,1,1,0,0,1,1
Hand_0006395_jpg.rf.440d5308eb92a26b93a96e8874250cc3.jpg,1,1,0,1,0,0
Hand_0005733_jpg.rf.f22e292cb9944e7af23ba725f529f229.jpg,1,0,0,1,1,1
Hand_0002487_jpg.rf.78cf30ea4588f6971ebf7e28d47bf87f.jpg,1,0,1,1,0,1
Hand_0002549_jpg.rf.1a3a832984ea7ad52d73bb4e8f018762.jpg,1,1,1,0,0,1
Hand_0005734_jpg.rf.ce90945a5630c9f3edd5de149cbbfc2a.jpg,1,1,0,1,1,0
Hand_0002600_jpg.rf.07015bda52af71f91e8501e2b95af994.jpg,1,0,0,1,1,0
Hand_0005736_jpg.rf.7965da2526138eb63c0bc8db2a3c553b.jpg,0,1,1,0,0,0
Hand_0002601_jpg.rf.4639f3be94cb08f5ff41d91028707018.jpg,1,1,0,1,1,0
Hand_0002600_jpg.rf.47b5f68a47f3e4f0c8773868160c5ba8.jpg,1,1,1,1,1,1
Hand_0002597_jpg.rf.4e024259e348c968ff3ce88bbfa062c1.jpg,1,1,1,1,1,1
Hand_0002645_jpg.rf.4a00cc2ef46453f5e3aa933208f410af.jpg,0,0,0,1,1,1
Hand_0002601_jpg.rf.b2ebbfbb68fe924cf9a25e7887f9ac21.jpg,0,0,1,1,0,0
Hand_0002555_jpg.rf.e62cc5ef3fd0381f4e75d9f73c3f4b6d.jpg,0,1,0,0,0,1
Hand_0002598_jpg.rf.bf788d5e45edb52b55a7d2dea91b1ef4.jpg,0,0,1,1,1,0
Hand_0003746_jpg.rf.5662b962a8dc7238dbe3915bc3ffe286.jpg,1,1,1,1,1,1
Hand_0002646_jpg.rf.299ab533cd96819836f531bfee0c23d9.jpg,1,1,0,0,0,1
Hand_0002646_jpg.rf.1524a0ff4f303a5d5cc0a456bccd086a.jpg,1,1,1,0,1,0
Hand_0002600_jpg.rf.ca1e2f21734f9bec75af726a7c89edc5.jpg,1,0,0,0,1,0
Hand_0002645_jpg.rf.a1144ce7f1dfaa554c37961733911661.jpg,1,0,0,0,1,0
Hand_0002645_jpg.rf.9a3e655070e82326d6c150b763ac2424.jpg,1,0,0,0,1,0
Hand_0002601_jpg.rf.8a33ace5b3e681035e7a903cd79574bc.jpg,1,0,1,1,1,1
Hand_0003745_jpg.rf.46a1cd0dea79b7aeeb4ec95ad75f7422.jpg,1,1,1,1,1,0
Hand_0002598_jpg.rf.e6dc71b2c75c6496d9197b57ec072fe3.jpg,1,1,1,1,1,1
Hand_0000988_jpg.rf.ce07d7ad98ed7caf7ab443911c4ace12.jpg,1,1,1,1,1,0
Hand_0000985_jpg.rf.1bb4506a0465c94b31a581c96163e19d.jpg,1,1,1,1,0,1
Hand_0002599_jpg.rf.b8d0d37f64114cf40ade7c0ad17018df.jpg,1,1,0,1,0,1
Hand_0001037_jpg.rf.4f313ba2054cc86221d6ea489a01e922.jpg,0,0,0,1,0,0
Hand_0002597_jpg.rf.fae683e2d4ee4f28b53b9f162d14078f.jpg,1,1,0,1,1,1
Hand_0003785_jpg.rf.dc6bb55beb98670cad510fbfa137d2b8.jpg,1,1,0,0,1,0
Hand_0002549_jpg.rf.6c5cee144e18eb19e43a95251a1ae806.jpg,1,1,1,1,1,0
Hand_0002599_jpg.rf.ccb374c00f871a8d093eb2752be688ca.jpg,1,1,0,0,0,1
Hand_0000986_jpg.rf.6d14377d8ecbcfe4d04a1ace43f64499.jpg,1,0,1,0,0,1
Hand_0005709_jpg.rf.32bdfd09d5ae8dd42b0ea8854f8c5622.jpg,0,1,1,0,1,1
Hand_0003820_jpg.rf.99e3cb0bd68a2ff1e5509640601bce64.jpg,1,1,0,0,0,1
Hand_0005711_jpg.rf.c1f5269f9e548fd2bf44d7755188ca8d.jpg,1,0,0,1,1,0
Hand_0005735_jpg.rf.5c60957f42d942dd75478ff311d6f69d.jpg,1,1,0,1,1,1
Hand_0005710_jpg.rf.88ef9fa031578a4b119072cd4c13858c.jpg,1,0,0,1,0,1
Hand_0005736_jpg.rf.155ca7b899c669698221a3fcdcf0b8bb.jpg,0,1,1,0,0,0
Hand_0005706_jpg.rf.6f2a3ee77906b671c2e5bf7cfd4ef5ba.jpg,1,1,1,1,1,1
Hand_0002831_jpg.rf.64ac8eabe1063d1270fb1f5ddc044920.jpg,0,1,1,1,1,0
Hand_0006445_jpg.rf.0d32ce6b3f648fedc1d52913a4df4eff.jpg,1,0,1,1,1,0
Hand_0005706_jpg.rf.40ca246b0689b65f65b9fbfa45d635f3.jpg,1,1,0,0,0,0
Hand_0002350_jpg.rf.fc8789b7b1436655cf0e3984d8fd4118.jpg,0,1,1,0,1,0
Hand_0001002_jpg.rf.fef0e745e98eb0a25b10492b02d3bfb3.jpg,0,1,0,1,0,1
Hand_0005710_jpg.rf.65c7377f3149cbcde009d3176319e0db.jpg,1,1,0,1,0,1
Hand_0002833_jpg.rf.19a95593d176a6b3bb8b95e1618752d0.jpg,1,1,1,0,0,0
Hand_0000985_jpg.rf.e60ccb5880faa1b5e8d015b7fcd6991c.jpg,1,0,1,0,1,1
602_image_palm_jpeg_jpg.rf.3666f9912dadb8ebec6b0134149029a1.jpg,1,1,1,1,0,0
Hand_0005709_jpg.rf.a0c7464d1d716c65bc37f235918dd18c.jpg,1,1,1,1,0,0
Hand_0002824_jpg.rf.64e7d08f8f7910ce7630982d536ee22e.jpg,0,1,1,1,1,1
Hand_0005709_jpg.rf.978c873088cf953111ccb42ba8c3201c.jpg,1,0,0,0,1,1
Hand_0002840_jpg.rf.b7a41bd5fe769ffad4e3df6934c1d218.jpg,1,1,1,0,1,1
Hand_0005706_jpg.rf.7775b7afb1800e84162efb3ab1479ec7.jpg,1,0,1,1,0,0
Hand_0006396_jpg.rf.cc3e8e3997b3449b92e9ef9cdf7388bc.jpg,1,0,1,0,1,1
Hand_0003743_jpg.rf.97ee54ce2e870e38d267d57488e7c400.jpg,1,1,0,1,0,0
Hand_0002830_jpg.rf.819484f9251128dc3045993322ea8bcc.jpg,0,0,0,0,1,1
Hand_0002840_jpg.rf.e3ed7b1e1294c2fb12cb8caeb411649e.jpg,1,1,0,1,1,0
Hand_0005736_jpg.rf.eabac367f0255d3a208871cdf36691b2.jpg,1,1,1,1,1,0
Hand_0002838_jpg.rf.9d629fe96dab87c0a9642227c8783712.jpg,1,1,1,1,1,1
Hand_0000985_jpg.rf.2374e23a6357b03e6eb81f523b1a6334.jpg,1,1,1,1,1,1
Hand_0002831_jpg.rf.b9dbc6445a0d1aaf2b98c10e39b42c82.jpg,1,0,1,1,0,0
Hand_0002824_jpg.rf.b2c396a6d6b75f350793ae98820dca41.jpg,0,1,1,1,1,1
Hand_0002824_jpg.rf.8cc8fa12d56f521854db0411716a2818.jpg,1,1,0,1,1,1
Hand_0002831_jpg.rf.a0791dad1f37f9df16ffcc4853853fe4.jpg,0,0,1,0,0,1
Hand_0002840_jpg.rf.9e314a54f116af9fd23aab740a569e70.jpg,1,0,0,1,1,1
Hand_0005711_jpg.rf.d32f19545f5ff45e35177b3d37633323.jpg,1,1,1,1,1,1
Hand_0001041_jpg.rf.2708057d774e327ecbc190da7220fcc8.jpg,1,1,0,1,1,1
Hand_0001101_jpg.rf.471ce19c4725c5202d6c7bfa780b8f07.jpg,0,1,0,1,1,1
Hand_0001040_jpg.rf.875c85eff8d6cdcf4342f191d5996e5d.jpg,1,1,1,1,1,1
Hand_0002832_jpg.rf.d9d61d0ba4484ab17b72eef5597e30e6.jpg,1,1,1,1,1,1
Hand_0001038_jpg.rf.15507ad5ce98bec7765b685c151a7130.jpg,0,1,1,1,1,0
Hand_0002830_jpg.rf.bbad06db9e95e6f7835b40d729df9615.jpg,0,1,1,1,0,0
Hand_0001081_jpg.rf.7c237c560c4f8baff2326c40e4418526.jpg,1,1,0,1,1,0
Hand_0002832_jpg.rf.8e73e12055de79d92a80122910d43d36.jpg,1,1,1,1,1,1
Hand_0002832_jpg.rf.ece67fda14051ab01b4d81a657e023d6.jpg,0,1,1,0,0,1
Hand_0002830_jpg.rf.86716065780fb00e53304e4130da1af6.jpg,1,0,0,1,0,1
Hand_0001101_jpg.rf.58dcf112b99513f3f3655f523f28a889.jpg,1,0,0,1,1,1
Hand_0001176_jpg.rf.50733fb4fc7b3bdcf785f1e592a117b3.jpg,1,1,1,0,0,1
Hand_0003782_jpg.rf.2e7b38763e139b957b5462aa42434cd3.jpg,0,0,1,1,0,0
Hand_0001102_jpg.rf.9d92c540f582df375782830bddbb9e07.jpg,1,0,0,1,1,1
Hand_0001082_jpg.rf.a7ef1a478371887f076afc0649ec6089.jpg,1,1,1,1,0,0
Hand_0001082_jpg.rf.ad9ac995a63033fc9f0b20753f6cc0ea.jpg,1,1,1,0,1,0
Hand_0003784_jpg.rf.1ccf93eddfb021b6a85831f5f4ff45ba.jpg,1,1,0,1,0,0
Hand_0001101_jpg.rf.9e76076b5f09b84792ecae932feed495.jpg,1,0,1,1,1,1
Hand_0003783_jpg.rf.182166fd45f8d47debe80ad59227cc86.jpg,1,0,0,1,0,0
Hand_0001102_jpg.rf.381456a5aa6b8d9723660d0f49a4024b.jpg,1,1,1,1,1,0
Hand_0001041_jpg.rf.f559259c6e0b24d112c1171ba3474868.jpg,1,1,0,0,1,0
Hand_0001038_jpg.rf.5d1df72abe9b39933ac3be73cd4f7f99.jpg,0,0,0,0,0,1
Hand_0005710_jpg.rf.ddf90e61a9ee43f79bf69fbfdad77247.jpg,1,1,1,1,1,1
Hand_0001081_jpg.rf.fae98a2f513bf749e8e2fd46a698fdc7.jpg,0,0,1,1,1,0
Hand_0001040_jpg.rf.e629e90684014ee49a94559309697c42.jpg,1,0,0,1,1,1
Hand_0003815_jpg.rf.17db4a0b0e1fa915ea378e5f7439ce0e.jpg,0,1,1,0,0,1
Hand_0001040_jpg.rf.77a391aa641213dbc2b3d756f79cf181.jpg,1,1,1,1,0,1
Hand_0003783_jpg.rf.bca0f7f1c3d82a5f1d3134fe01048a41.jpg,1,1,1,1,0,0
Hand_0001041_jpg.rf.e081ccea5c7e7ae31038dd0144fb0830.jpg,1,0,0,1,1,1
Hand_0006470_jpg.rf.82e26ae2ffbb61dd4d0a8e21e5112ae3.jpg,1,1,1,1,0,0
Hand_0001002_jpg.rf.3b0c8979c37c70ee829aa07799723af0.jpg,1,1,1,1,0,1
Hand_0003785_jpg.rf.edcb65246a13a00afd6f56d41d2a6769.jpg,1,1,1,1,0,0
Hand_0003816_jpg.rf.dcde545c01470910539f363ead049307.jpg,1,0,1,1,0,1
Hand_0001081_jpg.rf.b17ca0f0c09f25f6b3049be99a1e017b.jpg,1,0,0,1,0,1
Hand_0003782_jpg.rf.3bbf0c87ae761ee6c8c5e2d15ebb8849.jpg,0,1,1,1,0,0
Hand_0001150_jpg.rf.5d908c2f9b99605534c48d3e620e630e.jpg,1,1,1,1,1,1
Hand_0001038_jpg.rf.355f3801564a91d083d8f7f4710f9e8d.jpg,1,0,1,0,1,1
Hand_0003781_jpg.rf.84d29fdc7a701d09b99c5c611c5ab298.jpg,1,1,1,0,0,1
Hand_0003782_jpg.rf.2118ba301edfabf5e410790de13cc25e.jpg,1,0,1,1,0,0
568_image_palm_jpeg_jpg.rf.748c47ccca00bb9bb8bef59959281e1a.jpg,0,1,1,1,0,1
Hand_0003815_jpg.rf.9f8ba1e6a7ce3823d9dff0661f533ab6.jpg,0,1,0,1,1,1
Hand_0003783_jpg.rf.7f14455771a826b3fdc332a166335819.jpg,1,1,1,1,1,0
Hand_0003815_jpg.rf.d09660f0a2dddff72dd03ac7d7765d33.jpg,0,0,1,0,1,1
570_image_palm_jpeg_jpg.rf.d971316189aa046384c0f4492dd84bce.jpg,0,1,1,1,1,1
570_image_palm_jpeg_jpg.rf.02f8902e29fffc0512278a259fa88657.jpg,1,1,0,1,1,0
Hand_0003784_jpg.rf.5f81026099dd9661d401e9231c948cf5.jpg,0,1,1,1,1,0
Hand_0003816_jpg.rf.c400f44b1d8ff99b516baefb96da3bf0.jpg,0,1,1,1,1,1
577_image_palm_jpeg_jpg.rf.d5bc676e6d48a201996597239a850b10.jpg,1,1,1,1,1,1
Hand_0003784_jpg.rf.f8810507c1d16eed6d4d889ce6982cc0.jpg,1,1,0,1,0,1
593_image_palm_jpeg_jpg.rf.6f6ea48e2c274521ca002d79911f727d.jpg,0,1,0,0,1,1
Hand_0003761_jpg.rf.34f3a2f6179cac684573af2b65354061.jpg,1,1,1,1,1,1
56_image_palm_jpeg_jpg.rf.9351369e4c336811b6ee1fab5b7490a9.jpg,1,0,1,1,0,0
56_image_palm_jpeg_jpg.rf.441d2d115d35e5ff35152af408fc5b97.jpg,0,1,0,1,0,1
Hand_0003762_jpg.rf.13ac6180cbc28b70536a0f9cf3cd8d9b.jpg,1,0,1,1,1,0
Hand_0006470_jpg.rf.9d2e15e37c3f0632c4ba70ccb869c842.jpg,0,1,1,0,1,0
568_image_palm_jpeg_jpg.rf.5b67dc1ad7c877bd80f2e73819007697.jpg,1,0,1,1,0,0
Hand_0003816_jpg.rf.5b6cca49a52009aedaf6daa1128c74e1.jpg,0,1,1,0,0,1
575_image_palm_jpeg_jpg.rf.baeead6312fb188c9cc4b775966f9314.jpg,0,0,1,1,0,0
IMG_0314_JPG_jpg.rf.fce153b037d2ef41bb0fc702018939c7.jpg,0,0,0,0,1,1
Hand_0003764_jpg.rf.0ceafc933b67d44920b56a86970cf363.jpg,1,1,1,1,1,1
Hand_0003746_jpg.rf.3195f0f8bd1ef2d297ecd84a1ddfe84d.jpg,1,1,0,0,0,1
578_image_palm_jpeg_jpg.rf.9bfa9d5c5717584bdfb6db23f6803d13.jpg,1,0,1,1,0,1
56_image_palm_jpeg_jpg.rf.75ba4e7c008f41588ad87866b2ea5b10.jpg,0,1,1,1,0,0
Hand_0003760_jpg.rf.983ba9b23abd81541ebaf23335e5f71d.jpg,1,0,0,1,1,0
Hand_0003747_jpg.rf.0f400f1d41e36c1cdbccd74e1db8c12a.jpg,1,1,1,0,1,1
Hand_0003763_jpg.rf.9dcf1b4b778949829d93f235df9a9425.jpg,1,0,1,1,1,1
Hand_0003763_jpg.rf.e4d9aa999618838440c5e0af0db75916.jpg,1,0,1,1,0,1
Hand_0003708_jpg.rf.0850f4f8125908108656029123f3f57f.jpg,1,0,0,1,1,1
Hand_0003764_jpg.rf.c71f8f34a45f7af28114ede85c9e8eaa.jpg,1,1,1,1,1,1
Hand_0003761_jpg.rf.12802f5c85a2ebe8d6dfdc4d6ac9d12e.jpg,1,1,0,1,0,0
Hand_0003760_jpg.rf.82b5290eac168109ce7834f57fd110f2.jpg,1,1,1,1,1,1
Hand_0001139_jpg.rf.0c14630426f0f454d00140b09aa9160f.jpg,0,1,0,1,1,0
Hand_0003689_jpg.rf.8be988c595857df79ae274aa8841330b.jpg,1,0,0,0,1,1
Hand_0003761_jpg.rf.a60a4da6121affc909b54e4c834e8aea.jpg,1,1,0,0,1,1
Hand_0003763_jpg.rf.fc1acac9ed63a7d41752dc87bd74b054.jpg,1,0,0,0,0,1
Hand_0003689_jpg.rf.2c0e002f4e07eb2ad623755a45031a76.jpg,1,1,0,1,1,1
Hand_0003747_jpg.rf.e7e5cc23fb8c8bd9a5e0b1760988583c.jpg,1,0,1,0,1,0
Hand_0003747_jpg.rf.bdffac7a2dd77c11cdfc7cb1ed5bf4bf.jpg,1,1,0,0,0,1
Hand_0005738_jpg.rf.110d8c0e213ae45d651f54a7e37e7de3.jpg,1,0,1,1,1,1
Hand_0005737_jpg.rf.512525459dc618d338ef1ab9579e9fc7.jpg,1,1,0,1,0,1
Hand_0003781_jpg.rf.ff81fa0fe76e6bf657fc36d2893e61ff.jpg,0,0,1,1,0,1
Hand_0005737_jpg.rf.de86dc2290d963fae701c01219240947.jpg,0,0,1,0,1,0
Hand_0003707_jpg.rf.10bd00c3136f3c0f7c9da56c5683db46.jpg,1,0,0,1,1,0
Hand_0003638_jpg.rf.4daed58f7eccc442b13a48cf8a8b321d.jpg,1,1,1,1,1,0
Hand_0005738_jpg.rf.a9d4bbccc554d6d9fd7ba1ed0de74d33.jpg,1,0,1,0,1,1
Hand_0003707_jpg.rf.63e59aa499c6362380ada0dde6259c46.jpg,1,1,0,1,0,1
Hand_0002596_jpg.rf.99d4a397d018db23726fd9ce495f1d2c.jpg,1,1,0,1,0,1
Hand_0003708_jpg.rf.9335fec8c7fe4629089d4fb6a4b21c2c.jpg,0,0,1,1,0,1
Hand_0002549_jpg.rf.86233b419ed20bc45d0632caaef40eb3.jpg,0,1,1,1,1,0
Hand_0003760_jpg.rf.fa1b905257ce9d50d487414d35458a00.jpg,0,1,0,0,1,1
Hand_0005738_jpg.rf.9ab842727d91f6f8a119075b7960c52c.jpg,0,0,0,0,1,1
Hand_0003707_jpg.rf.57a2ab0e1121904b4d72317a71581495.jpg,1,0,1,0,1,1
Hand_0003639_jpg.rf.d8d296e21294a5e6d64c1a146bfb8652.jpg,1,1,1,0,1,0
Hand_0001106_jpg.rf.31b36a793c60a037c9a69d760bb1e2bc.jpg,0,0,1,1,0,1
Hand_0001104_jpg.rf.015d7d4094ddafed0381ffb388203573.jpg,1,1,1,1,0,0
Hand_0002842_jpg.rf.5034d1d04f36e478631340d3bbe654d9.jpg,1,1,0,1,1,0
Hand_0001104_jpg.rf.6d54b74edd1249f860c7c3afb8afe32e.jpg,1,1,1,1,1,1
Hand_0001103_jpg.rf.c30ff2f4a87a19cb7a1de67d9a20b0cb.jpg,1,1,1,1,1,0
Hand_0003638_jpg.rf.2c793fb37847dced2a670abf6a6febf4.jpg,1,0,1,1,1,1
Hand_0003639_jpg.rf.9e73ec06c7ad24df6403600f461dc08f.jpg,1,1,1,1,1,1
Hand_0001105_jpg.rf.474d848a1fcd1c6d42aba9154c279219.jpg,1,0,1,1,0,0
Hand_0001139_jpg.rf.bcfb6bd18dbd16ac1ea97fbbf0ec57b8.jpg,1,1,1,1,1,0
Hand_0001103_jpg.rf.11e97575d9b647dd5cfcf4a1bc299b39.jpg,1,1,1,1,0,1
Hand_0001105_jpg.rf.484672c5fe60e02d070ff3af19815957.jpg,1,1,1,1,0,1
Hand_0002449_jpg.rf.4f40b8479f3821d2d9f79d45c78bde2c.jpg,1,0,0,0,1,1
Hand_0001107_jpg.rf.f2af27a677ba50a2d7e1dbcb7a9b262a.jpg,0,0,0,1,1,0
Hand_0001104_jpg.rf.e2b27ba48a2345fdf3f5e12477f2a9fc.jpg,1,1,0,1,1,0
Hand_0001107_jpg.rf.37164ae0ca14eb0e135aef54bd570117.jpg,1,1,1,1,1,0
Hand_0001105_jpg.rf.9fc20b4b88c6f9fe15697b13ec6dcd11.jpg,1,1,1,1,1,1
Hand_0002806_jpg.rf.3d4f92e3db53437d2de68ffe8b1b9387.jpg,1,1,1,1,1,0
Hand_0001102_jpg.rf.6dbcd76ba7bc5f5680b54f336cbdb693.jpg,1,0,0,0,0,1
Hand_0001106_jpg.rf.d57df8c2309fcab2bca2b269fd428372.jpg,1,0,0,0,1,1
Hand_0002841_jpg.rf.2446a36a0115a17bff8b1291d3e9102a.jpg,0,0,0,1,0,1
Hand_0002821_jpg.rf.3f01ffbb08704f42dcfab6a8f0440855.jpg,0,1,0,0,0,1
Hand_0001106_jpg.rf.f945d1810cd9b1041295b6ca6d51d10e.jpg,1,0,1,1,0,1
Hand_0002822_jpg.rf.7d116900ea6c5c0ee405157e02ac76fa.jpg,0,0,1,1,1,0
Hand_0002805_jpg.rf.ac57ad705f3c7b4b399177cb863df930.jpg,0,0,1,1,0,0
579_image_palm_jpeg_jpg.rf.89049292061676d597c5705a73344dba.jpg,1,0,0,0,1,1
Hand_0003746_jpg.rf.183c4632307643dcbdeeb1109c38209b.jpg,1,0,1,1,1,1
Hand_0003856_jpg.rf.d1317afb9844e9f46769c898df84aeb7.jpg,1,1,1,1,1,1
IMG_0341_JPG_jpg.rf.03f64ef30bca15f814846a82ca312396.jpg,1,1,1,1,1,1
Hand_0003745_jpg.rf.560d2b53535d9c7e787c787f927dfcd1.jpg,0,1,0,1,0,1
Hand_0002841_jpg.rf.eb135fabfad196612b668ef9f4a546c7.jpg,1,0,0,1,1,1
Hand_0003855_jpg.rf.88ac028408d2778279ec32839ab03d2c.jpg,1,1,0,1,1,1
Hand_0002813_jpg.rf.5bbe006764a649f72826f21c91e3e515.jpg,1,1,1,0,0,1
Hand_0002822_jpg.rf.4d91612367762e6b2115aa3d955586b5.jpg,1,1,0,1,1,1
Hand_0002821_jpg.rf.bd27770d1430df684be3b60ea5ed0573.jpg,0,1,1,1,1,1
Hand_0003856_jpg.rf.7c45d91b0f45d6670a3f7c78bad5da49.jpg,1,0,1,1,0,0
Hand_0002821_jpg.rf.e453cc3db98397eb4e84612ce072fcf9.jpg,0,1,0,0,0,0
Hand_0002806_jpg.rf.3ef87915898a40ae0339dea2d48066de.jpg,1,1,0,0,0,0
Hand_0005733_jpg.rf.8656e421dc902edd2fbed6d993d80598.jpg,1,0,1,1,1,0
Hand_0002813_jpg.rf.ba9ac5232def91802f273cac7af94c47.jpg,0,0,1,1,1,1
545_image_palm_jpeg_jpg.rf.3169438292c1e5eb3b48197d1517feb2.jpg,1,0,1,1,1,0
IMG_0348_JPG_jpg.rf.e337bd5c05440841c959930e1531c3ec.jpg,0,1,0,1,1,1
Hand_0005733_jpg.rf.fb44aefb82b9591fc5c0d3879a487ab5.jpg,1,0,0,1,0,1
Hand_0005728_jpg.rf.124a6e3afcad8b9db7ac633a9d9ebb77.jpg,1,1,1,0,0,1
Hand_0002813_jpg.rf.922e365e8cd2b9d7d478ba5c48416449.jpg,1,0,1,1,0,0
Hand_0005735_jpg.rf.11f18fe0e6d39a01031fcafaf68706c9.jpg,1,0,1,1,1,0
Hand_0001194_jpg.rf.75a16c3d9ffa14ae650448790b5e33fb.jpg,1,1,1,0,1,0
Hand_0001180_jpg.rf.18011ec5941265d0beb4665f087e6a12.jpg,1,0,1,1,1,0
Hand_0002599_jpg.rf.eb12642883f4bce3229d63c9d5bdf9d3.jpg,1,0,0,1,0,0
Hand_0005735_jpg.rf.b61d2b9613cab330f8497870d2fa7004.jpg,1,1,1,0,1,0
Hand_0002598_jpg.rf.9446a835a6876d8179eec69b1e861550.jpg,1,0,1,1,0,0
Hand_0005728_jpg.rf.bf337f9b3e04891a28dfefcf811725b6.jpg,0,1,0,0,1,1
Hand_0005734_jpg.rf.f3fddb7dc1ffde8684f74e65a2120913.jpg,1,1,0,0,0,1
Hand_0005729_jpg.rf.15e734c92f802e6819282f9bc04967ea.jpg,1,1,0,1,1,0
Hand_0005734_jpg.rf.d65695c8fe73cccbac1e5719e94b7966.jpg,0,1,1,1,0,1
Hand_0005729_jpg.rf.3ec02577e1ce368d5acb5ec0fa1af6de.jpg,1,0,0,1,0,1
Hand_0005711_jpg.rf.09fc94aeb5d4b4358d28c9c202030d0b.jpg,1,1,0,1,1,1
Hand_0005730_jpg.rf.e9f7c4bf63672d550f890b53389f8dd6.jpg,1,0,1,0,1,0
Hand_0005731_jpg.rf.b1c84243bd3321eaec7fc8fec6caec74.jpg,1,0,0,1,0,1
Hand_0005731_jpg.rf.5c73686895ce0196cdd822d9ce187a85.jpg,0,1,0,1,1,0
Hand_0005728_jpg.rf.13c857efdde60402dcb02d8b08b7e7e7.jpg,1,1,0,1,1,1
Hand_0005731_jpg.rf.d06c0c3895177425e28584857234f56e.jpg,0,0,1,1,0,1
Hand_0005729_jpg.rf.3ea30f76bab2a611d0b0f18bd833ea55.jpg,1,1,0,1,1,1
Hand_0003744_jpg.rf.2ce98c02fb35bcadd5d20b0ecb00be78.jpg,1,1,0,1,1,1
Hand_0003712_jpg.rf.b4aa08a2ec31728bd5808265c1346b76.jpg,1,1,1,1,0,0
Hand_0003742_jpg.rf.0b2026c0c1aac55f97d407c52118357e.jpg,0,1,1,1,0,0
IMG_0319_JPG_jpg.rf.372033e5aba106f05c6f4d63bc985493.jpg,1,1,1,0,0,0
Hand_0003709_jpg.rf.ff1d59ebb8c3aa46c9fa52f1c5c76637.jpg,0,0,0,0,1,1
Hand_0003819_jpg.rf.a8361e7ddc3abaf895b477234e41244c.jpg,1,1,0,0,0,1
Hand_0003819_jpg.rf.b255d7dd5e75c84e87f689f2971817b4.jpg,1,0,0,1,1,0
Hand_0003710_jpg.rf.9263b85e6d3961cd923b39aedf401647.jpg,1,1,1,1,1,0
Hand_0003745_jpg.rf.7eb687d4e450d3eb8ed1fdbc1981e8bd.jpg,0,1,0,0,1,1
Hand_0003743_jpg.rf.a3cf0ff618ed4b076195b1f77d548be3.jpg,1,0,0,1,0,1
Hand_0003743_jpg.rf.bdce39ed5a0730b38d8b065aae695296.jpg,0,1,0,1,1,1
Hand_0003742_jpg.rf.7b8c2cc35798dd41b984cba24c90890c.jpg,1,0,1,0,1,1
Hand_0003744_jpg.rf.d22c60eec6dfc3a6505fbd4a418f4222.jpg,1,0,0,1,1,1
Hand_0003818_jpg.rf.8af6a80596d62f0a4dc846b15b0c204c.jpg,1,1,1,1,0,1
Hand_0003820_jpg.rf.d0e7a7a8fe0a1436c3fc874cc69df784.jpg,1,1,1,1,0,1
Hand_0003855_jpg.rf.abaac877ca4f85f640db63dab965fe17.jpg,1,1,0,1,0,1
Hand_0003709_jpg.rf.b3d08dd1d4fd38698f672db3597d0c9b.jpg,0,1,0,1,0,1
Hand_0003712_jpg.rf.bb0d677ceaec34b7bc1bdfc05d904888.jpg,0,1,1,1,0,0
Hand_0003821_jpg.rf.c9c45197c145765efd16e007b8570be5.jpg,0,1,1,1,1,0
IMG_0241_JPG_jpg.rf.31b99a5e116408eb10300a04850d1ba3.jpg,1,0,0,1,0,1
Hand_0003822_jpg.rf.e1c3d6b690fd0fd4f209ee88feacb2d4.jpg,1,1,1,1,0,1
Hand_0003855_jpg.rf.24ca37a6d5782e16b1e0a2d8eafe9943.jpg,1,0,1,0,1,1
Hand_0003821_jpg.rf.ee4e4ae9a03f9826f618d4315ce5de19.jpg,1,0,0,0,1,0
Hand_0003710_jpg.rf.cfa17066a098a1da0f2ffabb2f925f44.jpg,1,1,0,0,0,0
Hand_0003708_jpg.rf.3de858f16defe2795642f177a93e9c1e.jpg,1,1,1,0,1,1
Hand_0003817_jpg.rf.d81bcd3d40c8083e56fd7a29a9815506.jpg,1,1,1,1,0,1
Hand_0003819_jpg.rf.c8cab21e0bf36cc5cfab9d963496a626.jpg,0,1,1,1,0,1
Hand_0003821_jpg.rf.f7cc3c0afcafa72df93cd937fb8ef8f2.jpg,1,1,1,0,0,1
Hand_0003817_jpg.rf.87f4e8f3beba0e45f02d0d36ea0dba98.jpg,0,0,0,0,1,1
Hand_0003712_jpg.rf.948c4ac016895156307fae424408e98e.jpg,1,1,1,1,1,0
Hand_0003744_jpg.rf.eefd3d824bc2781d2372e409cd02770d.jpg,0,0,1,1,0,1
Hand_0003818_jpg.rf.4b45388bc1e8fd98aca0d2986b92c119.jpg,0,1,1,1,1,1
Hand_0003710_jpg.rf.150e7ebe19a08093b47b7110c629d26e.jpg,0,1,0,1,1,0
Hand_0003820_jpg.rf.c369d2579db54b1b007857ae126f6be0.jpg,1,1,1,1,1,1
Hand_0003818_jpg.rf.fc7fa9477d9bef3e7754f9040ba11e94.jpg,1,0,1,0,0,0
Hand_0003709_jpg.rf.ce6ae5642e28b1ac22e4005959769fde.jpg,1,0,1,1,1,0
600_image_palm_jpeg_jpg.rf.3339515e10a913a8d7c59ae22ce01723.jpg,1,1,1,0,1,1
599_image_palm_jpeg_jpg.rf.303d71e40a03d609a27a08097af55892.jpg,0,1,0,1,0,0
IMG_0322_JPG_jpg.rf.7aacba22a40cc4fa50b7538e546e9a67.jpg,1,1,0,1,1,0
Hand_0003817_jpg.rf.f98f4bf1bc2dabedb8d30f407f0ded61.jpg,1,0,1,0,0,1
599_image_palm_jpeg_jpg.rf.65c79885e87fb53355c4581e8ed4bccb.jpg,1,1,1,1,1,1
59_image_palm_jpeg_jpg.rf.2984cb890b2f4795dc97329fc46398c8.jpg,0,1,1,0,1,1
598_image_palm_jpeg_jpg.rf.4db7ba22712300040b434e752fbab45f.jpg,0,1,1,0,1,1
IMG_0321_JPG_jpg.rf.20023e82cff8a4d6158e5259b7d26c79.jpg,0,0,1,1,1,0
Hand_0003870_jpg.rf.0d93380e258d0b39008f1f24cb10c98d.jpg,0,0,0,1,1,1
598_image_palm_jpeg_jpg.rf.8605ef720c25345799bfe39bd1b593d5.jpg,0,1,0,1,0,0
597_image_palm_jpeg_jpg.rf.4b7c2768751d08fc1676ab1ef8b49583.jpg,1,0,1,1,0,1
59_image_palm_jpeg_jpg.rf.ce4d9f4ca0527b7274dbcc016af005ce.jpg,0,0,0,0,0,1
Hand_0006471_jpg.rf.218a6a38b1bd82f7555bfebef85c5d1e.jpg,0,1,1,1,1,1
Hand_0006469_jpg.rf.0aafc4066d21978991d4ac33d2d11bbc.jpg,1,0,1,0,0,1
601_image_palm_jpeg_jpg.rf.73ea7883aa3e85bc1b4d64402c761c15.jpg,1,1,1,0,0,1
Hand_0003896_jpg.rf.51373ee8357abac29bd6c2bc3091bda0.jpg,1,0,0,1,1,0
600_image_palm_jpeg_jpg.rf.3da5189fe8fd2d87afcc19899a2d549a.jpg,1,1,1,1,0,1
601_image_palm_jpeg_jpg.rf.acaf464e24badef2ff00947cfb877f87.jpg,1,0,1,1,0,1
599_image_palm_jpeg_jpg.rf.c7efc794ecb250b5136172c6fa9c9c4a.jpg,1,1,0,0,1,0
Hand_0006473_jpg.rf.9b9ab5106fa08b2386b8f7c6688f41bf.jpg,1,0,1,1,0,1
602_image_palm_jpeg_jpg.rf.d8b245ccaaf730104d85a74fa645c9f0.jpg,1,1,1,1,0,1
598_image_palm_jpeg_jpg.rf.c24fa6e76541cb782ede2c50576b08b1.jpg,1,1,1,1,0,1
602_image_palm_jpeg_jpg.rf.edfe1e6fb8a2042506642bca33a97ab9.jpg,0,1,1,0,1,1
Hand_0006467_jpg.rf.51af8bc6a8fcda5903f5df1dafa8f732.jpg,1,1,0,0,1,1
600_image_palm_jpeg_jpg.rf.f369e0cc1c3ca01e7b1391595c49798e.jpg,1,1,1,1,0,1
Hand_0003895_jpg.rf.0ce7a8189434c050cf0cdc4309eb1040.jpg,1,0,1,1,0,1
Hand_0003781_jpg.rf.31e07f30b97c7130e4f18010585947e6.jpg,1,1,1,1,1,1
Hand_0006468_jpg.rf.e77f347a6abae80ee4e5120fcad2156b.jpg,0,1,0,1,1,1
Hand_0006473_jpg.rf.3e90b4f90d31d09e15344f7639225699.jpg,1,0,1,1,0,0
Hand_0006469_jpg.rf.ed6924311f22cdf8145c6ac886e2e1e1.jpg,1,1,1,1,1,0
Hand_0006467_jpg.rf.6c4010f406e5f3f3d99338ba341ad824.jpg,1,0,0,0,0,1
59_image_palm_jpeg_jpg.rf.2d1231b4f6157d8f41f0d0e61223535b.jpg,0,1,1,1,0,1
Hand_0006468_jpg.rf.3b9907017841654499440568bfaf37db.jpg,1,1,0,1,0,1
Hand_0006466_jpg.rf.2406f200b6c30000e85f97a67165674e.jpg,0,1,0,1,1,0
Hand_0006471_jpg.rf.a5a6c3ef4b4689d24c8576914fd7246e.jpg,0,1,1,1,0,1
Hand_0001154_jpg.rf.4586d8877821849756e1eb830d873eb5.jpg,0,1,0,1,0,0
Hand_0006466_jpg.rf.43076643a4bda03417afb22f4ec58efb.jpg,0,0,1,1,1,1
Hand_0003785_jpg.rf.3c5c49ddf3248d5faecf5caaab534715.jpg,0,0,1,1,0,1
Hand_0001082_jpg.rf.4df2fc099dfde8766e98fbc643ea3b7e.jpg,0,0,1,1,0,1
Hand_0006469_jpg.rf.ccb3e2405676efe530999dd09c9cfb47.jpg,1,0,0,1,1,0
Hand_0001153_jpg.rf.3466e6e86092ae177a394fd23973e664.jpg,1,1,1,1,0,0
Hand_0001152_jpg.rf.1bc106a3615f137b693014c2d3d832d3.jpg,1,1,1,1,0,0
Hand_0002833_jpg.rf.c089422bd1fbb076b37ac3cd4608a45d.jpg,1,1,0,1,0,1
Hand_0001177_jpg.rf.4cbefb150efdfe3e8dfce3eb27478262.jpg,1,1,1,0,1,1
Hand_0001165_jpg.rf.47031a5f9cc1cff7efb1ffc307a6f335.jpg,1,1,1,1,0,0
Hand_0001176_jpg.rf.09569e404c567c36b8abc0ec1c7251a4.jpg,1,1,0,1,1,1
Hand_0006467_jpg.rf.cf00a00c739bbdad315f248222b09890.jpg,0,1,0,1,0,1
Hand_0001154_jpg.rf.b36243c993a8d59f70a81f03f7135505.jpg,1,1,1,1,0,1
Hand_0006468_jpg.rf.b6407d8b7a4ad0d12a598b45e3a741b0.jpg,1,1,1,1,0,0
Hand_0001177_jpg.rf.794bd1eb67a9e594792a6e9618d74942.jpg,0,1,0,1,0,0
Hand_0001165_jpg.rf.3a4461fea126a7e50e24035818df5918.jpg,0,1,0,1,1,1
IMG_0306_JPG_jpg.rf.29d2bf1deedacf58b252abcf199a4076.jpg,1,1,1,1,1,1
IMG_0302_JPG_jpg.rf.32fb81ddf844902a81072ab14d2bb33c.jpg,0,1,0,1,1,1
FIMG_0001_JPG_jpg.rf.06b5ee348d43fee726594b5a957e6de2.jpg,0,1,0,1,1,1
IMG_0294_JPG_jpg.rf.55b41745825e4530d1fff093f8ad6849.jpg,1,1,1,0,1,1
Hand_0001154_jpg.rf.61719403583cb070f4594e788a966c82.jpg,0,0,1,0,1,0
IMG_0304_JPG_jpg.rf.0c842605a91f0943e9f58d6e4c3f9e58.jpg,1,0,1,1,1,0
Hand_0001153_jpg.rf.c17ec58ef8c739f17a45637e0b72d720.jpg,1,0,1,1,0,0
FIMG_0001_JPG_jpg.rf.31cd0ea4e88c17146304daca551f777f.jpg,1,0,0,1,0,1
Hand_0006449_jpg.rf.2e93aade6eeeadba06ce8cb3a8c858d0.jpg,1,1,0,1,0,0
Hand_0001166_jpg.rf.69b91a2a4d5e0b7efed9a58f282beb15.jpg,0,1,0,1,0,1
Hand_0001177_jpg.rf.e85cf530331dda1b1dbe274fef45ba49.jpg,1,1,1,1,1,0
Hand_0001152_jpg.rf.92cf21ce29df1da698f704188176ff28.jpg,0,1,0,1,1,1
Hand_0001176_jpg.rf.da45d81cbed2a92db5bb14d83603e3cf.jpg,0,0,1,1,1,0
IMG_0307_JPG_jpg.rf.8a186cde234a937e60355e52ba94fdc5.jpg,1,1,1,1,0,1
IMG_0292_JPG_jpg.rf.25e48f22ed2ea2d7bc39a39c60436344.jpg,1,0,1,1,1,1
IMG_0291_JPG_jpg.rf.2968fec7a2f7ce8b126e7c3cc1a81c86.jpg,1,1,1,0,1,1
IMG_0295_JPG_jpg.rf.300809c3b4e03afcdfe3026ac4138959.jpg,0,1,1,1,0,1
IMG_0289_JPG_jpg.rf.36e2d95a31d467d3889aed6b48d00958.jpg,1,1,1,1,1,1
IMG_0301_JPG_jpg.rf.4b18371fa59e1ff0b553b1585a688af1.jpg,1,0,1,1,0,0
Hand_0001153_jpg.rf.d22e2522bd388b16174baf7347405c53.jpg,0,0,0,1,0,1
IMG_0297_JPG_jpg.rf.f117125c9d05a99d5f03aba990da10df.jpg,1,0,0,1,0,0
IMG_0303_JPG_jpg.rf.7bc99a45aeb6c5dd36f2455edf8b0549.jpg,0,1,1,1,1,1
Hand_0006449_jpg.rf.83fa92e07efb4c4692338a71ca44667c.jpg,0,0,0,0,0,1
IMG_0296_JPG_jpg.rf.4550b158e95f75e6aea311eb812c3081.jpg,0,0,0,1,1,1
611_image_palm_jpeg_jpg.rf.5ba4f03bba16206c0c83878d2ac87720.jpg,0,0,0,1,1,0
IMG_0305_JPG_jpg.rf.9ff649fe98ea7aa2ad6127fe3d1a0e4a.jpg,1,1,1,0,0,1
575_image_palm_jpeg_jpg.rf.cae64ad1ec821a8aabe1efbea4403323.jpg,1,0,1,1,0,1
593_image_palm_jpeg_jpg.rf.6c042db4ac4409859da6daf77dbd2511.jpg,1,1,1,0,0,1
611_image_palm_jpeg_jpg.rf.61761e345bb996feefc9567ead8b50ba.jpg,0,1,1,1,1,0
609_image_palm_jpeg_jpg.rf.8f166449c30d3d67e5ab305b733b6b8e.jpg,1,1,0,1,1,1
98_image_palm_jpeg_jpg.rf.cf6e087f904b72378badfb925f4eb7ac.jpg,0,0,0,1,1,1
590_image_palm_jpeg_jpg.rf.9f1836c4421c5e34941e3e3d2786f0d5.jpg,1,1,1,1,0,1
604_image_palm_jpeg_jpg.rf.227a7ae771252c8704f91a8a2da11d09.jpg,0,1,1,1,0,1
609_image_palm_jpeg_jpg.rf.a62966d0477e895b7e09343da770a715.jpg,1,1,1,1,1,1
Hand_0003764_jpg.rf.1c46b98c2a4411ad2b68ec52ac646b22.jpg,1,1,1,0,1,1
609_image_palm_jpeg_jpg.rf.b82546d2311b957840b26c44ec0a066a.jpg,1,0,1,1,1,1
604_image_palm_jpeg_jpg.rf.5df6436cb3732c5dcf469047d20c5c6d.jpg,1,1,1,1,0,1
593_image_palm_jpeg_jpg.rf.ccc97aa2390072298f6f25236dea0ce6.jpg,0,0,1,0,1,1
612_image_palm_jpeg_jpg.rf.b9de3255800fa77f3fbad1d1469c3593.jpg,1,1,0,1,0,1
612_image_palm_jpeg_jpg.rf.b93e6e7249ea6aaf5b681330c9d0b728.jpg,0,1,1,1,1,1
IMG_0298_JPG_jpg.rf.e464da59c0aac453c7d5bb2982d794a8.jpg,1,1,1,0,0,1
IMG_0299_JPG_jpg.rf.a974dae3f43d3382cbb782641d07d436.jpg,1,1,1,1,0,1
Hand_0003869_jpg.rf.dd87c8a4192457f6c0340e66bacd1ae9.jpg,0,1,0,1,0,1
597_image_palm_jpeg_jpg.rf.6cb6a5253470007369d64c7896dd06ad.jpg,1,1,0,1,1,1
613_image_palm_jpeg_jpg.rf.1383d0c91ce5c3b9f19797facde193db.jpg,0,1,1,1,1,0
611_image_palm_jpeg_jpg.rf.e10505f5057c834c68af654555f8f521.jpg,1,1,0,1,1,0
612_image_palm_jpeg_jpg.rf.91b8fcdbc37b9c6400c8ef65fe560338.jpg,1,1,1,1,0,1
Hand_0001138_jpg.rf.3ff616fdacf4d83747784c6036121957.jpg,1,1,0,1,0,0
597_image_palm_jpeg_jpg.rf.91c82ba562c2751070a3a021d0aa56de.jpg,1,1,0,1,0,0
Hand_0001134_jpg.rf.41e6a50e511bb4881740e48cd8ca3855.jpg,1,1,1,1,1,0
Hand_0001137_jpg.rf.3ca0ad4febef398b42806fbfe0906ac2.jpg,1,1,0,1,1,0
Hand_0003639_jpg.rf.4adb3c574d2857a6062db25bcd5abd6e.jpg,1,1,1,1,1,0
Hand_0001179_jpg.rf.4317c641bcbf43b0a437effd5d02602b.jpg,1,1,0,1,0,1
Hand_0001134_jpg.rf.2d9e5b057e694e6b66ef7bf914766c8e.jpg,0,1,1,0,0,0
Hand_0004015_jpg.rf.808aa70f4c4798fc0f47dbffcb8bf447.jpg,1,1,1,1,0,0
Hand_0001137_jpg.rf.52348d9b8dd2daa734abbceb38efbfe6.jpg,1,1,1,1,1,0
Hand_0001134_jpg.rf.51bf114f75b15297d137dbbd9849ca33.jpg,1,1,0,1,1,1
Hand_0001139_jpg.rf.5323f944c4aa96147dd9f9e5411498a7.jpg,0,1,1,1,1,1
Hand_0003689_jpg.rf.6c72eb070fde04ef203064857c06b33b.jpg,0,0,1,0,1,1
586_image_palm_jpeg_jpg.rf.8758004d6f806c3f91ab7c8c3de092a5.jpg,0,1,1,1,1,1
Hand_0001178_jpg.rf.99fec6632ce3eb3350eb51a445547637.jpg,1,0,1,1,0,0
579_image_palm_jpeg_jpg.rf.2554813fe083295d7267fc04bebe7699.jpg,1,1,1,0,0,0
Hand_0001137_jpg.rf.be806f829d9cb2bc82a2fa34f33248e5.jpg,1,1,1,0,1,1
Hand_0006474_jpg.rf.8bf113b1b50b053b7c008995d42c0f86.jpg,1,1,0,1,0,1
Hand_0001150_jpg.rf.79cf524c4f4209057227c7d1291ae2aa.jpg,1,1,1,1,0,1
Hand_0001138_jpg.rf.d801d61d7975c0f97f8c16ea2aa6ef77.jpg,0,1,0,0,1,0
Hand_0001107_jpg.rf.8528973b871514661d16979f34b906e7.jpg,1,1,0,1,1,1
Hand_0001179_jpg.rf.5d76ce8c2e0f5981840cc77e2ac499e6.jpg,1,1,1,1,1,0
613_image_palm_jpeg_jpg.rf.c1de170f8ca4f385d27fbe530a0a8ddb.jpg,0,1,0,1,1,1
586_image_palm_jpeg_jpg.rf.d77a314a26a9409e8e4b0e53bd572f02.jpg,1,1,0,1,0,1
590_image_palm_jpeg_jpg.rf.82c5a0d95a84473e09a50749f1abc9db.jpg,0,1,1,1,0,0
Hand_0001138_jpg.rf.a28577d247e3c5988c5ca1f302a4b1c6.jpg,0,0,0,0,0,1
58_image_palm_jpeg_jpg.rf.843ba114dbb225613963c0ab062b2d4c.jpg,1,1,1,1,1,0
IMG_0371_JPG_jpg.rf.72d22045d7dd5668def7931595b4503c.jpg,1,1,1,1,1,1
58_image_palm_jpeg_jpg.rf.dae4222bc34156bfb4ac5cec27c3ca53.jpg,1,1,0,1,1,0
585_image_palm_jpeg_jpg.rf.e1fa1ffb258f7f3e9eb8c29265d3efa9.jpg,1,1,1,1,1,1
586_image_palm_jpeg_jpg.rf.7907c94a03b490d5bf6412ada577675b.jpg,1,0,0,1,1,1
Hand_0004012_jpg.rf.b17e88b385ae80431b00138fa1dc5081.jpg,0,0,0,1,1,0
Hand_0001178_jpg.rf.c6dd68c6a165ddacdebae4f218d490f9.jpg,1,1,0,1,0,0
578_image_palm_jpeg_jpg.rf.a2f5fb040f8b70d0611c0fbd6c152fee.jpg,1,1,1,1,1,1
581_image_palm_jpeg_jpg.rf.9f813d777c64b7e0cd57355ceaf11093.jpg,1,1,1,0,0,1
585_image_palm_jpeg_jpg.rf.b206d2750095b68dc8975bc98c74e8dd.jpg,0,0,0,1,0,1
Hand_0001178_jpg.rf.f1986fb7a8a350cbf6c0e0a97e0a4a8d.jpg,0,1,1,1,1,1
582_image_palm_jpeg_jpg.rf.f619a54db36935f84bc48b9a5f13ba2e.jpg,1,0,1,0,1,1
Hand_0001103_jpg.rf.1bee29e80f64f65d58ba578c22dc714c.jpg,1,1,1,1,0,0
Hand_0001195_jpg.rf.01b2e698beadd43acbedd0f7bcdd0283.jpg,0,1,0,0,1,0
582_image_palm_jpeg_jpg.rf.8899067df8ab76e6698630aa496df2e7.jpg,1,0,0,1,0,1
585_image_palm_jpeg_jpg.rf.73bf7f2f8c400d8601a1d25a73e72ad6.jpg,0,1,0,1,1,1
IMG_0338_JPG_jpg.rf.03f19ebcbfbfc7f47504471f899a7de5.jpg,0,0,1,1,1,1
Hand_0005730_jpg.rf.6a0010b93da5cd7f628602fd49f49df0.jpg,1,1,0,1,1,0
Hand_0001191_jpg.rf.a064cea35ace62978a921d74d5b77cdb.jpg,1,1,1,0,0,1
Hand_0001180_jpg.rf.36e842ab5af124d0fc8dcab9b1239c72.jpg,0,1,1,1,0,1
Hand_0001198_jpg.rf.3e2396fa194428eb121f60bcdef7226f.jpg,0,1,0,1,1,1
IMG_0331_JPG_jpg.rf.52265f10922a6a6dde1fe727b5d087ff.jpg,1,1,0,0,1,0
Hand_0001193_jpg.rf.8a6a193840e7b421c0abe5d0134b3c10.jpg,1,0,0,1,0,0
Hand_0001181_jpg.rf.db2166bcc3a2040c5f018313e1290fa5.jpg,1,1,1,1,1,1
58_image_palm_jpeg_jpg.rf.e721665a6c55b72d28eb390999c0183c.jpg,0,1,0,0,1,1
Hand_0001191_jpg.rf.e58e37f9538911a1716f3f6a155312ac.jpg,0,1,1,1,0,0
Hand_0001191_jpg.rf.98de5a9b7cd71d794374cab00b7952e4.jpg,1,1,0,1,0,1
Hand_0005730_jpg.rf.32905c98f1bd6327f22cb795dbfa8ed9.jpg,1,0,0,1,1,0
Hand_0001194_jpg.rf.7d44434af17603d4a98026854ccf5f0e.jpg,1,0,1,1,0,0
IMG_0339_JPG_jpg.rf.1b006ac7e28872613d8c6784986ff51b.jpg,1,0,1,1,0,0
Hand_0001193_jpg.rf.dc5600d6c4275ea30db1b9acd0f45b0e.jpg,0,1,0,1,1,0
Hand_0006488_jpg.rf.fc05fa7027208df3d637c429914a38c4.jpg,1,0,1,1,1,0
Hand_0001193_jpg.rf.e0ebf6344a6fe6a58e17f0edf7d5dd89.jpg,1,0,1,1,1,1
Hand_0001198_jpg.rf.eb3be2421efeee401efc4fc59b5bf8a6.jpg,1,1,1,1,0,1
Hand_0002822_jpg.rf.6ed688173ed01f64df6274723f9706a2.jpg,0,1,1,1,1,1
Hand_0001195_jpg.rf.2abe702f829519328e364f7643a22ccd.jpg,0,1,0,1,0,1
Hand_0002806_jpg.rf.3c3112109651c26292107a06cc158b88.jpg,1,1,0,1,0,0
Hand_0001195_jpg.rf.53e6bc9bcdac960cb634418700b213b0.jpg,0,0,0,1,1,1
566_image_palm_jpeg_jpg.rf.93e312e5019242b57a0ef145d55994f7.jpg,0,0,1,1,1,0
Hand_0001181_jpg.rf.d1800f8e74ce07b75c5b983c459ffb93.jpg,0,1,1,1,0,1
590_image_palm_jpeg_jpg.rf.313e9c46867d9a2970da6b95358a9299.jpg,1,1,1,1,0,1
IMG_0333_JPG_jpg.rf.4923416085b98227e881d4ac9231758b.jpg,1,0,1,1,0,1
IMG_0344_JPG_jpg.rf.7bc7d06f8da02627bd99daeef6578e11.jpg,1,0,0,1,0,1
IMG_0337_JPG_jpg.rf.9b89f0652597a60ba1cf9ccc4622e89a.jpg,1,1,0,0,1,0
IMG_0343_JPG_jpg.rf.3d172d7427fb9a2867ad5d5e58860439.jpg,1,0,0,1,0,0
92_image_palm_jpeg_jpg.rf.edf440ac175000e95222298d63f602b0.jpg,1,1,1,1,0,1
IMG_0330_JPG_jpg.rf.d8e6c529982ce0afda8a033ff1329f9c.jpg,1,1,1,1,0,1
IMG_0332_JPG_jpg.rf.f7a66a81baae6d3a0059f41c276c9db8.jpg,0,1,1,1,0,1
93_image_palm_jpeg_jpg.rf.dbe96ad93cbc202d14f26166b3206038.jpg,0,1,1,1,1,0
IMG_0257_JPG_jpg.rf.290c3329d6e536a74e438fab7ee36edc.jpg,1,0,0,1,0,0
IMG_0267_JPG_jpg.rf.8a639fe44badc93bc6c503309572d69a.jpg,1,1,1,1,1,1
614_image_palm_jpeg_jpg.rf.7f2bcd8046396047043ed0fa317c30ac.jpg,1,1,0,0,1,1
IMG_0342_JPG_jpg.rf.a53025eef7ee87f4efef3625ce2e694d.jpg,0,1,1,1,0,1
IMG_0245_JPG_jpg.rf.a698f1554c29cd574cca2a3ebdc70b4d.jpg,1,1,0,0,1,0
IMG_0345_JPG_jpg.rf.a7cecf4febb81b70851dfa6671abc240.jpg,1,0,1,1,0,0
IMG_0242_JPG_jpg.rf.9b19b76a59569d7f57e135d7986461e0.jpg,1,0,1,1,1,1
IMG_0335_JPG_jpg.rf.ce2c6dae953632c1745236c55e7991af.jpg,1,1,0,1,1,1
IMG_0346_JPG_jpg.rf.96ae70bd50a3fd9b325b2512f694bd1e.jpg,1,1,1,1,0,0
IMG_0246_JPG_jpg.rf.b86fe252f845557f9786cbd688a6f85a.jpg,0,1,0,1,0,1
IMG_0268_JPG_jpg.rf.4ad4cafcfc41faa1d0b1d2be8fe4e2f2.jpg,1,1,0,1,0,1
IMG_0244_JPG_jpg.rf.5c68fdb664382fd3252fe239489d1a52.jpg,1,1,0,1,1,1
Hand_0003822_jpg.rf.2318c85dbba6a9940197d180317cc8f5.jpg,0,1,1,0,1,1
IMG_0252_JPG_jpg.rf.aa15e29d8d6ed42048171f922805987c.jpg,1,1,1,1,0,1
IMG_0350_JPG_jpg.rf.59ea47e4c7d4ed8141377059e30feb29.jpg,1,1,1,1,1,0
IMG_0243_JPG_jpg.rf.36deac6037ca619f3a35fff9a8f2a142.jpg,0,1,1,1,1,1
IMG_0240_JPG_jpg.rf.9bde5070fce1172b6ec0f44749513a20.jpg,0,0,0,1,0,1
IMG_0349_JPG_jpg.rf.9041506acf4ad4e3068085e0fa3a7c04.jpg,1,0,0,1,0,0
604_image_palm_jpeg_jpg.rf.11b765aa0dd51fe0df137fbd5b4fe355.jpg,0,1,0,1,0,1
IMG_0254_JPG_jpg.rf.f15d1d300571e17506edb1c183b47613.jpg,0,1,0,1,0,1
IMG_0326_JPG_jpg.rf.354f99ec60abe59879309f5ae12c1d13.jpg,1,1,0,1,0,1
IMG_0369_JPG_jpg.rf.4509c9e6dc93c795b452bcaf81ab7502.jpg,1,1,0,0,1,1
IMG_0355_JPG_jpg.rf.02ad7a8f9ab18229f6e221e0c95a154a.jpg,1,1,1,1,1,0
IMG_0360_JPG_jpg.rf.5aaf3041e184f8ed8baa2de3fb649d9e.jpg,0,1,1,1,1,1
IMG_0325_JPG_jpg.rf.479bf234d47d09c98cda51b3bafecc94.jpg,1,1,1,1,1,1
IMG_0366_JPG_jpg.rf.65640348399cd794e28cfd122ec891e3.jpg,0,0,0,1,1,0
IMG_0249_JPG_jpg.rf.bddb642ac27676a1a96f87a0be131403.jpg,1,0,1,0,1,0
IMG_0354_JPG_jpg.rf.845a6eca6712ab5ee3fcbfe8c166cd05.jpg,0,0,0,1,0,0
IMG_0356_JPG_jpg.rf.6a97165a9597cc41cb7400186f10485f.jpg,1,1,1,0,1,1
IMG_0358_JPG_jpg.rf.93fdea3b8b635e7d0808f9640edb1d49.jpg,1,1,1,1,0,0
IMG_0255_JPG_jpg.rf.ba645942c72c9fce5e20eb4e2e646a08.jpg,1,1,1,1,0,1
IMG_0329_JPG_jpg.rf.b35de48215e131676e4adae1579f7543.jpg,1,0,1,1,0,0
IMG_0363_JPG_jpg.rf.be022120090c2bb4edf00f44f6cf5f60.jpg,1,1,1,1,1,0
IMG_0361_JPG_jpg.rf.713e43adfd9a391c0525cf2749a358f5.jpg,1,1,0,1,1,0
IMG_0285_JPG_jpg.rf.482f42af1ef337fc1e5e6873b85d57a8.jpg,1,0,1,1,1,1
601_image_palm_jpeg_jpg.rf.ae25db751df171f115d059b96b51f7eb.jpg,0,1,0,1,0,1
IMG_0370_JPG_jpg.rf.e0825af66ab05d119a1122d08566a3e7.jpg,1,1,0,1,1,1
IMG_0278_JPG_jpg.rf.870783a3dbb5d21d93a58ef0dc66b750.jpg,1,1,1,1,0,1
Hand_0004016_jpg.rf.94580f01aaefb980f94a424a4467b811.jpg,1,1,1,1,0,1
Hand_0003959_jpg.rf.5072a63feffedf082118125da9ae7fa4.jpg,1,1,1,1,1,1
IMG_0353_JPG_jpg.rf.e1befdade2acce0de848577e12f05b76.jpg,0,0,1,0,0,0
IMG_0367_JPG_jpg.rf.dad057190fc3e951a609efa8e9a8f8a5.jpg,1,0,1,1,1,1
IMG_0284_JPG_jpg.rf.c1a2fe2e19443f33dfb7f160f9b8c3c2.jpg,1,0,0,1,0,1
IMG_0281_JPG_jpg.rf.80e830a641480e2fffba8efe8e9fcd53.jpg,1,0,1,1,0,1
IMG_0334_JPG_jpg.rf.b684e6bcdb3ddd5cebaa789a41dfaa8a.jpg,1,1,1,1,1,0
IMG_0317_JPG_jpg.rf.dc9e3d3082c76f2ecd3a73be2f7d044e.jpg,0,1,1,1,1,1
im1_jpeg_jpg.rf.1a5a968819c574b08743dcd3c14e9036.jpg,1,0,0,1,0,1
Hand_0003871_jpg.rf.063fa9d49fa03cde5a18a1aa1fff9779.jpg,1,1,0,1,1,1
Hand_0003898_jpg.rf.4829206def69bf1b6228eec56eea4b66.jpg,1,0,1,0,0,1
Hand_0006487_jpg.rf.cf332e771853f3a60666bcf8ef3a87b4.jpg,0,1,1,1,1,1
IMG_0276_JPG_jpg.rf.5b4fac6def5a9c2c3c104d039f69e359.jpg,0,1,1,1,1,1
IMG_0364_JPG_jpg.rf.8dc540d443e6a636801f5cbebb504369.jpg,0,1,0,1,1,0
IMG_0271_JPG_jpg.rf.b8c91b715c87c4d533933ad0b7c95c95.jpg,1,1,1,1,0,1
IMG_0359_JPG_jpg.rf.c96edf1be4d614ecb48937164215c25f.jpg,1,1,0,0,0,0
IMG_0277_JPG_jpg.rf.04098b5cd9318973d2faa69e285aae3d.jpg,1,1,1,1,0,0
Hand_0003896_jpg.rf.7f2526836ba9f0a81830bd16b07644df.jpg,1,1,0,0,0,1
Hand_0003871_jpg.rf.72e1b498d0e0a73bed43d95ac8035c06.jpg,1,1,1,0,0,0
Hand_0003872_jpg.rf.928871fe39e78120356fc464445c7d01.jpg,0,0,0,0,1,1
Hand_0006470_jpg.rf.26a7e51b5173d0d0015483a64c4f60f7.jpg,1,1,1,1,0,1
IMG_0275_JPG_jpg.rf.be88314555a43528d4fd8884a0040201.jpg,1,0,1,0,0,1
IMG_0287_JPG_jpg.rf.ccde9c754bfc10e0fec740e47e53430e.jpg,1,0,0,1,0,0
IMG_0318_JPG_jpg.rf.7955ab0d3ac83b48ad10bf3f576c8f22.jpg,1,0,1,1,1,0
IMG_0273_JPG_jpg.rf.997238738e480c74b603a9d2ffc45393.jpg,1,1,1,0,0,1
IMG_0272_JPG_jpg.rf.26bbe2716aaa964af276de68862d187f.jpg,0,1,1,1,1,0
Hand_0003870_jpg.rf.a1708a25a4d78c3a6bf1d1b6349f6dd3.jpg,1,1,0,1,1,1
IMG_0279_JPG_jpg.rf.ea71b40c809acb1c0cf14f5f121c18ea.jpg,1,1,1,1,0,0
IMG_0274_JPG_jpg.rf.c02bd2396c188a84146723486584aabe.jpg,0,1,0,1,1,0
Hand_0003870_jpg.rf.6bd04b26339d4cc74d000a170767c02e.jpg,0,0,1,1,0,1
Hand_0003871_jpg.rf.abd34c20c9b17a54f283943eb173f8f4.jpg,1,1,1,1,0,0
Hand_0003742_jpg.rf.0ffbb81c41f2b885316bf1086b785703.jpg,1,1,0,1,0,1
Hand_0003897_jpg.rf.ebb84e6516375a7189c4ce65d8985131.jpg,0,0,1,1,1,0
Hand_0003896_jpg.rf.9cdd176dd6c76e5d72294bc25f232f6e.jpg,1,0,1,1,0,0
Hand_0003898_jpg.rf.dee74a4e7dc329ed633e9604bc03478a.jpg,0,1,1,1,0,0
Hand_0006473_jpg.rf.1c7da32f32907cf6de3b94c2ac1cf7b5.jpg,0,0,1,1,0,1
Hand_0006595_jpg.rf.ffea8837a36cdb744f3e3740cc685c14.jpg,0,1,1,1,0,0
Hand_0003895_jpg.rf.cc86c7cf01a7237190875d351de19e02.jpg,0,0,0,1,1,1
Hand_0003872_jpg.rf.a2ac9aadd4c85a6609d899c9f5d85afc.jpg,0,1,1,1,0,1
FIMG_0002_JPG_jpg.rf.6f7ed9c909dfcf0de3da2b0e99726d72.jpg,1,0,1,1,1,1
98_image_palm_jpeg_jpg.rf.585e6fa06e2f93bb15e3a62970a2f38c.jpg,1,1,1,0,1,0
Hand_0003897_jpg.rf.b0901a232a2590085862f0fbe4884d64.jpg,0,1,1,1,1,0
97_image_palm_jpeg_jpg.rf.b4c5625e0f24ba23b34bac9106508824.jpg,1,1,1,0,0,1
IMG_0394_JPG_jpg.rf.ebf62693b65ad5c78a3d9c33c0e9d7c6.jpg,1,1,1,1,1,1
97_image_palm_jpeg_jpg.rf.e125bd2ea532af9933a818a781e6bbf2.jpg,1,0,1,0,1,0
Hand_0006452_jpg.rf.0ffeabbe02562a2bd1fba13db692ae19.jpg,0,1,0,0,0,0
98_image_palm_jpeg_jpg.rf.edc7831e341b23e12b42009e671a9c09.jpg,1,1,1,1,1,1
IMG_0310_JPG_jpg.rf.2c61900c0ab63d6edad2d7a70834a0e4.jpg,1,0,1,1,0,0
93_image_palm_jpeg_jpg.rf.082b35391ad9c9f591d5bde6bdb889db.jpg,1,1,1,1,1,0
Hand_0006451_jpg.rf.32f8c3563753d12903cd1a51406acd0a.jpg,1,1,1,0,1,0
FIMG_0001_JPG_jpg.rf.3a90253402668d6fc1dda6ab2fca9f00.jpg,1,0,1,1,1,1
97_image_palm_jpeg_jpg.rf.01496bc716303cf1023985dceace8756.jpg,0,1,0,1,0,1
99_image_palm_jpeg_jpg.rf.db148aa442d699581ff51535aa62746f.jpg,0,1,0,1,1,1
93_image_palm_jpeg_jpg.rf.9bbb33af346a16d0fd822faa203beba8.jpg,0,0,1,1,0,1
Hand_0001165_jpg.rf.59ab05bf44c2bde4cd3cf8360d2475af.jpg,1,1,0,1,0,1
FIMG_0002_JPG_jpg.rf.34e47e923c132fb3791d5bbc7ec2a71e.jpg,0,0,1,1,0,1
Hand_0006466_jpg.rf.683dae949bdde562841a72944696fc81.jpg,0,0,1,1,1,0
Hand_0001166_jpg.rf.6185ed0ae4403758f45d31c201e4f0c8.jpg,1,1,1,1,0,1
Hand_0006450_jpg.rf.8052b1c795604cb234a0accdbcdf7321.jpg,0,1,1,1,1,0
Hand_0006451_jpg.rf.515e5278fe2447a04fad368b2fce8bc8.jpg,1,1,0,1,0,0
IMG_0312_JPG_jpg.rf.a64e55ea5068d839eeaa9c782dacb5d2.jpg,1,0,0,1,0,0
IMG_0393_JPG_jpg.rf.4f75e9e02e7df2d164feb251385cb1ca.jpg,1,1,1,1,0,1
Hand_0003872_jpg.rf.ed16045084e94537160296a32a819126.jpg,1,0,0,1,1,0
Hand_0006447_jpg.rf.e2875543d122b59e1d3ce39e6d80ed75.jpg,0,1,1,1,0,1
Hand_0006471_jpg.rf.72e4fe70e769e74d820e8d55609947e8.jpg,0,0,0,1,0,0
Hand_0003822_jpg.rf.c5eb41ef1efd288b190861d6f313283e.jpg,1,0,0,1,1,1
Hand_0003857_jpg.rf.28a2353c8daaef3ff81c61b72ca7a7dd.jpg,0,1,0,0,0,1
Hand_0006452_jpg.rf.759188762e6bc484e1a74ea99fa6af80.jpg,1,1,0,1,0,0
Hand_0003869_jpg.rf.15090d5961bfe3d9a3f8eb1e66352fc6.jpg,1,0,0,1,1,1
Hand_0006450_jpg.rf.545d2f0349206dfb1b9b537edc56f274.jpg,1,0,0,1,1,1
Hand_0006447_jpg.rf.b1b2da87c55f554c4a5a4f9eccef6668.jpg,1,1,1,1,1,1
Hand_0003902_jpg.rf.47290507f6d7baded454eb6e03955e36.jpg,1,1,1,1,0,1
Hand_0003867_jpg.rf.41190a87e5fc4444ea338ab03b12a69f.jpg,1,1,1,1,0,0
Hand_0003866_jpg.rf.7eff5f52ae648787af7a7126f242226e.jpg,1,1,1,1,0,0
Hand_0006446_jpg.rf.6cc5cb5e26610233766b9b908f439252.jpg,1,0,0,1,1,1
Hand_0006447_jpg.rf.b6749fb390547305ea04774bed205157.jpg,1,1,1,1,1,0
Hand_0003898_jpg.rf.38b2b79ac59d0a3e7e54b1633140afe6.jpg,1,1,0,1,0,1
FIMG_0002_JPG_jpg.rf.9e11ce544675915a8b780b326876b499.jpg,1,0,1,1,1,0
Hand_0003902_jpg.rf.4727965e6fd7a13d49473442c938b7e2.jpg,1,0,1,1,0,1
Hand_0006448_jpg.rf.b744bdf80c0055f7c4c52090046b5c0a.jpg,1,1,1,1,0,0
Hand_0003869_jpg.rf.91b492f98529e7052aba5c4bac04c36d.jpg,0,1,1,1,1,0
Hand_0006450_jpg.rf.ddac7562ee5a2ee0c458ced2a6576399.jpg,1,1,1,1,0,0
Hand_0003867_jpg.rf.79aa112ae718967060525c835de1ca46.jpg,1,1,1,1,1,0
Hand_0006452_jpg.rf.ed2ee1b05b3fc34ccd3d1fe0e1ea29b3.jpg,1,1,1,1,1,0
Hand_0003867_jpg.rf.c4c32125ec38d25eb9963a7050ff3000.jpg,1,1,1,0,1,1
Hand_0003866_jpg.rf.9510ee7770eb6da2193b083cdb89ed46.jpg,1,1,1,1,1,0
Hand_0003857_jpg.rf.04cc3fbdb1666a3a336d1871b51dc3f4.jpg,1,1,0,1,1,0
Hand_0003857_jpg.rf.c6df4a98c8d00a4c880e7f5a8422f39a.jpg,0,1,0,1,0,1
Hand_0003902_jpg.rf.f5bc81478a124dda2d7a778a0827d31d.jpg,1,0,1,1,1,1
613_image_palm_jpeg_jpg.rf.f08e817e6e49bd3a17642cbf2240059e.jpg,1,1,1,1,1,1
Hand_0004013_jpg.rf.1207a63dc97eaa63cf8f419f2fdd7325.jpg,0,1,1,1,1,1
Hand_0003903_jpg.rf.df02470d56aff7cc7f2a681ede51089e.jpg,1,1,0,1,1,0
Hand_0004014_jpg.rf.2bb5bac4add97ae7282d560fc986b043.jpg,0,0,0,1,1,1
Hand_0004011_jpg.rf.232e92cb6ff4728931fbd681a80970b9.jpg,1,0,1,1,0,0
Hand_0004011_jpg.rf.c4baf620ef02bb04ee77e625f1cbf1b1.jpg,1,0,1,1,1,1
Hand_0006451_jpg.rf.e86274383eddd50fd9e1771f6ba26429.jpg,0,0,1,1,0,0
Hand_0004012_jpg.rf.a1fe205d2a030ba4f4fad51d345b9187.jpg,1,1,1,0,1,1
Hand_0004011_jpg.rf.f41701d4d9139636c0f0bf04af09c615.jpg,0,0,1,1,0,0
IMG_0384_JPG_jpg.rf.11edd56acd51a1d384f5a8a6b8334559.jpg,1,1,0,1,1,1
Hand_0004015_jpg.rf.a7609a06eab5aa89bc4ea2044e0ad013.jpg,0,1,0,1,1,1
Hand_0003973_jpg.rf.e7432ffc8b510370bd56da62f59f9afb.jpg,1,0,1,1,1,1
Hand_0004013_jpg.rf.4048994058ec0cf917e8f454cd989109.jpg,1,0,1,0,0,1
Hand_0004014_jpg.rf.d719fa6b1e3b7d5b49eeb97ac61b50a4.jpg,1,0,1,1,1,1
Hand_0003903_jpg.rf.b4902e0d4dd1612f16670dda7db1041b.jpg,1,1,0,1,1,1
Hand_0001166_jpg.rf.ad31c831a892da0c3e4cb50eef0ad55e.jpg,0,1,1,0,0,0
92_image_palm_jpeg_jpg.rf.233112ce0f4cb8f1ee3f20263f8620ae.jpg,0,1,1,1,1,1
Hand_0006550_jpg.rf.14ab838e3585be47b584288769bd9f0c.jpg,1,1,1,0,1,1
Hand_0003866_jpg.rf.f1b51f5b144e4f1d1e9dacc3b51b0fc3.jpg,1,1,0,0,1,0
Hand_0004012_jpg.rf.d44e90977549f4ba86e22886c558da26.jpg,1,0,0,1,0,0
Hand_0001180_jpg.rf.3719903556210f53f389d6d563baf154.jpg,1,0,1,0,1,1
Hand_0006566_jpg.rf.20f7ceef1a63f3fc8f2fb27f2cbd91ed.jpg,1,0,0,1,1,0
IMG_0373_JPG_jpg.rf.1265a584e12b4d2fde36316621519ee7.jpg,1,1,1,1,1,1
Hand_0004014_jpg.rf.6537f41cbf48849d00e2086c31c301e1.jpg,1,1,1,1,1,1
Hand_0006547_jpg.rf.2784d90a55be843c52e042e92eb2f5fe.jpg,1,0,1,1,1,1
IMG_0381_JPG_jpg.rf.35db16bd9f19625c094d036fa27fb26a.jpg,1,1,1,1,1,0
IMG_0347_JPG_jpg.rf.3c610d4acd5f49192e63d96e73fcbdf0.jpg,1,1,1,0,0,1
IMG_0392_JPG_jpg.rf.3aa3e500851573191ee4fa653b7c8ce1.jpg,1,1,0,1,1,0
Hand_0001179_jpg.rf.9ea67703162bbb6288749a5c8e7f9c8c.jpg,1,1,0,1,1,1
Hand_0003975_jpg.rf.793acf7a9fa8fce2f68c96cd2d62d5e1.jpg,1,1,1,1,0,0
Hand_0006544_jpg.rf.421d8c23cd919848f78dfb8622f871fd.jpg,0,1,0,0,1,1
Hand_0003973_jpg.rf.eeba3d84a2c00cc4aa4cabf40d36e797.jpg,1,1,1,1,0,1
Hand_0003975_jpg.rf.80954f16c171a048460d1d0bd3ffa11e.jpg,1,0,0,1,0,0
Hand_0003856_jpg.rf.8f8d4f1a7b93c1676e37b432d5968ab6.jpg,0,0,0,0,0,0
IMG_0377_JPG_jpg.rf.154b379e6ade75278e1500274cf6b88a.jpg,1,0,1,0,1,0
IMG_0391_JPG_jpg.rf.537f72178c6340068cc1a19a665b777f.jpg,0,1,1,1,1,0
Hand_0006548_jpg.rf.6dec86dc6d3e411a8724429d2ceb82c2.jpg,1,1,1,1,0,1
IMG_0379_JPG_jpg.rf.502550c3c182d38f5af221f5b133cd8e.jpg,0,1,1,0,0,0
Hand_0003975_jpg.rf.e3c3c70a9d75b10ba0168d25323cc91f.jpg,1,1,1,1,1,0
92_image_palm_jpeg_jpg.rf.7005edd73fd486f5e5598cea38ce3349.jpg,0,1,1,1,0,1
91_image_palm_jpeg_jpg.rf.815950ba29d98927ee9cc0d654b78566.jpg,1,0,1,0,1,0
Hand_0004067_jpg.rf.70ab12a225b9074ac9e562db5872b621.jpg,1,0,1,1,1,1
IMG_0372_JPG_jpg.rf.8413eefc1f8b67993bc858e52fabaac7.jpg,1,0,1,1,1,0
Hand_0006543_jpg.rf.6426a59483b970790f29248ecd25c641.jpg,1,0,1,1,0,1
Hand_0006502_jpg.rf.76ecde4158a917af6cb344e0beac348d.jpg,1,1,0,1,1,1
IMG_0374_JPG_jpg.rf.9d4cc6d02eccd71313758f33bb8edce1.jpg,0,0,0,1,1,1
IMG_0390_JPG_jpg.rf.95e52931680b96f6ebe85d45ce3ee146.jpg,0,1,0,1,0,1
Hand_0006548_jpg.rf.919d39b74878e078321ea20f1c9b8d18.jpg,1,1,1,0,0,1
Hand_0006547_jpg.rf.a590693fa35bbc744f6f1aa6e6b62412.jpg,1,0,1,1,1,1
IMG_0340_JPG_jpg.rf.3b0a405ed4069ca37b6ab267ea028efb.jpg,0,0,1,1,0,1
IMG_0375_JPG_jpg.rf.ccf9887d2596d21ab596033ccfd5675f.jpg,1,0,1,1,0,1
Hand_0006502_jpg.rf.b3a5db1a9bf60fa7d14f418e91b745f3.jpg,0,1,1,1,0,0
IMG_0380_JPG_jpg.rf.c2f197347f4ca7190ae7b3b03b1aae85.jpg,0,0,1,0,1,1
Hand_0006543_jpg.rf.7ec843b807abcf051478cbf4ca71fc27.jpg,1,1,1,1,1,1
Hand_0006547_jpg.rf.e7765b1dcefe3ac2cbcf4fb321b8994a.jpg,0,1,0,0,0,1
IMG_0376_JPG_jpg.rf.3f9c6e80f4ec72e29be234301628384e.jpg,1,0,1,1,1,0
581_image_palm_jpeg_jpg.rf.394ad5995416b527fcd6f1064f43c118.jpg,0,1,0,0,0,0
Hand_0006474_jpg.rf.be891b92638960f798dce58fdfb135b8.jpg,1,0,1,1,1,1
Hand_0006544_jpg.rf.c80287d110490faa6d87b380af87b2f0.jpg,0,1,0,1,1,0
IMG_0382_JPG_jpg.rf.eafb023f594762aad9ebc623abf19e2c.jpg,1,1,0,1,1,0
Hand_0006544_jpg.rf.ffe7ea3cf272c9ab3aa6fec74327da9d.jpg,0,1,1,1,1,0
Hand_0006502_jpg.rf.ace9ea72efe719b5ff255dad53a25bed.jpg,0,1,0,1,0,0
Hand_0006543_jpg.rf.c7e96cd2eac40a33b054b651ee18b1d9.jpg,1,1,1,1,1,1
IMG_0266_JPG_jpg.rf.e49247ab8a0f2ce0ffe2dc4245c49e89.jpg,1,0,1,1,1,1
581_image_palm_jpeg_jpg.rf.fb564dd5b3f0778a3eb8b8b6e0a656a8.jpg,1,0,1,1,0,1
Hand_0004030_jpg.rf.c246a6259a7b04e80936ebdddd5307c5.jpg,1,1,0,1,0,0
Hand_0003958_jpg.rf.16466564a3b6b44dd291b4f77f691cd6.jpg,1,0,1,0,0,1
Hand_0004029_jpg.rf.b4d809f22cf1299aa0509debe252b58b.jpg,1,1,1,1,0,1
Hand_0006474_jpg.rf.4426f3c9b8a4cada2d38c46b8c12c8d6.jpg,1,1,0,1,1,0
Hand_0004018_jpg.rf.3f54167a53521dd86e8391c41b0b107a.jpg,1,1,1,0,0,1
Hand_0004030_jpg.rf.17ff4d30e508df671b2cc3be31c32e10.jpg,0,1,0,0,1,0
Hand_0006626_jpg.rf.6c40855638b3af510647ec4923493b0d.jpg,1,1,1,1,1,0
Hand_0004018_jpg.rf.5f4b074cc0f3a8b9df28009cc80c3109.jpg,0,1,1,0,1,1
Hand_0004016_jpg.rf.ee299e76ebe89ee5d8669d252502d6be.jpg,1,1,0,1,0,1
Hand_0004029_jpg.rf.92858152919ad71cb15984c09a370790.jpg,1,1,1,1,0,1
Hand_0004017_jpg.rf.d99f64349e11598fa963a38a0fbb4643.jpg,1,1,1,1,1,1
Hand_0004030_jpg.rf.dd09793c94d21f8bd5c75a2d8ce481d4.jpg,0,0,1,1,1,1
Hand_0003959_jpg.rf.1f366d6694a4ac71090fc4c2de75ae8c.jpg,0,1,1,1,0,0
Hand_0003971_jpg.rf.4f0b74228634a00a06ce3083950e134b.jpg,1,1,1,0,1,0
Hand_0004067_jpg.rf.3ce3b8f5726af9bb53a739a08f614da8.jpg,1,0,1,1,1,1
Hand_0004026_jpg.rf.f0578101300d7e4f2e611354ba4f0064.jpg,1,0,0,1,1,1
Hand_0004026_jpg.rf.f3251d257ff7b0696316ab2849d85649.jpg,1,1,1,0,0,0
Hand_0004017_jpg.rf.bac7a83a492d230dd4389aa21de96d1c.jpg,1,0,1,1,1,0
Hand_0004029_jpg.rf.a2d2bdf73863ad625ee0c69aba8f0c09.jpg,1,0,0,1,1,1
Hand_0006625_jpg.rf.c44333737720b6e9ba601b021b6b5728.jpg,1,1,0,1,1,1
Hand_0004026_jpg.rf.b6086f8197b2c0cfb466db589950d394.jpg,1,1,1,1,1,0
Hand_0004017_jpg.rf.6c91ccf2f1b7b7a7b5eb963b7609ab11.jpg,1,1,1,1,1,0
Hand_0003960_jpg.rf.61fa1ba376534b8613f447f7c3034fed.jpg,1,1,0,1,0,1
Hand_0003960_jpg.rf.9890bcaa8933e7cf7e8c0e7137d99a18.jpg,1,1,1,1,1,1
Hand_0003971_jpg.rf.3aa1ec37c95b565f09e959dbf49df80b.jpg,0,0,1,1,0,0
Hand_0003904_jpg.rf.8095c8ffa10806a9e88f7d22c8d20fe0.jpg,1,0,1,0,1,1
Hand_0003908_jpg.rf.c32c7ad297e31d476b729dd26161b79d.jpg,1,0,0,1,0,0
Hand_0003973_jpg.rf.c46115c9f3fba17eab7edde72436ebd9.jpg,1,1,1,0,1,0
Hand_0004016_jpg.rf.c0002e8fd090d6239c6772a25fad1d3a.jpg,1,1,1,0,0,0
Hand_0003904_jpg.rf.048770bce92e16e8523b1810075ecb44.jpg,1,1,0,1,0,1
Hand_0004096_jpg.rf.dc8e58bb68eee75fa713d86a3877b900.jpg,1,1,0,1,1,0
IMG_0368_JPG_jpg.rf.e49ae125e0fddb3208c19f7a5751164f.jpg,0,0,1,1,0,0
Hand_0003903_jpg.rf.48407dd50e9bc38d2aad25b1b7858236.jpg,1,1,1,1,1,0
Hand_0003904_jpg.rf.ebd0a3fc16794f3ff3fb42d2541b2503.jpg,1,1,0,1,1,1
Hand_0003971_jpg.rf.469e7913acca7b81be67607c0712b1cf.jpg,1,0,1,1,1,1
Hand_0003960_jpg.rf.9dc19d26b48770d7b0483e539c2d5be4.jpg,1,1,0,0,1,1
Hand_0003908_jpg.rf.0946618f3a69df8a978446b0275684e0.jpg,1,0,1,1,0,0
Hand_0004098_jpg.rf.a02664418f7d9e00add5a73c8db6eca3.jpg,0,0,0,1,0,0
Hand_0006500_jpg.rf.7b4a84d880531315e2627086394a1ba0.jpg,1,1,0,0,1,0
Hand_0003959_jpg.rf.1d9d60f575f37cc3e52146329d7836f5.jpg,0,0,1,1,0,0
Hand_0006489_jpg.rf.b0212de7621a8451e5db79e6fc99860b.jpg,0,1,0,1,0,1
Hand_0003958_jpg.rf.da5645ebfda0a42055c20a2fde824216.jpg,1,1,1,0,0,1
Hand_0006499_jpg.rf.be5ece31cd95f2972df9b003f1a65a36.jpg,1,0,1,1,0,1
Hand_0006487_jpg.rf.a6b7186e6bcdc4517cae8672f75e7a12.jpg,0,0,1,0,0,0
Hand_0006490_jpg.rf.b9372d315545f7ecc7545ef2c4cb50cb.jpg,1,1,1,1,1,1
im6_jpeg_jpg.rf.90d837c9c3cae072d8fa3ac8a76e3749.jpg,0,1,1,0,1,0
Hand_0006499_jpg.rf.f948702d7300d6a10240bbd5975ef493.jpg,0,1,0,1,1,1
Hand_0006501_jpg.rf.ff9df0c12de66b4df4af4ca6c88ee289.jpg,1,0,1,1,0,1
Hand_0006499_jpg.rf.fe1c5baa0bff2f0ab8b2157fa743910d.jpg,1,0,0,0,1,1
Hand_0006488_jpg.rf.0a0d5059461ff04bda42b660818ac7b6.jpg,1,1,1,1,0,1
Hand_0006488_jpg.rf.feaf71086310ac3020ed05a80b377575.jpg,0,1,1,1,1,0
Hand_0001194_jpg.rf.9e44dbd5939125eead700aabc12d8e5f.jpg,1,1,0,1,1,0
Hand_0006564_jpg.rf.4acdc8f664cc5362fa8dedbd9cccb69f.jpg,1,1,1,1,1,1
Hand_0006490_jpg.rf.3d4bc0023a09edf4f6f33fd2224b0d20.jpg,1,1,1,1,1,0
Hand_0006491_jpg.rf.233ba0623918c9e88854b367745f3fe6.jpg,1,1,0,0,0,0
Hand_0006500_jpg.rf.1ffe24e22fe0f480e9313dceff08b477.jpg,1,1,1,1,1,0
Hand_0006491_jpg.rf.30da5b8de29f7d88c85d57879d086a2c.jpg,1,1,0,1,1,0
Hand_0006564_jpg.rf.6a708120bf0d7252ac58fdd68a48ba25.jpg,0,1,0,1,0,1
Hand_0006563_jpg.rf.3e9d50f8d9bae2da9b9d6d3bb501a70b.jpg,0,1,1,1,1,1
Hand_0006566_jpg.rf.8d3c9d0090767998ef404996d3ecb8e2.jpg,1,1,0,1,0,0
Hand_0006564_jpg.rf.4c765a2e133b69d97fa5d71320d5af1a.jpg,1,1,1,1,1,0
Hand_0006489_jpg.rf.42c98f82c24a0b10c3ba082a41913e5a.jpg,1,1,1,1,1,1
Hand_0006487_jpg.rf.b62c26fbb1375b25a67ab398c9c50947.jpg,0,1,1,1,1,1
Hand_0006563_jpg.rf.726c29d6a85a99d5b84fd735792f6c1e.jpg,1,0,0,0,1,1
Hand_0006490_jpg.rf.fd1026f33369f0a7dc829cd3b8dea7f2.jpg,0,1,0,1,1,1
Hand_0006552_jpg.rf.b3bef02616d437fec5a95848b5c9a4f4.jpg,0,1,1,0,1,1
Hand_0006563_jpg.rf.307002ee58b3e70a0fb8e9518c3ac16d.jpg,1,1,1,1,0,1
Hand_0006552_jpg.rf.df74215afc5d8e199942f533e2c5d92c.jpg,0,0,1,1,0,1
Hand_0006491_jpg.rf.4f088ce63140cd416b72777ed0348498.jpg,0,1,0,1,1,1
Hand_0006550_jpg.rf.d14cf94957d72958cca061ea4c8a11cf.jpg,0,0,1,1,0,1
Hand_0003895_jpg.rf.2381f82472d4693df423aef4310a773f.jpg,1,1,0,1,1,1
im1_jpeg_jpg.rf.148709ef22da803e26af6f2deeb7abb2.jpg,0,1,1,0,1,1
Hand_0006552_jpg.rf.3dbf8c2ac1bf8e16d771c5750e9ca2d0.jpg,1,0,1,1,0,1
Hand_0003897_jpg.rf.31fafe7139341db668181da13902151e.jpg,1,1,1,1,1,0
Hand_0006550_jpg.rf.531fb61307df16995ec72d85e3217ba7.jpg,1,0,1,1,0,1
im3_jpeg_jpg.rf.3979644b738d8957535b7f2ad3bf9484.jpg,1,1,1,0,1,0
im3_jpeg_jpg.rf.55a59777bc019a54b2ed46188affbd07.jpg,0,1,1,1,1,1
Hand_0006501_jpg.rf.43689cd26a540cf298fd6b7551acc500.jpg,0,0,1,1,0,1
Hand_0004252_jpg.rf.2f5d1ac2e7bebd38f0361826062fdd23.jpg,1,0,0,0,1,1
Hand_0006697_jpg.rf.6057db443058fa8d1348bff5621f2cf7.jpg,1,1,0,1,1,1
Hand_0004250_jpg.rf.5ba679575b46ab774ac9cc6b437e4084.jpg,1,1,0,1,1,1
im2_jpeg_jpg.rf.f458f2bbddd602ad5e8cf95373de8e9b.jpg,0,1,0,1,1,1
im2_jpeg_jpg.rf.d48ce7247b373984ecc1d3632dc82456.jpg,1,1,1,1,0,1
Hand_0006697_jpg.rf.a459522153339c6ee099a848d344b8c7.jpg,1,1,1,0,0,0
Hand_0006500_jpg.rf.bc9638d1cae385e29620ed35ee87021e.jpg,0,1,1,1,1,0
Hand_0006597_jpg.rf.88107d0bfbbf78826f982d70e51d7e05.jpg,1,1,0,1,1,0
im4_jpeg_jpg.rf.5518f66d26f6505b24bb5ba2fdff08df.jpg,1,1,0,1,0,0
Hand_0006657_jpg.rf.d5953234feecb4e7ca0aa38acf84763d.jpg,1,0,0,1,0,0
im3_jpeg_jpg.rf.07cae7cfd2a348242f757b11531cfdc6.jpg,1,1,0,1,1,1
Hand_0004252_jpg.rf.e11dfb73fd21876f37b51ce3a97816b4.jpg,0,1,1,1,0,0
im1_jpeg_jpg.rf.e549b83b9e7152456eb2b04103778356.jpg,1,1,0,0,1,1
im2_jpeg_jpg.rf.c61dc2a6cdb5662338bc3702e2557fe4.jpg,0,0,0,1,0,1
IMG_0395_JPG_jpg.rf.95a6421f22c0e82d180f150b41c8f1bf.jpg,0,0,1,0,0,1
99_image_palm_jpeg_jpg.rf.b80b54b05df340e1a242f6ce0a6dea42.jpg,1,1,0,1,1,0
im3_jpeg_jpg.rf.b88ac401bd75871905f7f55853ef5b02.jpg,1,0,0,1,0,1
im3_jpeg_jpg.rf.b8c09881d9430ae3dac18bc36bf27253.jpg,0,1,0,0,1,0
Hand_0006595_jpg.rf.980ae6cfb24e36e2624f67ed6289d86c.jpg,1,0,0,0,1,0
Hand_0006501_jpg.rf.6258e37d30426a0e2f01cf8df8922f26.jpg,1,1,1,1,0,1
99_image_palm_jpeg_jpg.rf.e00e03ac865fc62f459fedc2705fdf76.jpg,0,1,1,1,1,1
Hand_0006449_jpg.rf.c664005fcbcd6f024ef6d6e976e614a6.jpg,1,1,1,1,0,1
Hand_0006448_jpg.rf.76372492415185bdf102d6636b25e80e.jpg,1,0,0,0,1,0
Hand_0006566_jpg.rf.533e7d51b513819f4238cc93f6f427b1.jpg,0,1,0,1,1,0
im6_jpeg_jpg.rf.12f2fbca5e691584c478badc459dcc80.jpg,1,1,1,1,1,0
Hand_0004074_jpg.rf.1b08e0b0dd7ca6b2975d9573461ba5cc.jpg,0,1,1,1,1,0
Hand_0004077_jpg.rf.164a2c000492c2f29544b821f6982058.jpg,1,1,0,1,0,1
Hand_0006657_jpg.rf.99ca4146fe1f3e3934d37ae015bf21d6.jpg,0,1,1,0,1,1
Hand_0004345_jpg.rf.e62d92e962e6f38ca9f05266d8040975.jpg,0,1,0,0,1,1
im6_jpeg_jpg.rf.63a309b1dae76a033584ad6e48848d48.jpg,0,1,1,1,0,0
IMG_0288_JPG_jpg.rf.8fab728f4afe443818bd587b914bb7fa.jpg,1,0,1,1,1,1
Hand_0004076_jpg.rf.621dd9dda64ef65d8653d659885fc6c3.jpg,1,0,0,1,1,0
im6_jpeg_jpg.rf.75f4e51e7b071b7f81019dc28bddef9b.jpg,0,1,1,1,1,1
im6_jpeg_jpg.rf.c66349710c257f1f353325d86c967603.jpg,0,1,1,1,1,1
Hand_0004068_jpg.rf.89c11d2e783b52a417ac075bbef0bbfd.jpg,1,1,1,1,0,1
Hand_0004195_jpg.rf.5def43ec4c1d861e7786cfb45ee4f8c1.jpg,1,1,1,1,0,1
Hand_0004078_jpg.rf.b12272e8b151d16b24c7ebbb34c10ca3.jpg,0,0,1,1,1,1
im6_jpeg_jpg.rf.c278561e97845d1207f90a799e54179f.jpg,1,0,1,0,1,1
Hand_0004074_jpg.rf.59b5502d029cc51ae8c779d96fceb517.jpg,0,1,1,1,1,1
Hand_0004076_jpg.rf.55f6ff8c4b02daee3d79439bb88ca7b8.jpg,0,1,0,1,0,1
Hand_0004075_jpg.rf.d3dd87813500d8ef7f891396f701c827.jpg,1,0,1,1,0,1
Hand_0004077_jpg.rf.655e0f9390a004819e160d00b7c8d0d5.jpg,0,0,0,0,0,0
im3_jpeg_jpg.rf.9d9d3c11e77f00bc9e14076bbd01520a.jpg,1,1,1,1,1,1
Hand_0004077_jpg.rf.d8d5a9f5a1dcea5a968a95e3b4aa1243.jpg,1,0,1,1,1,0
Hand_0004075_jpg.rf.efbd2b5dc7496cd6a2dafc65b78ce9cc.jpg,1,1,0,0,0,0
Hand_0004195_jpg.rf.dc1e8751635739dcb2a82da2ae6a5519.jpg,1,1,1,1,0,1
Hand_0004076_jpg.rf.2b85e7c4cf5240b08a3c209d92b14eb8.jpg,1,1,1,1,0,1
Hand_0004015_jpg.rf.3a61fe23df0409eaf895592c820943d8.jpg,1,0,1,0,0,0
Hand_0004163_jpg.rf.0cd7991018d7fafdd28f20ceef9a877e.jpg,0,0,1,1,1,1
Hand_0004164_jpg.rf.37ca0c707a1f84bd268e094f6c11a3cc.jpg,1,1,1,0,0,0
Hand_0006448_jpg.rf.def7c3a0898179ee3a3c8ba2d1286b07.jpg,1,0,0,1,0,1
Hand_0004163_jpg.rf.c2bd1faede8609d45063cebe65227a59.jpg,1,1,0,0,1,0
Hand_0004098_jpg.rf.16e4df2d58f35d7d324609214ec1d569.jpg,1,0,1,1,0,0
Hand_0004108_jpg.rf.b5160d88d71b6ab8f1113dda866bc532.jpg,1,1,0,1,0,1
Hand_0004108_jpg.rf.73fb1e290c2a8b679bc29c7cd441c03a.jpg,1,1,0,1,0,1
Hand_0004098_jpg.rf.b3d9f9531cdb8ced2262f647f0032d4a.jpg,1,1,0,1,0,0
Hand_0004154_jpg.rf.6e2b89f7ac2e8609a6a0f8ba46b15aa9.jpg,0,1,0,1,1,1
Hand_0004108_jpg.rf.8207511b5b544ccb118bef1eb9fea796.jpg,1,0,1,1,0,1
Hand_0007209_jpg.rf.c32946ff74119e948a35c0425f725f1c.jpg,0,0,1,0,1,0
Hand_0004013_jpg.rf.6a5ea8b1001c59d6ce98158e0e8adce6.jpg,1,1,0,1,0,0
Hand_0004155_jpg.rf.3dcfc96062ed747bd3d196415d6bfc4d.jpg,1,1,1,1,0,1
Hand_0004153_jpg.rf.d9aa4a07d27a1817c9b9ddb0b2e472c4.jpg,1,1,1,0,1,0
Hand_0004154_jpg.rf.dd4fa62c755e959735aefeb4e27ea19b.jpg,0,1,1,0,0,1
Hand_0004164_jpg.rf.c7e0b5dff0a2c6ea9e5e7cc21a46f163.jpg,0,1,0,1,1,0
Hand_0004068_jpg.rf.d5889a9178424b76d5eacbd439ce8b46.jpg,1,0,0,0,1,1
Hand_0004155_jpg.rf.0a8643bd218ac9ee92044b6a6a765883.jpg,1,0,0,0,0,0
im5_jpeg_jpg.rf.2409d7ff41e84fa75a53961664b57a28.jpg,1,1,1,0,1,1
Hand_0004163_jpg.rf.edb5dedaefb8489814aaa1e3c642555c.jpg,1,1,1,1,1,0
Hand_0004164_jpg.rf.6d7f2cd4e403e9d75bde65fa4ca62ac0.jpg,1,0,0,1,1,1
Hand_0004155_jpg.rf.3f02beb4f0decede87e3ff36e2d79684.jpg,1,0,0,1,1,1
im4_jpeg_jpg.rf.8d1e0f3b104c6de4aa16d3ad3fdfdb53.jpg,0,1,1,0,1,0
Hand_0004153_jpg.rf.51e6a803b1214222bb6b58a75f5a54ce.jpg,1,1,1,1,1,0
Hand_0004154_jpg.rf.dd5be1f269c7a5330842c983b146f56d.jpg,1,0,1,0,0,0
im5_jpeg_jpg.rf.8b10e83ca6d92281d93b249ee63ae45f.jpg,1,1,1,1,1,0
im5_jpeg_jpg.rf.832494a385b86561b4bc4a7b84a1634d.jpg,1,1,0,0,1,1
im4_jpeg_jpg.rf.9ab2e38362f1d66858d45ac82fc3e5d1.jpg,1,0,1,1,0,0
im5_jpeg_jpg.rf.4569bfa8cd28ceb77b08a665c0340aad.jpg,1,0,0,1,0,1
im5_jpeg_jpg.rf.5c4021ca0583f83ab6dbf59a39276a0d.jpg,1,0,0,1,0,1
im4_jpeg_jpg.rf.a790f63aec2185a9681e809b33776525.jpg,0,0,1,1,0,1
Hand_0004095_jpg.rf.01cc47bca9b7ac8e9ee728dec8013473.jpg,0,0,1,1,1,1
im6_jpeg_jpg.rf.fc4140e4f580fad20c4237b7f0ebf27e.jpg,0,0,1,0,0,1
Hand_0004097_jpg.rf.2dbbb00d4dee1533bf5546810df19660.jpg,1,1,0,1,1,1
Hand_0004090_jpg.rf.15ea20e4358d113b647e2dc52b8ecc97.jpg,1,0,0,0,1,0
Hand_0004353_jpg.rf.5b394a966ed7f60c0b2ba4fef6d72100.jpg,0,0,0,1,1,0
Hand_0004089_jpg.rf.586199e1b1b9c87033328374c1a01fcc.jpg,1,1,0,1,0,0
IMG_0397_JPG_jpg.rf.18b1dea9091b6036e275d5622a36bfab.jpg,0,0,1,1,1,0
im4_jpeg_jpg.rf.a3689ef0aa0859039cdcb603738eada7.jpg,1,0,1,1,0,1
IMG_0398_JPG_jpg.rf.7e9b5554da5236557829217d79d0f5ff.jpg,0,1,1,1,1,1
im5_jpeg_jpg.rf.9713ae0a6953eed032c33d091b4462d2.jpg,1,1,0,1,0,0
Hand_0004094_jpg.rf.780e64d6f1b82d72473362b1dfdbb62f.jpg,1,0,1,1,0,1
im4_jpeg_jpg.rf.e96a3e1ae5284eec1ab6b8c6a92f982c.jpg,1,0,1,1,1,1
Hand_0006548_jpg.rf.5d595e6e98a375334746e3cb5e5aa58b.jpg,1,1,1,0,1,0
Hand_0004097_jpg.rf.81570ef7fdbbc5a66f3891ac5122d775.jpg,0,1,0,1,1,1
Hand_0004096_jpg.rf.7e472565bdc27813243197d487ad5dc6.jpg,1,0,0,1,1,1
Hand_0004089_jpg.rf.8e560dd4c6bc516657863c672735d45b.jpg,0,0,1,0,0,1
im5_jpeg_jpg.rf.29f5a3bd68d54cf016bc6a75d9b5925d.jpg,1,1,0,1,1,1
im4_jpeg_jpg.rf.a2c0ad86587db4f8e95e27af265e2a6a.jpg,1,1,1,1,0,0
IMG_0400_JPG_jpg.rf.3dc0bf336296722ee1a1ef8c94f40b4d.jpg,0,1,0,0,0,0
im6_jpeg_jpg.rf.28415a1fd4668c1e36435289d772a92d.jpg,1,1,1,0,1,0
im4_jpeg_jpg.rf.e300ee2433299732a0fe598104195f19.jpg,1,0,0,1,1,0
Hand_0004078_jpg.rf.aee6ef88f4cdb9ae45625fe153a46843.jpg,1,0,0,0,1,1
Hand_0004090_jpg.rf.b46e850b5550497ac438d65398a0a8cc.jpg,1,0,0,1,0,0
Hand_0004094_jpg.rf.b5fd68a61b9277a276d75a1d5fee92ab.jpg,1,0,0,1,0,1
Hand_0004095_jpg.rf.b7bfd7cde673e7ef09baca81f53a3e4a.jpg,0,1,1,0,0,1
Hand_0004350_jpg.rf.3c0c251011c36731fa0c11a624aea1cf.jpg,1,0,1,0,1,0
Hand_0004257_jpg.rf.055b699022faea4ddb331ec06aa9066b.jpg,0,0,0,1,1,0
im6_jpeg_jpg.rf.97a0f51390ec16656235447c7008d4f0.jpg,1,1,1,1,0,1
Hand_0004350_jpg.rf.9f3aa72965c35a9971f715a7abeac2f2.jpg,1,1,1,1,0,0
Hand_0004094_jpg.rf.9516ca424b3beeb4bb67cef8f35fc4a8.jpg,0,1,1,1,0,0
Hand_0004089_jpg.rf.d9d46ff82ce4a435e7f491d970923e9c.jpg,1,1,0,1,0,0
Hand_0004097_jpg.rf.e0ad3e15e1cfd8023016883dbcdf81b9.jpg,1,1,0,1,1,0
Hand_0004090_jpg.rf.f2934bf1cfafdb7b1fb373a882ade205.jpg,1,1,0,0,0,1
im5_jpeg_jpg.rf.ce40e35de0da6f217f4ce344d477ee63.jpg,1,1,0,1,1,0
Hand_0003908_jpg.rf.87a0ac1bdd3392262b9ca26525be4126.jpg,1,1,0,1,1,0
Hand_0006489_jpg.rf.6197689a44d5110895bdfce23d90489a.jpg,0,1,1,1,1,1
Hand_0006617_jpg.rf.02bb39bbf769d20e16151471a103f9c6.jpg,0,1,0,1,0,1
Hand_0006629_jpg.rf.65512a09391f9c46d6dd9d0b1b5213cc.jpg,1,0,1,0,1,0
Hand_0004096_jpg.rf.fd77452ecad330c1bd5068ca66016d57.jpg,1,0,1,1,0,1
Hand_0006601_jpg.rf.420df09b3378cc4a671d7bfeb06f79ba.jpg,0,1,0,1,1,1
Hand_0006626_jpg.rf.0b531de6c76e8803215dba0bc4fd19e0.jpg,1,1,0,0,0,0
Hand_0006597_jpg.rf.fc739a029f563db3ad2e54b409258adb.jpg,0,1,1,1,1,0
Hand_0006629_jpg.rf.5eaf8e3a97eaa8b446a8d4b355cc51dc.jpg,1,1,1,1,1,1
Hand_0007054_jpg.rf.31b8eae6f1715f6f1fde59978bfb78e3.jpg,0,1,1,1,1,1
Hand_0006617_jpg.rf.505321ae64d1238cf52676d5ff54a62f.jpg,0,1,0,1,1,0
Hand_0003958_jpg.rf.e0f4648d831c7a866130fdf18b7755a5.jpg,0,1,1,0,0,0
Hand_0006600_jpg.rf.6512150d83072b96f76d47f385eff19f.jpg,0,1,0,1,0,1
Hand_0006626_jpg.rf.7aa4914247cbe394f5a5b76f8354d43b.jpg,1,0,1,0,0,1
Hand_0006600_jpg.rf.17f065ead447d292289b72f1043c73d9.jpg,1,1,0,1,0,0
Hand_0006569_jpg.rf.3d6744a10f0495477bb0658d67f59aad.jpg,1,1,1,1,0,1
Hand_0006565_jpg.rf.0f99988bc268936009df2022e1811be4.jpg,0,1,1,0,0,1
Hand_0006594_jpg.rf.3bad1cbda4d2506db169c6c368110fd2.jpg,0,1,1,1,1,1
IMG_0396_JPG_jpg.rf.e4ac5b2fb5fc142f8c7f4e2dcdd00a89.jpg,1,0,1,1,0,1
Hand_0006595_jpg.rf.79673aad93663d0aeee573bed17dc1af.jpg,0,1,0,1,0,0
Hand_0004018_jpg.rf.156b26faa5129ca32a94843412bef824.jpg,0,0,0,0,0,1
Hand_0006714_jpg.rf.82e3064ff4429f3d995510ce3cff1fe4.jpg,1,0,0,1,0,1
Hand_0006594_jpg.rf.6146400dd69381380761f62d2cd7c39d.jpg,1,0,1,0,1,0
Hand_0006567_jpg.rf.a2e7712377f932b9662a53ac4b08ed00.jpg,1,1,0,1,1,1
Hand_0006600_jpg.rf.b623dffba016d3c6e59f4d62af39a169.jpg,1,1,0,1,0,1
Hand_0006569_jpg.rf.c9f7c1b59a2612750c2ec6cfecb146fb.jpg,1,0,1,1,0,1
Hand_0006617_jpg.rf.99cc523f0865ec45b20115eeaa16fbcc.jpg,1,1,1,1,0,0
Hand_0006593_jpg.rf.1954749558e7744772411e0dacb5f345.jpg,0,1,0,1,0,0
Hand_0006629_jpg.rf.7b11a8b1c6b629bc9d18c1ef16c574f4.jpg,1,1,0,1,1,1
Hand_0006570_jpg.rf.4cbcb9a427400c40b7a91b51fb12f503.jpg,0,1,1,1,0,1
Hand_0006565_jpg.rf.d40da3ec628ec9613d844db4eb150318.jpg,0,1,1,0,0,1
Hand_0006565_jpg.rf.b26321fd3b4beddd67c2a69bb840cb7f.jpg,1,1,0,1,0,1
Hand_0006601_jpg.rf.fa03f2fecefde5fed5a4180032f0bc00.jpg,1,1,0,0,1,1
Hand_0006570_jpg.rf.ffb9ac683d327d10f2ae3b1cdeedadd8.jpg,1,0,1,1,1,1
Hand_0006597_jpg.rf.510546df7320be931de08e4177229245.jpg,1,1,0,1,1,1
Hand_0006625_jpg.rf.b6b3dd0c85d0c7b9b7b9b178193d6b7e.jpg,1,0,0,0,1,1
Hand_0006625_jpg.rf.d6c4fbf67809852ea6ca2ff56482554b.jpg,1,0,0,0,0,1
Hand_0006567_jpg.rf.c910ab30fb731a2756bc481ca905e322.jpg,1,1,0,1,1,1
Hand_0006569_jpg.rf.493532053a5fe51a4441de54f35ff787.jpg,0,0,1,1,1,1
im3_jpeg_jpg.rf.16f55096e7644f4a948e309f84213a4e.jpg,0,1,1,0,1,1
Hand_0006593_jpg.rf.71ba2636c3b4198e88fcb08ff4432270.jpg,1,1,1,1,0,0
Hand_0006567_jpg.rf.bbb2aa7581e4c3549819a7d63a7bf9a7.jpg,1,1,1,0,0,1
Hand_0004067_jpg.rf.d314d5ca1c1327a1620313f291392d3e.jpg,1,1,1,0,0,0
Hand_0006570_jpg.rf.df789e8bc69e468433e9aa5e780ed80f.jpg,1,1,1,1,0,1
Hand_0006594_jpg.rf.d19c3a0fd3e7d43c92fb3da15a3102a6.jpg,1,0,0,1,1,1
FIMG_0034_JPG_jpg.rf.9649aaedad52c4c04bb3900bc8ba3967.jpg,1,0,1,1,1,1
FIMG_0035_JPG_jpg.rf.508d257402b206ed65cba5e674be6b84.jpg,1,1,0,1,1,1
FIMG_0032_JPG_jpg.rf.2b552e7fe43727e4efc593725c29a56e.jpg,0,1,1,1,1,0
FIMG_0033_JPG_jpg.rf.379f9110c1b7c03fd28ebd51d08eb33e.jpg,1,1,1,1,0,0
FIMG_0035_JPG_jpg.rf.970599b5f6cbcf14b35976b5918e4ad4.jpg,0,0,1,1,1,0
Hand_0001902_jpg.rf.3b519abb9d449338a9945ef6217c5420.jpg,1,1,1,1,0,1
FIMG_0035_JPG_jpg.rf.e4275a7f380c01d0b0339adfa1c443b3.jpg,0,1,0,1,0,1
FIMG_0032_JPG_jpg.rf.c0e1e98b63f87bff0ab8211e57f99b40.jpg,1,0,1,1,1,1
FIMG_0033_JPG_jpg.rf.ee74dccf8f1910425226fb1afa738302.jpg,0,1,1,0,1,0
Hand_0001727_jpg.rf.652085f70aff08166a05be8e4a76fc63.jpg,1,1,1,0,0,1
Hand_0003176_jpg.rf.5476f79779805cf1d643f5d5d9673961.jpg,1,1,0,1,1,1
Hand_0001902_jpg.rf.adf8d6c3a8780db2003dac46fd2beb92.jpg,1,1,0,1,0,1
FIMG_0034_JPG_jpg.rf.ff5b2387a825b2d2601c97348bc28d96.jpg,1,1,1,1,1,1
Hand_0000515_jpg.rf.e698600a215e425dc94d765a1782a3fc.jpg,1,1,1,0,0,0
FIMG_0034_JPG_jpg.rf.ceed971e7ca587ad43a0cd2719c567e1.jpg,1,0,1,1,1,1
Hand_0005238_jpg.rf.038bd4219a3e535cb851b91d12218e1d.jpg,1,1,0,0,1,1
Hand_0001904_jpg.rf.6a9a332bf4a7f08d2191ba64b5d803f9.jpg,1,1,1,1,1,0
Hand_0005237_jpg.rf.05d1d9276442b88350a8e7aed2f999c8.jpg,0,1,1,0,1,0
Hand_0005236_jpg.rf.5b31822eea7265ddedcf481d564e3ade.jpg,1,1,1,1,0,1
Hand_0005235_jpg.rf.54509858d0b7dc6f8f2d16ceee81f0b2.jpg,0,1,1,1,0,1
Hand_0005238_jpg.rf.73e846f929427d99d70b1079c382f4c2.jpg,0,1,1,1,1,1
Hand_0005264_jpg.rf.65328c05266e714aa0c9537ca0df6f4e.jpg,1,1,1,0,1,1
Hand_0005242_jpg.rf.48281d3652ee1d0d8dd72b6d4d648708.jpg,1,0,0,1,0,0
Hand_0005263_jpg.rf.834af84e336caa3f09a30e1afa4204ea.jpg,0,1,0,1,1,1
Hand_0005263_jpg.rf.5bd4adb4240e1daf5b16c0eaa0ad9007.jpg,1,1,1,0,1,0
FIMG_0014_JPG_jpg.rf.2334b361b25aed871548df2b85f332d8.jpg,1,0,0,1,1,0
Hand_0001893_jpg.rf.d01bd7bb7d412447a7f23ae6b9bde84f.jpg,1,1,1,1,1,0
Hand_0005237_jpg.rf.b621bf0016aae5cc9716ddc2e93e1768.jpg,0,1,0,1,1,1
Hand_0005237_jpg.rf.767a46b9da7462b5d956402f99fd463c.jpg,1,0,0,1,1,0
Hand_0001889_jpg.rf.6bc7447ed9ad3d4dc9c6f7b1f210f451.jpg,1,1,1,1,1,0
Hand_0005238_jpg.rf.a3aea741de669762d3fa77db9d76749b.jpg,1,0,1,0,1,1
Hand_0005242_jpg.rf.08891b468dab5c8e595d05e9e874cc0d.jpg,1,0,0,1,0,0
Hand_0001828_jpg.rf.bdbcb43b42386d2d97182aa824f89ab8.jpg,0,1,0,1,0,0
Hand_0005263_jpg.rf.de8b540cbeaa574bcfd7254bc7c423a6.jpg,0,1,0,1,1,1
Hand_0001901_jpg.rf.7d16379490e8dacd1f2abe3ebc535bc9.jpg,1,1,0,1,1,0
Hand_0001901_jpg.rf.d6f826d2ae56a22cc89a4b9bac7104f8.jpg,1,1,0,0,1,1
Hand_0005236_jpg.rf.acd38f6538592547fe00b6a54c0d5e79.jpg,0,1,0,0,0,0
Hand_0005242_jpg.rf.d09b7ac378726442d673196131c3f75a.jpg,1,1,1,0,1,0
Hand_0001903_jpg.rf.de250bfbcaab9525ba7825eedb4e78a1.jpg,1,1,0,1,1,1
Hand_0005269_jpg.rf.1934a3a04e32aaf112e9183125173a5a.jpg,0,0,1,1,1,0
Hand_0001902_jpg.rf.987f6ab7e0f71baa3b2a6ec0ac0dc7c7.jpg,0,1,1,1,0,1
Hand_0005268_jpg.rf.adf8c061af40c6f05139d8a3d787a952.jpg,1,1,0,1,0,1
Hand_0005264_jpg.rf.e89e757236f97d731316ee233210985f.jpg,1,1,1,0,0,1
Hand_0005236_jpg.rf.fdd25b3fac8591b347c7d46630ff99b9.jpg,0,0,1,0,0,1
Hand_0005269_jpg.rf.327f206154601daf87076ac699c41f64.jpg,1,1,0,0,1,1
Hand_0005268_jpg.rf.a9a058753ae94b7247dc9df8cf29fa06.jpg,0,1,1,1,1,0
Hand_0001893_jpg.rf.9abcd2a1af113b04b06ba6426708b62b.jpg,1,0,1,1,1,1
Hand_0005235_jpg.rf.b5636c94120da1316c51f18a2336d002.jpg,0,1,1,1,1,0
Hand_0005265_jpg.rf.5d9412007d76d99050dd9606a5f23079.jpg,0,1,1,0,0,0
Hand_0005287_jpg.rf.90a7c7bf72777adbc8f6f9c02d99ac1e.jpg,1,0,1,1,0,0
Hand_0005287_jpg.rf.266f5ea49251344e57828603e2a8d685.jpg,1,0,1,1,0,0
Hand_0005264_jpg.rf.3b21451f4cf4300787598bf99341850c.jpg,1,1,0,0,0,1
Hand_0003291_jpg.rf.cb5de3a99cb7e6db0f587cde4e8db39c.jpg,1,1,1,1,0,1
Hand_0003308_jpg.rf.aea25caa7832b176739de60742a91720.jpg,1,1,1,0,0,0
Hand_0005268_jpg.rf.8dab5bb4b5d5092c06633532cfd82c35.jpg,1,0,1,1,0,0
Hand_0003291_jpg.rf.b60bdb0c68dd3e7097b3e0a6d3da2828.jpg,1,1,0,1,1,0
Hand_0000541_jpg.rf.10051baa438944d7a596df764974eafa.jpg,0,0,1,1,0,0
Hand_0001828_jpg.rf.d729d2d59e058398e01a29cc49d81e52.jpg,1,0,1,1,1,1
Hand_0005269_jpg.rf.bed6584e19ad35a2d8146564a6ec9f8d.jpg,0,1,0,1,1,0
Hand_0000539_jpg.rf.8df009a9d09f16ef640a0a8825e9e0fb.jpg,1,1,1,1,0,1
Hand_0005265_jpg.rf.e958f5654bda42611d874aba4aff3645.jpg,1,1,1,1,0,1
Hand_0000556_jpg.rf.bee76167012965c4a802064e8ff22b12.jpg,1,0,1,1,1,0
Hand_0000555_jpg.rf.744735a3c6374e99095f220fab708275.jpg,0,1,0,0,1,1
Hand_0005287_jpg.rf.dbb51082d5126ab1d46c2f433a8964bb.jpg,1,1,1,1,1,1
Hand_0000543_jpg.rf.a203388264dee172e44ee98b5f0a52c8.jpg,1,0,1,0,1,0
Hand_0000541_jpg.rf.9f3f874c01e97b7d6c819df923c5ec59.jpg,0,1,1,1,1,1
FIMG_0033_JPG_jpg.rf.0eb9d47317c984deb995db2b364fc95c.jpg,1,1,1,1,0,0
Hand_0005270_jpg.rf.dc5b2271d46a6bd70f0286dd7871d249.jpg,0,0,1,1,0,0
Hand_0000539_jpg.rf.89792cbed0e06baba6f1e0b238292857.jpg,0,0,1,1,1,1
Hand_0005265_jpg.rf.dc9bd530482ec388a24d4d78332d6cf7.jpg,1,1,1,0,1,1
Hand_0000542_jpg.rf.cbae6fc9b975e8dbb3e29e3941a5150c.jpg,1,0,0,1,1,1
Hand_0000516_jpg.rf.16d76a7c1fb45fb205cad47579cb781a.jpg,1,1,1,1,1,1
Hand_0000539_jpg.rf.d4cb8f19f5379af58ecf3e653481200d.jpg,1,0,1,0,0,0
Hand_0000554_jpg.rf.519f68915ff2c3ea0dab43fd9c8e62fe.jpg,1,1,0,0,1,1
Hand_0000542_jpg.rf.c6bac3b539e72ecb2f7f74c8bc073c87.jpg,1,1,1,1,0,0
Hand_0000556_jpg.rf.bff84b82009cb7925bcf12e22bd44ec7.jpg,1,1,0,1,0,1
Hand_0001893_jpg.rf.399b53737a042fbcd165ff47df19f1c5.jpg,1,1,1,1,1,0
Hand_0000541_jpg.rf.017a53b916fa237b42006798731e0b77.jpg,0,0,1,0,1,1
Hand_0000554_jpg.rf.d592925f29f48f64c20a378518dd74ac.jpg,1,1,0,1,1,0
Hand_0001901_jpg.rf.db61e97bc4fb8981b35958b2756bfaf0.jpg,1,1,1,1,0,1
Hand_0000584_jpg.rf.20991e5214c0dcdac8174cab392dadeb.jpg,1,0,0,1,1,0
Hand_0001882_jpg.rf.5d0e65e15a5e7cdc098e36b42a1d846b.jpg,1,1,1,1,0,0
Hand_0001887_jpg.rf.743011d38ec196d4b87302faaf102bc6.jpg,1,0,0,0,1,1
Hand_0000555_jpg.rf.65679db9c77e34dfb1cb40f678857151.jpg,0,1,1,1,1,1
Hand_0001889_jpg.rf.87a77b40558fa294b6fec26758b10cf0.jpg,0,0,1,1,0,0
Hand_0000515_jpg.rf.61afa47b9fdabd07febba45f22b153f5.jpg,1,1,1,1,1,1
Hand_0001881_jpg.rf.d2a2ce733080cb9e23029acc51af9fe9.jpg,1,1,1,0,0,1
Hand_0000542_jpg.rf.f1af7a9a05afb91577f499ac6edc7c56.jpg,1,0,1,0,1,1
Hand_0000505_jpg.rf.029552a489a7c13913696b86ac82d877.jpg,1,1,0,0,1,0
Hand_0001889_jpg.rf.5f1e5ba1985840e4dda121f66e046855.jpg,0,0,0,1,0,1
Hand_0000492_jpg.rf.63174e307d2e564c57bc4c5349b8c8d1.jpg,1,0,1,1,1,0
Hand_0000543_jpg.rf.d88818e60daed63ff162973bb4f40a8f.jpg,0,0,1,1,0,1
Hand_0000584_jpg.rf.a24b4e67c69ad7f60c0123e7c2a88107.jpg,1,0,1,1,0,1
Hand_0001881_jpg.rf.2cd41e5152f718983ef4a495c1b4d264.jpg,1,0,1,1,0,0
Hand_0001883_jpg.rf.5fb62167cf7435cad35dedfe41af2e41.jpg,1,1,0,1,1,1
FIMG_0036_JPG_jpg.rf.6fe151290908def110f22e28bdbe713f.jpg,1,0,1,1,0,0
Hand_0001880_jpg.rf.cde11bef774aefa8071a9f58d67781b5.jpg,1,1,1,0,0,0
Hand_0001815_jpg.rf.5d48af104c6b12837c78e493281042ae.jpg,1,1,1,1,0,0
Hand_0001880_jpg.rf.bd9ce83b0c09015ffb8e7992aaabb4b8.jpg,1,0,0,1,0,1
Hand_0005118_jpg.rf.d8dda007aac36d0694409f87c2d01e1b.jpg,1,0,1,0,0,1
Hand_0001826_jpg.rf.c9a96b13a8aa4db62c3356efbda06252.jpg,1,1,1,1,0,1
Hand_0001881_jpg.rf.024ee6f263ae707fff2d1411e466a91f.jpg,1,1,0,1,1,1
Hand_0001887_jpg.rf.e9b761cc3db6e38218c054effb3ed241.jpg,1,1,0,1,0,0
Hand_0001887_jpg.rf.b70cb3eeca6e9eb27db8281d43243820.jpg,1,1,1,1,1,0
Hand_0001883_jpg.rf.71cb5ef7f736650b63db85c8188a2bdd.jpg,1,0,0,0,0,1
Hand_0001826_jpg.rf.0576fa8fc145c48524955d7b4171dfe1.jpg,1,0,1,1,1,0
Hand_0000492_jpg.rf.5713ba163ace81df278f0c04b30b6b6a.jpg,0,1,0,1,1,0
Hand_0001827_jpg.rf.ddf21eaaea8b8cb81afe793bf5ce6200.jpg,1,0,1,1,1,1
Hand_0001882_jpg.rf.6d64629031cd205c5295b10eeba49c80.jpg,1,0,1,1,1,0
Hand_0000500_jpg.rf.56f6d4e314c78ef21bb291d34bc466c8.jpg,1,0,0,0,1,1
Hand_0000501_jpg.rf.bd375961404e1ae947d22edf7b3fb53d.jpg,0,1,1,1,1,0
Hand_0000505_jpg.rf.9c4d7427c8c923d2a4a5a310fab9505b.jpg,1,0,1,0,0,1
Hand_0000500_jpg.rf.b9a3e725a8ac1ce13ecd2fdff5f81bd8.jpg,0,1,0,1,1,0
Hand_0000543_jpg.rf.f769659edebe8d4177dcf42f9dba4703.jpg,0,1,1,0,1,1
Hand_0001832_jpg.rf.936736ce0f273614275c5417371ecd36.jpg,0,1,0,1,0,1
Hand_0000505_jpg.rf.f72da1d4f5d6dd2f8d6277d39e44d8b5.jpg,0,1,1,1,0,0
Hand_0005325_jpg.rf.376a3908e9d4a62d1406175b14d7d3d1.jpg,1,1,0,1,1,0
Hand_0000583_jpg.rf.6f5543062b243c0d33f0c95f0be3cee0.jpg,1,0,1,1,1,0
Hand_0000491_jpg.rf.bf01c74ea812f5dbb24510828c23bd0b.jpg,1,0,1,1,0,0
Hand_0005300_jpg.rf.2f70de485f9e74ed66d196863914b319.jpg,1,0,0,0,1,0
Hand_0000501_jpg.rf.7910f3ce9e675ee4058499b838964280.jpg,1,1,0,1,1,1
Hand_0000502_jpg.rf.ac7aea8fcfa6a05c892e89e6beb5a141.jpg,1,1,1,0,1,0
Hand_0005300_jpg.rf.29e250267a463f377352d120384949da.jpg,1,0,0,0,1,0
Hand_0005325_jpg.rf.1ed59b5967cd2c0508a977aef39fabb6.jpg,0,1,1,0,1,1
Hand_0005323_jpg.rf.120e72cedd5138b3121b7e1f1fef0307.jpg,1,1,0,1,0,1
Hand_0005301_jpg.rf.cf3aba29601d5d4ceac8dc321366e80e.jpg,0,1,0,0,0,1
Hand_0005301_jpg.rf.d56a381f41fba6a850887250e8c407a6.jpg,1,1,0,1,1,1
Hand_0000502_jpg.rf.e7a955a6318c2e4fe8b1699f6feb975d.jpg,0,1,1,0,0,1
Hand_0005302_jpg.rf.ea5c3ddc09df86a656bacefed73737c0.jpg,1,0,1,1,1,1
Hand_0001832_jpg.rf.a8b9bbfa0945bc8b04850e7195eedacd.jpg,1,1,0,1,1,1
Hand_0005298_jpg.rf.056bb9058524d8ce41030f8849f60084.jpg,1,1,1,0,1,1
Hand_0005322_jpg.rf.f84cfdbfb92fc3bb64aec3c9f3ddeeef.jpg,1,1,0,1,1,1
Hand_0000492_jpg.rf.df67893b9a677ac671ce9f4f655099b3.jpg,1,0,0,1,1,0
Hand_0000491_jpg.rf.de12af0e0d5ee0d75e3f332f5edbcbde.jpg,1,1,1,1,0,0
Hand_0005322_jpg.rf.cf0c2dfd5f536ec1486fd60ca1e6ddff.jpg,1,1,1,1,0,0
Hand_0005299_jpg.rf.ec1f2d7b36cc073a9acaf5c2783f1a34.jpg,1,0,0,1,1,1
Hand_0005299_jpg.rf.adac0edee0e3beed709ec0aef27ba670.jpg,1,0,1,0,1,1
Hand_0003243_jpg.rf.49b1805f6f1ac224da7b4f17ec638d81.jpg,1,1,0,0,0,0
Hand_0005300_jpg.rf.5487edf463f28b186bd73c887119e209.jpg,1,1,1,1,1,1
Hand_0005298_jpg.rf.e309862eed50d31ee9d73638789311f6.jpg,0,0,1,1,1,0
Hand_0005301_jpg.rf.dea0de3e2bab1fbeb152d80dca99010c.jpg,1,1,0,0,0,0
Hand_0005324_jpg.rf.55728c3864c4665a9cfa6f97b3c4dd16.jpg,1,1,1,1,0,1
Hand_0003244_jpg.rf.2114f65910e7984248fd067eb75c4eed.jpg,0,0,1,1,1,0
Hand_0003241_jpg.rf.54d1cf449819c1a91a7fb59ff5965888.jpg,1,0,1,1,1,1
Hand_0005325_jpg.rf.e8d1d205c256b8f1a7826ceb37ac4540.jpg,1,1,1,1,1,0
Hand_0000503_jpg.rf.d938cb85dfd677fc8c35e8ac3555f1d9.jpg,1,1,0,1,0,0
Hand_0003240_jpg.rf.419c2850cb9b41ffed0ab9eb13d87379.jpg,0,1,0,0,0,1
Hand_0003226_jpg.rf.6ba400c2cb9ef6cad080bca6b069770d.jpg,1,1,0,1,0,1
Hand_0003242_jpg.rf.7f7e0745ad75855aa190a0d98546d05e.jpg,1,1,0,0,1,1
Hand_0003258_jpg.rf.61ac912f289430b38f70bd191cda0c3d.jpg,1,1,1,1,0,1
Hand_0006065_jpg.rf.626349dba8fec116b2b556a9f972a772.jpg,1,1,1,1,1,1
Hand_0005293_jpg.rf.ef1204c907fe147316783a80ad70737d.jpg,1,1,1,1,1,0
Hand_0003226_jpg.rf.b851e44a1382b2d12adb84fec585106f.jpg,0,0,1,0,0,1
Hand_0003259_jpg.rf.f573ff5686cd2feb689b62d754aa5cc6.jpg,1,0,1,1,1,0
Hand_0003243_jpg.rf.91df25f32c69d5f0916b4d96d7674b2b.jpg,1,1,0,1,1,1
Hand_0005299_jpg.rf.f2f7fa97da2de698ae690123e50418b4.jpg,0,0,1,1,1,0
Hand_0006065_jpg.rf.85cf0a7c1d0465908b85a4dc83343645.jpg,1,1,1,1,1,0
Hand_0003258_jpg.rf.b3caaab386bfd9b0752b1917bf8db053.jpg,1,1,0,1,0,1
Hand_0003241_jpg.rf.583be44c8b8f7696d0dfae5eaa4f48be.jpg,1,1,1,1,0,0
Hand_0003264_jpg.rf.1be27effde7ae329548ae95f21466f82.jpg,1,1,1,1,0,1
Hand_0003258_jpg.rf.55df876f08c0d89037ee3aa662ad8f25.jpg,1,1,0,1,0,1
Hand_0003242_jpg.rf.cd7165bd3452d3148de6a7d4d5ca4018.jpg,1,1,1,0,1,1
Hand_0003241_jpg.rf.e3cb5333deb301199455507dfdf1e953.jpg,1,1,1,1,1,0
Hand_0003287_jpg.rf.121243ffa322c338f9e049ffc8a7d0c7.jpg,1,1,0,1,1,0
Hand_0003243_jpg.rf.8c18a42de47cf5483170f2482538fe0a.jpg,0,0,0,1,0,0
Hand_0003264_jpg.rf.1ba7411c0a222a85ba063e86352a2e97.jpg,0,1,1,1,1,1
Hand_0003260_jpg.rf.de1aed0754ccba12a2fba406831bab28.jpg,1,0,0,1,1,1
Hand_0003260_jpg.rf.451534384c0d6184d3e7eb1c9895f61c.jpg,1,0,1,1,0,1
Hand_0003262_jpg.rf.258cdfec2109c61108b30ec0c27e54c6.jpg,1,0,1,1,0,1
Hand_0003242_jpg.rf.a185ff429fb3f0a0e863d019e1b84486.jpg,1,0,1,1,1,1
Hand_0003259_jpg.rf.31d40f63623793700f40df54f5f53ecc.jpg,1,1,1,1,0,1
Hand_0003261_jpg.rf.c3abb3584026d8cc0b1c933ef2f793ff.jpg,0,1,0,0,0,0
Hand_0003264_jpg.rf.a69fbf5f0fd1db7be86f141cf1f974ad.jpg,1,1,1,1,0,0
Hand_0003263_jpg.rf.116a0b9ef11bd938d3ead156bc6ec016.jpg,0,1,1,1,0,1
Hand_0003261_jpg.rf.2e53fd64bd2e7210e9560f9b9a39c1cf.jpg,1,1,1,0,1,1
Hand_0003224_jpg.rf.091694d7c9a8c8687cb915e355d3f191.jpg,1,1,0,1,1,1
Hand_0003197_jpg.rf.197c898102389b0934d9b680ca1d86a4.jpg,0,1,0,1,1,1
Hand_0003260_jpg.rf.2df785139ad346d52c72af0acd0ffb97.jpg,0,1,1,0,1,1
Hand_0001865_jpg.rf.242ffa5709107b4b43c159a39697e788.jpg,1,1,0,1,0,0
Hand_0003262_jpg.rf.520b3c0a1db7484b5bc50bb84c12ce42.jpg,0,1,1,1,1,0
Hand_0001903_jpg.rf.8e3ad5fb1e0328b62af423c4e222231f.jpg,0,0,0,1,1,1
Hand_0003261_jpg.rf.4cc76de2d83599ef7a2b79846d0f8313.jpg,1,1,0,0,0,0
Hand_0003224_jpg.rf.33fba26a90c058a8de0e1418522fe13a.jpg,1,1,1,1,1,1
Hand_0003223_jpg.rf.762aa1344257c28d359d51068499e4fb.jpg,0,0,1,1,0,0
Hand_0003209_jpg.rf.ad9b456301aa993e5112540722f4379a.jpg,1,1,0,1,1,0
Hand_0003196_jpg.rf.717d17c2b085a837b6a4a902772fe57f.jpg,1,0,0,1,1,0
Hand_0003287_jpg.rf.7fa0f2aa786547d20338809f865df0e4.jpg,1,0,1,1,0,0
Hand_0003197_jpg.rf.e0de87e30bb076ef7a7c3f1fb0d4d6f8.jpg,1,1,1,1,0,1
Hand_0003208_jpg.rf.3a3c444331da452823d559ef99083e90.jpg,1,0,1,1,1,1
Hand_0003209_jpg.rf.bb05e51d48f89d5ff54e2d54d41389c3.jpg,1,1,1,1,1,1
Hand_0003209_jpg.rf.b720d3ed3bc679a9694d176428bb8f1b.jpg,1,0,0,1,0,0
Hand_0003197_jpg.rf.1251c79ecb7a2dfbcd37e2064c793ef8.jpg,1,0,0,1,1,1
Hand_0003196_jpg.rf.7c0b23b145a320bced1d2ceea3bebe7f.jpg,1,0,1,1,1,0
Hand_0000491_jpg.rf.2d6c06f16ef3ac7f2c79bddfe636aa07.jpg,1,1,1,1,1,1
Hand_0001904_jpg.rf.dbce0be03e453f511d89ea309a501ce8.jpg,1,1,1,1,0,1
Hand_0000450_jpg.rf.18b1b6d833cabb18db1a91e06d3662c3.jpg,0,1,1,0,1,0
Hand_0000451_jpg.rf.392f6efb3d012dcaf9c18757532adbdd.jpg,0,0,0,1,1,1
Hand_0003208_jpg.rf.efd1ca95da5018239fb8902e232d9a1a.jpg,0,1,0,1,0,1
Hand_0000451_jpg.rf.26afbd0dc313066b2b9e589cd5747c14.jpg,1,1,1,1,1,1
Hand_0003223_jpg.rf.ec1d2df3be1d023bbbe3a45d3ffe3aa4.jpg,1,0,1,1,1,1
Hand_0003223_jpg.rf.3f57386ef7f6496f0c7601c5bbd8ed74.jpg,0,1,1,1,1,0
Hand_0003208_jpg.rf.eb69f8237bf7c4c63e674b1e7a75bfc1.jpg,0,1,0,1,1,1
Hand_0000454_jpg.rf.12d3b7256cd961e8deb9c1ddaa5c3ae0.jpg,1,1,1,1,0,1
Hand_0000452_jpg.rf.85b500b16cfc7a006aba19970b692dd7.jpg,1,0,0,0,1,0
Hand_0003196_jpg.rf.9e8ad059d1552fb3e0845d5bc2092c99.jpg,1,0,1,0,0,0
Hand_0000452_jpg.rf.5cb4ddb9bfb0ecca77b5049b622b65de.jpg,1,1,1,1,0,1
Hand_0003287_jpg.rf.9872cdbefc56c1cb707a71e9f035991a.jpg,1,1,0,1,1,0
Hand_0000516_jpg.rf.a22b64a790a068ff165c68a1986aa737.jpg,1,1,0,0,1,1
Hand_0000515_jpg.rf.35f6725fcd6e1190abb6a2880b249df0.jpg,1,1,0,1,1,1
Hand_0006064_jpg.rf.339314757d6b95df5ec860be0b500a38.jpg,1,1,0,1,0,1
Hand_0001869_jpg.rf.f8d04a116e23381dcba857e55f9d29d1.jpg,1,1,1,0,1,1
Hand_0003305_jpg.rf.0a71cc8bcb1361786220ea9195b6bff4.jpg,1,1,1,1,0,1
Hand_0000456_jpg.rf.f647e36efaf6b175edf06f72c002b0b5.jpg,0,0,0,0,1,0
Hand_0005288_jpg.rf.21c41e37b971f977b23cde7c3fdc2b58.jpg,1,0,0,1,0,1
Hand_0003293_jpg.rf.2801f25c5234d42bf65eead1be88c465.jpg,1,1,1,1,0,1
Hand_0003305_jpg.rf.45f1665c83fefb519d011b0d8d0c078f.jpg,1,1,1,1,0,0
Hand_0003306_jpg.rf.62d5bc06bd076dc4929c4711c55790c1.jpg,0,1,0,0,1,0
FIMG_0037_JPG_jpg.rf.1f2ed6a1bd583946b087ce0e366e2a85.jpg,1,1,1,1,0,1
Hand_0000456_jpg.rf.c443e3b1b5193c48d366653a5285d69b.jpg,1,1,1,1,1,0
Hand_0005270_jpg.rf.47b2bc41da460e86e9fe4daf3be82379.jpg,0,1,1,1,0,0
Hand_0000516_jpg.rf.b9ff620065c7b4ed9268e5de01eccaa6.jpg,1,1,0,1,0,0
Hand_0003307_jpg.rf.7e55586c04832b6fc3a3f085cdd404b9.jpg,1,1,0,1,1,0
Hand_0000452_jpg.rf.c21ca999497e27aff2725ca3eed1ac38.jpg,0,1,1,1,1,1
Hand_0000454_jpg.rf.7fb2f7df5604af0161cbcde92a277507.jpg,1,0,1,1,1,0
Hand_0003307_jpg.rf.5b44566de78dc02f2ae469e33f68f9e6.jpg,0,0,0,0,0,0
Hand_0006151_jpg.rf.22dffc04c8c0aac2b861970560159cc7.jpg,1,1,0,1,1,0
Hand_0003293_jpg.rf.d307b3e144ac9ff92db233d87d42cbc3.jpg,1,1,1,1,0,1
FIMG_0037_JPG_jpg.rf.5f5d198025f0311f8bf0f7834c036ff8.jpg,1,1,1,1,0,0
Hand_0003305_jpg.rf.e76b0b6be17c2f15ebc194828612beee.jpg,1,1,0,1,1,0
Hand_0003308_jpg.rf.275c611e9d70c42722ef7faf4c676e80.jpg,1,1,1,1,1,1
FIMG_0044_JPG_jpg.rf.94ef32b3161ce6cf5f0263e2b6a64f9a.jpg,0,1,0,1,1,1
Hand_0003307_jpg.rf.0fb72a412f14a0c9354fbe215c1386e5.jpg,1,1,1,1,0,1
Hand_0000451_jpg.rf.e301a33a6c481443f9dfe6b93fdf0380.jpg,1,1,0,1,0,0
Hand_0000454_jpg.rf.d2f24cc0e4eeff114344a53c762796e0.jpg,0,0,1,1,0,0
Hand_0003308_jpg.rf.2a4cb926592151e9b99db71be4a73de2.jpg,1,1,1,0,0,1
Hand_0005270_jpg.rf.a0cd6ac9d2923c02193de795d1e7ad15.jpg,1,0,0,1,1,1
Hand_0000569_jpg.rf.620a603d0e62251fd4b1a7157c3cbb8a.jpg,1,0,1,0,0,1
Hand_0000566_jpg.rf.4676af85ba70fd8958d81186b6313de4.jpg,1,1,0,1,0,1
Hand_0000565_jpg.rf.843958e473fe8c1f2e9e83e75fa417c7.jpg,1,0,1,1,1,0
Hand_0003291_jpg.rf.b3dc7f94492b521c979e603a90eaf7b1.jpg,1,0,1,0,1,1
Hand_0000566_jpg.rf.392d55659fd869f6a8a15edb1458a922.jpg,1,1,1,0,0,1
Hand_0000585_jpg.rf.0ee94c6c9dfeb5783735640671529d91.jpg,1,1,0,1,1,1
Hand_0000602_jpg.rf.1d4663ff474eb721e02716c118a5ecf8.jpg,0,0,0,1,1,1
Hand_0000570_jpg.rf.3856a63aeb2bfdc913138603ac0daabe.jpg,0,1,1,1,1,1
Hand_0000582_jpg.rf.b318e979cf4f0feeccb9193ea5013e7d.jpg,1,0,1,1,0,0
Hand_0000569_jpg.rf.30f8d19202c5d5bc7fcf9303dd8283f5.jpg,1,1,0,0,1,0
Hand_0000568_jpg.rf.c13bb1ce59cae596f6775eb6a1f58037.jpg,1,1,1,1,0,1
Hand_0000570_jpg.rf.6668d256ab52370fab861d91eac1c340.jpg,1,0,1,1,0,1
Hand_0003306_jpg.rf.cb4c87903047de66716ffbf6a46562c1.jpg,0,1,0,1,0,1
Hand_0005994_jpg.rf.d8b8827792da22ad24d5c0009d5626dd.jpg,1,1,1,1,1,1
Hand_0000567_jpg.rf.916d77ad997a2f89c6601ff41cee76d0.jpg,1,0,1,1,1,1
Hand_0000569_jpg.rf.9b6926b8585ed9ca23159eaf1f510189.jpg,1,1,1,0,1,1
Hand_0000570_jpg.rf.b21c203dd238cbdd85fad0073f6bd8e1.jpg,0,1,1,1,1,0
Hand_0000565_jpg.rf.b2d47d339368df08726df80c4be15768.jpg,1,1,0,1,0,1
Hand_0000567_jpg.rf.c6b3d73cf87e2805ac3ad5a1a15e1941.jpg,1,0,1,1,1,1
Hand_0000566_jpg.rf.a8502521b341bb3b30b10874461013a7.jpg,0,1,1,1,0,1
Hand_0000603_jpg.rf.6d495b3d92f0d52c9d458bc4620709c0.jpg,1,1,0,1,0,0
Hand_0000568_jpg.rf.30bddc3fa5bf9a4b688c407762127318.jpg,0,1,1,0,1,0
Hand_0000602_jpg.rf.6aeccafa3083c23522e22dcf61ff6599.jpg,1,1,0,1,1,1
Hand_0000603_jpg.rf.2b17c81322ec82e2cbc0c900dea448f5.jpg,0,1,1,1,1,1
Hand_0000554_jpg.rf.a8447abea6a2a24fb5444c687981581a.jpg,0,0,0,1,0,1
Hand_0000603_jpg.rf.7e72ab6b7402bf1a81cbe403e387d40e.jpg,0,1,0,1,0,1
Hand_0003233_jpg.rf.95f7a2c002ef7ae3d71a708d5327407f.jpg,1,1,1,1,1,1
Hand_0000565_jpg.rf.38c0d75421008a909b9f02dd88666cf9.jpg,1,1,1,1,0,0
Hand_0003293_jpg.rf.72cfcf614dc3d8cc4f8cce1811a94125.jpg,1,1,1,1,1,1
Hand_0000600_jpg.rf.2938ca0c3043bcd7f7b63958f7c067c2.jpg,1,1,0,1,0,0
Hand_0000584_jpg.rf.5c6cdf1d4d40414093f1e1f7d86d2f06.jpg,0,0,1,1,1,1
FIMG_0036_JPG_jpg.rf.5ae52e716cb7925547fc2a1ce0d6e0cf.jpg,1,1,0,1,1,1
Hand_0003233_jpg.rf.ff418c1e3e56eb577567653a097a7248.jpg,0,0,1,1,1,1
Hand_0001883_jpg.rf.b3a209769c026a92187fb878912de107.jpg,1,1,1,1,0,1
Hand_0000602_jpg.rf.b9242608fdc8c8ae436f46c3370e51e4.jpg,1,1,1,0,0,1
Hand_0000500_jpg.rf.e93f55624a86efefde402751859e032a.jpg,1,0,0,1,0,1
Hand_0000600_jpg.rf.3e5a3b5e8b57ea7e7d25966648112e8e.jpg,1,1,0,0,1,0
Hand_0000585_jpg.rf.e49fa89551be9993645eaf16199ac73d.jpg,0,1,1,1,1,0
FIMG_0052_JPG_jpg.rf.edec160377900f3a45489a6bd383275d.jpg,1,1,0,1,1,0
Hand_0000501_jpg.rf.26b78fc504f19a2e4267fbe9149ac37a.jpg,1,0,1,1,1,1
Hand_0005356_jpg.rf.dee442b70b625496043cb2403cee6364.jpg,1,0,0,1,1,1
Hand_0000502_jpg.rf.ec767643ab925f1f5c855d3a2bdc01b6.jpg,1,1,0,1,0,1
Hand_0003240_jpg.rf.9b864db6dd0eb69fdf6b7ae3cf642f0d.jpg,1,0,1,1,1,1
Hand_0000585_jpg.rf.729fcdc5e49bd2d9855a8a7351aed798.jpg,1,0,1,1,0,1
FIMG_0051_JPG_jpg.rf.f976ef1a4bb553c18f3ff6b352bbdf94.jpg,1,0,1,1,0,1
Hand_0001882_jpg.rf.36fbfd981d7a53d96d0a6b9f580eeedb.jpg,1,1,0,1,1,1
Hand_0003227_jpg.rf.1633aa42614e25f7ae50060d04a3decb.jpg,1,1,1,1,1,0
Hand_0000567_jpg.rf.b2184ba79211d65f204912737c41e6c2.jpg,1,0,1,1,0,0
Hand_0000600_jpg.rf.a0c244bd75daced7a931ad6a76d237e7.jpg,1,0,1,1,1,0
FIMG_0050_JPG_jpg.rf.1c5ebd8dd91dca7b2eb86d8d22a1fbfe.jpg,0,1,1,1,0,1
Hand_0000583_jpg.rf.3a19951e42be3ea7521b3417289078df.jpg,1,1,0,0,0,1
Hand_0003232_jpg.rf.62d7118dd38ca3de10660a52fa51b64f.jpg,0,1,1,1,0,1
Hand_0003232_jpg.rf.7a4908a1254d8d58366e0138fe60a95b.jpg,1,1,0,1,0,1
Hand_0003227_jpg.rf.0183084836b879bb610fd5cd11a34734.jpg,1,0,0,1,1,1
Hand_0003231_jpg.rf.83f244d6ec28d06e2f803ad52b2157e4.jpg,0,0,0,1,1,1
Hand_0003230_jpg.rf.427ae4f2b0cc532fc08e55bead193a94.jpg,1,0,0,0,1,1
Hand_0003228_jpg.rf.875e4b7d644fd12e3bd96a66aab924a7.jpg,0,1,0,1,1,1
Hand_0000583_jpg.rf.34ab9c57828b305f2c9431bf9fc944f0.jpg,1,1,1,1,1,1
FIMG_0051_JPG_jpg.rf.6b941e0756b5e02420399e2a3336c03f.jpg,0,1,1,1,0,1
Hand_0003232_jpg.rf.671d843627e00a9bca757f92da2518a5.jpg,1,1,1,1,0,1
Hand_0003228_jpg.rf.42093061bdad04d17b670680cd3d61a8.jpg,1,1,0,1,1,1
Hand_0006076_jpg.rf.29c4d8e9c74b411b2d526a8e15965a48.jpg,0,1,1,0,1,1
Hand_0005298_jpg.rf.bf361dce9f2fdb0192db0f3920da3047.jpg,0,1,0,1,1,1
Hand_0003227_jpg.rf.0a88490c71382610c4bd556b69c550b9.jpg,1,0,1,0,1,1
Hand_0006074_jpg.rf.3a1e8ee5056795248cf4256499abd01f.jpg,0,1,1,1,1,0
Hand_0006069_jpg.rf.2e7187ddb88497700daf7835fc4f5371.jpg,1,1,1,1,0,1
Hand_0005356_jpg.rf.fe1dd794728397265aaa3cffb528f1bc.jpg,1,0,1,0,0,0
Hand_0003228_jpg.rf.ab52c409ed98dcac22b0d188cc5c0f7a.jpg,0,1,0,1,0,1
Hand_0003244_jpg.rf.42472d9d82aeec5f795fac70cb6cf3b1.jpg,0,0,1,1,0,0
Hand_0006070_jpg.rf.842c08a3ae0ab569feec6de20ed9e9ec.jpg,0,1,1,1,1,1
Hand_0006066_jpg.rf.8295cf725863fa3d12556846873db0ca.jpg,1,0,1,1,0,0
Hand_0006065_jpg.rf.4f53a2d873525f6f5b391d6eb2d31e35.jpg,1,1,1,1,0,0
Hand_0000582_jpg.rf.4087c5c922031868add0f914c1ec719d.jpg,0,1,1,1,1,1
Hand_0006076_jpg.rf.8ebe13cf66c633bd33a1cb250167dd45.jpg,1,0,0,1,1,1
Hand_0006074_jpg.rf.7d461ce93c5d806d42b51b7382b93ee0.jpg,1,0,1,1,1,1
Hand_0003230_jpg.rf.824de65d7bb59156dc502daaf58dff16.jpg,1,1,1,0,1,1
Hand_0006069_jpg.rf.07d9f905a00aedf11647d1fe4b7a72b8.jpg,1,0,1,1,0,1
Hand_0003244_jpg.rf.81bd8907aad8fd57dcc973de5c7de062.jpg,0,0,1,1,0,1
Hand_0006070_jpg.rf.b62258faddd8aade21566292d0ad9308.jpg,1,0,1,1,0,1
Hand_0006066_jpg.rf.d1815b4f73851fd974744c0cb7d1f580.jpg,1,1,1,1,1,1
Hand_0006066_jpg.rf.dad5ede55d1321114367668dd5171b9a.jpg,1,1,0,1,0,0
Hand_0006068_jpg.rf.ddd71113863fbd510267b2e56e4712c9.jpg,1,1,1,1,1,1
Hand_0006070_jpg.rf.bf132b6069c3166395231a0008d9a02f.jpg,1,1,1,1,0,1
Hand_0006069_jpg.rf.ca162fbb87ca1080ac85226168ecaee7.jpg,1,1,1,0,1,1
Hand_0003263_jpg.rf.7ec5bdf82cc618f672b5e85a735a62b3.jpg,1,0,0,0,1,1
Hand_0006080_jpg.rf.28d3b19144635e3ff9636413e2faac6b.jpg,1,0,0,1,0,1
Hand_0006074_jpg.rf.c680f395c191f8e97baa7147f8655d3c.jpg,1,0,1,1,1,0
Hand_0006000_jpg.rf.387d66a526803ba037751f84f8498fba.jpg,1,0,1,1,0,1
Hand_0006002_jpg.rf.1b4302abf275f77054ae876b9193b65f.jpg,1,0,1,0,0,1
Hand_0006062_jpg.rf.59ca4414915505ade90c7f422c9578c1.jpg,0,0,0,1,0,1
Hand_0006060_jpg.rf.75f3ee9ca5efecf0a45399fcf13e956b.jpg,1,0,1,1,0,1
Hand_0006003_jpg.rf.22dd234fc918f001c0800e64e594f51b.jpg,1,1,1,1,1,1
FIMG_0050_JPG_jpg.rf.dcb60ce45d69cc6664406c3720a9e23c.jpg,0,0,1,1,0,1
Hand_0006068_jpg.rf.f20ac152bebd02269d0c8a0fa487d56b.jpg,0,0,0,0,1,1
Hand_0006060_jpg.rf.8f4c00e259b5f72a7926bc62b94381c5.jpg,0,0,0,1,1,0
Hand_0005386_jpg.rf.8752b9226f8586302a2e37cef69a4fa4.jpg,0,1,0,1,0,1
Hand_0006062_jpg.rf.10d5e51cc50a43b4eab05e79ce816153.jpg,0,1,0,1,0,1
FIMG_0045_JPG_jpg.rf.0519e92ee68a6b634752a0d021260260.jpg,1,0,0,1,0,1
Hand_0006064_jpg.rf.1cbeeba10ef9bdbb07ce54d1bea9aae2.jpg,1,1,1,1,1,1
FIMG_0047_JPG_jpg.rf.199f83a5442eaca2bac6a7591b00ce23.jpg,1,1,1,0,1,0
FIMG_0047_JPG_jpg.rf.1eb5c3f9dbcbf2f75dc91250691b31df.jpg,1,1,1,1,0,0
Hand_0006063_jpg.rf.ec9e55d5dc6014249551af6c8a6a89b8.jpg,1,1,0,1,1,0
Hand_0006003_jpg.rf.b38104bd9725a070c2a72b1c9747f4ae.jpg,1,1,0,1,0,1
Hand_0000456_jpg.rf.402ec19cced78c873354fb65cee1efdf.jpg,1,1,1,0,1,1
Hand_0003224_jpg.rf.e070a4998e709413edc4944d7034b3b8.jpg,1,1,1,0,0,0
Hand_0006060_jpg.rf.e5e3600893291dede31b02548d9316f9.jpg,1,0,1,0,0,1
Hand_0005333_jpg.rf.21a3e7d08b47990691716302a178573b.jpg,1,1,1,1,1,0
FIMG_0049_JPG_jpg.rf.13b120bcc7c2feb654c9fdd8000655a8.jpg,1,1,1,1,0,0
Hand_0006003_jpg.rf.e27a16d7276f19ef774046587de6503c.jpg,1,0,1,1,1,0
Hand_0005386_jpg.rf.8a4d76c730a972e068028df71566135e.jpg,1,0,0,1,0,0
Hand_0006002_jpg.rf.11b74548f9d8012c39865a736f4e9214.jpg,0,1,1,0,0,0
FIMG_0045_JPG_jpg.rf.4fd3cebfc629bf3cb2ff5dc4b8704551.jpg,0,1,0,1,1,1
FIMG_0046_JPG_jpg.rf.15d7345ae9f70fe0c34365767708c7ab.jpg,1,0,0,0,1,1
Hand_0006002_jpg.rf.29a2c17aa3d24edc62b1e02ccb8418eb.jpg,1,1,0,0,0,1
Hand_0003262_jpg.rf.191143e124d42161c1c173733c08c331.jpg,0,1,0,1,0,0
FIMG_0045_JPG_jpg.rf.5ab70b73982b91f47d76388d3b0929aa.jpg,0,1,0,1,1,0
Hand_0006064_jpg.rf.931454b83312c7ac7b7de4305d18f17a.jpg,1,0,0,1,1,1
Hand_0006000_jpg.rf.3bf22962574097a5467eac2a2205f162.jpg,0,1,0,1,1,1
Hand_0006062_jpg.rf.716ac41d4305d670f9ac395c81c6e252.jpg,1,0,0,1,1,1
Hand_0000582_jpg.rf.79a24c6c6b7ca0f10b0adc8d7d7d517a.jpg,0,0,1,0,1,0
FIMG_0048_JPG_jpg.rf.0152475668c5f0a02a1207dd34ec66ac.jpg,1,0,0,1,0,0
FIMG_0044_JPG_jpg.rf.782a490d105c3e3e412f6b5cda8f0d17.jpg,0,0,0,1,1,0
Hand_0001905_jpg.rf.1c94add271c35e0448f30c6158674fb6.jpg,1,0,1,1,0,1
FIMG_0043_JPG_jpg.rf.c4a61f6c11de17308b8be174411ea1c4.jpg,1,0,1,1,1,1
Hand_0003306_jpg.rf.0ff33227f72dc7abfba36f4350cc72b8.jpg,0,1,1,1,1,0
FIMG_0047_JPG_jpg.rf.fe139d4e08241ed1de4c92b99bccf3f1.jpg,0,1,1,0,1,1
FIMG_0043_JPG_jpg.rf.529c3e58b6f11e5094b7422fff68df5b.jpg,1,0,0,1,1,1
FIMG_0040_JPG_jpg.rf.2817594ef82caf54dd0d44ab5ffb831b.jpg,1,1,1,1,0,0
FIMG_0040_JPG_jpg.rf.96ed4372540aa7153dc70aa459b8c5d5.jpg,1,1,1,0,1,0
FIMG_0039_JPG_jpg.rf.1a7469f78e241fd0e936fe585a8cf5a7.jpg,1,0,1,1,1,1
FIMG_0038_JPG_jpg.rf.848b5832389c61cb74860643915aa57d.jpg,1,1,1,1,0,1
FIMG_0038_JPG_jpg.rf.a1ae0f0e01854063c17df7f120364500.jpg,1,0,1,1,1,1
FIMG_0042_JPG_jpg.rf.1fae662b69544d78c02b78eca99ac4b6.jpg,1,1,1,1,1,0
Hand_0006152_jpg.rf.b1c6bc92ad134e0e0736ef45af2a2536.jpg,0,1,1,0,1,1
FIMG_0044_JPG_jpg.rf.25c1a95ba5a3cff5eef7c4eb8773854a.jpg,1,1,1,1,1,0
FIMG_0039_JPG_jpg.rf.3e3bd779f938da3d2111f47614edb1e7.jpg,1,1,0,0,0,0
FIMG_0046_JPG_jpg.rf.ff11135aa12884e3c1157df65ad10536.jpg,1,1,0,1,1,0
FIMG_0043_JPG_jpg.rf.a14d67637b77ebc3efff3e0a59c87592.jpg,0,0,1,0,1,1
FIMG_0041_JPG_jpg.rf.b45b6f3e1713484a6a066ce30cecc337.jpg,0,1,0,1,1,1
Hand_0003309_jpg.rf.44d0c33fa624cf985c71ee50ce877a24.jpg,1,0,1,1,1,1
Hand_0006151_jpg.rf.f589b4a41cd36ca1010756135fcd1515.jpg,1,1,0,0,0,0
FIMG_0042_JPG_jpg.rf.dd8a9e92b7934f00398a1ed8c4f85b40.jpg,1,1,1,1,1,1
FIMG_0048_JPG_jpg.rf.81d3e09de8f3588e899748f20361bf68.jpg,1,1,1,0,1,1
Hand_0005998_jpg.rf.246d090fa8511dc71669c6fee4bac504.jpg,1,0,1,1,0,1
FIMG_0048_JPG_jpg.rf.735c95e5f42d4d11e6764b00d9eccda2.jpg,0,0,1,1,0,1
FIMG_0039_JPG_jpg.rf.fad7df9112df9d1d9522e3c90ad4afd3.jpg,1,1,0,0,1,0
Hand_0001904_jpg.rf.cb938e02cd64b747cba32c5c1527e156.jpg,1,1,0,1,1,0
Hand_0005994_jpg.rf.4c49ccb144887433e2b838c8e5ddaeb5.jpg,1,1,1,1,0,1
FIMG_0038_JPG_jpg.rf.82d8b3e38ae292b235863de14acbedc5.jpg,1,0,1,1,1,0
Hand_0005996_jpg.rf.7c6f2a3cc26dc4f0bfa1b05202be5b9a.jpg,1,0,0,0,1,1
Hand_0005998_jpg.rf.54b6a30cac917323a70f169c1672c3fa.jpg,1,1,0,1,1,0
Hand_0005961_jpg.rf.6bd5b72a90bb3114f7d49ce20c448299.jpg,1,0,1,1,1,0
Hand_0000568_jpg.rf.4ed183cbf0791cb2c94e8db7343e15c5.jpg,0,1,0,1,0,0
Hand_0003309_jpg.rf.b5ed1a2dcfd64de74734b386b585faef.jpg,1,1,1,1,0,1
FIMG_0046_JPG_jpg.rf.9493952fa0f1856096844fc7e7f55c86.jpg,1,0,0,1,0,0
FIMG_0041_JPG_jpg.rf.d8b38b989d0eaf181cd895034d1e66a4.jpg,1,1,1,0,1,0
Hand_0005994_jpg.rf.d631b0de897c46472c4e322a99a7dc5c.jpg,0,1,1,1,1,1
Hand_0005961_jpg.rf.e0cc5b2324ddbd915ff1c10effc5656b.jpg,0,1,1,1,0,0
Hand_0005983_jpg.rf.afbe2970ed1c2b1bcbe81bcef1cf0b05.jpg,1,1,1,0,1,1
Hand_0005983_jpg.rf.a4521bbef9c9d517a70137b6159c9ab8.jpg,1,0,0,1,1,1
FIMG_0042_JPG_jpg.rf.04fe5db886d6adc4f329d65750af0b5c.jpg,1,0,0,1,0,1
Hand_0005998_jpg.rf.0a3e15b4234831cf8f2a6c89e0d42368.jpg,1,1,1,1,1,1
Hand_0005960_jpg.rf.f2f09af4d440c2e3b5b3217f48a69dfc.jpg,0,0,0,1,0,0
Hand_0005988_jpg.rf.ac55e0063ac23a8c16cee698236c46c2.jpg,1,1,1,1,1,0
Hand_0001947_jpg.rf.1ca3991a1a0e9339f7543a78c9066825.jpg,1,1,1,0,1,0
Hand_0005988_jpg.rf.28bb320318dfe7bb2cb5d199b1d370a8.jpg,1,0,0,1,1,1
Hand_0005988_jpg.rf.c598b38fe835d6985bb069d95e55009e.jpg,1,0,1,0,0,1
Hand_0005361_jpg.rf.2669df9822c2535b44c41d25d3b3ae1d.jpg,1,0,1,0,0,0
Hand_0005996_jpg.rf.e8eef227d223dcac0a95eb01907b5183.jpg,0,1,1,1,0,1
Hand_0005961_jpg.rf.ad838a5f5cb69d66a70bef93978e8574.jpg,0,0,1,1,1,0
Hand_0005360_jpg.rf.76f28472167399b3e94b28d87214dae4.jpg,1,1,1,0,0,1
Hand_0005983_jpg.rf.ee3df29ded8af64cb8fd7e72267c9d40.jpg,1,1,0,1,0,1
Hand_0005355_jpg.rf.29c7f0d376125059f2c92657475e9375.jpg,1,1,0,1,1,1
Hand_0005359_jpg.rf.49f2dbf9467f8048f563cb8cb41835ab.jpg,0,0,0,1,1,0
Hand_0005357_jpg.rf.765e279c4d827ff6fc97b12c3ba16621.jpg,1,1,0,1,0,1
Hand_0005996_jpg.rf.92645c2c9ecf2c0ea8d6576e59563ad8.jpg,1,1,1,1,0,1
Hand_0005358_jpg.rf.a457c8380e291ed233120944dd847fd7.jpg,1,0,0,1,0,1
Hand_0005360_jpg.rf.83a7b11b7d9264161156fabeacf8f3dc.jpg,1,1,0,1,1,1
Hand_0005357_jpg.rf.966bedf20395a9565945fb48e89a4a30.jpg,0,1,1,1,1,1
FIMG_0052_JPG_jpg.rf.1c0daa42a1d1b35e215eb1a8f1cc8906.jpg,1,1,1,1,0,0
FIMG_0068_JPG_jpg.rf.5343ccfe8d4d54c177b25e2b723f354d.jpg,1,1,1,1,1,1
FIMG_0059_JPG_jpg.rf.5d960631f0adbd632f9783e68367f82e.jpg,0,0,1,1,1,0
Hand_0005358_jpg.rf.e6a6ddc2e9f5958183a7723642c93ccb.jpg,1,1,0,1,0,0
Hand_0005356_jpg.rf.6d2b47e5889a2b2ef1e2d8f4006c4b08.jpg,1,1,1,1,0,1
Hand_0003233_jpg.rf.4ffef4c9f6e8c74b19962cc485426fcb.jpg,0,0,1,1,0,1
Hand_0005357_jpg.rf.d256822682db2201603f043c6898ba43.jpg,1,0,0,1,1,1
Hand_0005361_jpg.rf.f94a974847148cae5ee3c55881e9f5c1.jpg,1,0,1,1,0,1
FIMG_0060_JPG_jpg.rf.6165fdbd074b2d5d173c2a9717a2dfd5.jpg,0,1,0,0,0,0
Hand_0005360_jpg.rf.40f345c9beac4df3179fe78d64d6257a.jpg,1,1,1,1,0,1
FIMG_0065_JPG_jpg.rf.6a7b37b5d357e1ce20b2d8ed7ab246d9.jpg,0,1,1,1,1,1
FIMG_0060_JPG_jpg.rf.30746e3944aa04b1e2b86c73503e948a.jpg,1,1,1,1,1,1
FIMG_0059_JPG_jpg.rf.7b9b8dd38258fc6ec3c468f832cbc2a7.jpg,0,1,1,1,1,0
Hand_0005361_jpg.rf.741175799957950223e2e0a81da179d6.jpg,1,1,1,1,0,1
Hand_0005359_jpg.rf.02b8e846ba9bd883be686146ad43961b.jpg,1,1,1,1,0,1
FIMG_0058_JPG_jpg.rf.79fa6e4cb0a4c13006fdb1d265fa76df.jpg,1,1,0,1,1,1
FIMG_0053_JPG_jpg.rf.0dc56bf4faf5384338de065dd7c1f688.jpg,1,1,1,0,0,0
FIMG_0052_JPG_jpg.rf.7c3301164fbbfc0bc41b0477a4f54eab.jpg,1,1,0,1,0,0
Hand_0005359_jpg.rf.8876ad49411d96b1c21a13a109e13c81.jpg,1,0,1,0,0,1
FIMG_0059_JPG_jpg.rf.75cad717dd0b06b0fa2100f4c80183c0.jpg,0,0,0,1,1,0
FIMG_0067_JPG_jpg.rf.6081e16e964047a71740152262a516f1.jpg,0,0,1,0,1,1
FIMG_0067_JPG_jpg.rf.8bcf914755672c599ff49d74f74baf8e.jpg,1,1,0,1,0,1
FIMG_0068_JPG_jpg.rf.aaee9e6224afabbacdbc7f56dd4d9d42.jpg,1,1,1,1,1,0
FIMG_0060_JPG_jpg.rf.b56b0321c8b9042ec3c541b05148a8d1.jpg,1,1,1,1,0,0
FIMG_0065_JPG_jpg.rf.aba579d7bf78b10ff912ae73dcde8866.jpg,0,1,1,0,1,1
Hand_0003240_jpg.rf.f6a11c66cd2d3e3ca1e8919b908ea4fa.jpg,0,1,0,1,1,1
Hand_0005358_jpg.rf.47ac34cb2b17b5897a3a51b7824e9422.jpg,1,1,1,1,1,0
Hand_0006188_jpg.rf.3f254c09786eada63d5fd0aeed389023.jpg,1,0,1,1,0,0
Hand_0006187_jpg.rf.369b3b065f3afea99ff7df91ff8c3096.jpg,0,0,0,1,0,1
Hand_0006153_jpg.rf.48f96ac8c26a24a7ff531e12a40d5f01.jpg,1,1,1,0,1,1
FIMG_0058_JPG_jpg.rf.7ba63b22d5b392d081d9c3c2d89038cd.jpg,0,1,0,1,1,1
FIMG_0051_JPG_jpg.rf.cfbffefdb8663c2a25ace93230a64a6a.jpg,0,0,1,0,1,1
FIMG_0037_JPG_jpg.rf.a7463325114ea1562584cdf3355a7cfb.jpg,0,1,0,0,0,1
FIMG_0036_JPG_jpg.rf.5ca630bca272e831aad03f9e9c4b5ad4.jpg,1,1,0,0,1,0
Hand_0006152_jpg.rf.556559aef07dac8bd845f8251078fe2d.jpg,0,1,1,1,1,0
Hand_0005331_jpg.rf.44649acfe8f58513d0cd8e2648e8159f.jpg,1,0,0,1,1,1
Hand_0006154_jpg.rf.8232d3520edfe770744621e576848283.jpg,1,0,0,0,0,1
FIMG_0053_JPG_jpg.rf.226a8e3e0196775cda15889eed42ae9e.jpg,1,1,0,1,1,1
Hand_0006188_jpg.rf.d506296b96e88d122187dfea8d7e34ed.jpg,1,0,1,1,0,0
Hand_0006187_jpg.rf.21e0b3360cf14f3142744cf9f8f09ce9.jpg,1,1,1,1,0,1
Hand_0006155_jpg.rf.22dd416bf4980dd33f68c7eb05f55ad0.jpg,1,1,1,1,1,1
Hand_0006187_jpg.rf.20c806804102330cf96553031f0c2275.jpg,1,0,0,1,0,1
Hand_0006155_jpg.rf.4e29c396768d277ee76ccd0de7253de6.jpg,1,1,0,1,0,1
FIMG_0057_JPG_jpg.rf.2da76b1616c342b2cf090837e793c2a5.jpg,1,0,1,1,0,1
FIMG_0050_JPG_jpg.rf.81c69b80e68320340b489fdfb13c665f.jpg,0,1,1,0,0,0
Hand_0003231_jpg.rf.70741ec87d60841f4e223429fcdb995c.jpg,1,1,1,1,0,1
Hand_0006154_jpg.rf.bdccfe548afc991dea81386d2fbcffef.jpg,1,0,1,1,0,0
FIMG_0058_JPG_jpg.rf.8d76e2b25274c76cdd0d77694afb87c9.jpg,0,0,1,1,0,1
Hand_0006152_jpg.rf.f99238f7ff989b4d7523aaf88d2ed3b1.jpg,0,0,0,1,0,1
Hand_0005332_jpg.rf.def38e2ea8d46a2c3b5dd9529638ba88.jpg,1,1,1,0,0,1
Hand_0006155_jpg.rf.f80356d079fd26285d76fcedf86db872.jpg,1,0,1,0,1,1
FIMG_0049_JPG_jpg.rf.6aea58cbbe10dbbf65310567a2bef599.jpg,1,1,1,1,0,0
Hand_0003230_jpg.rf.a97dc5e5b29c4673b6e39c9648e82751.jpg,1,1,0,1,1,0
FIMG_0057_JPG_jpg.rf.8fb191457137bdc072431dfdecca4652.jpg,0,1,1,1,1,1
Hand_0006153_jpg.rf.02ce5bb1c4639e0d5a40777cde120115.jpg,1,0,1,1,0,0
FIMG_0055_JPG_jpg.rf.6a2a73d6ebf65728678f4e2c0b122548.jpg,1,1,1,0,1,0
Hand_0005380_jpg.rf.fb8a4411899b063fcd7b5a4a76481b3f.jpg,0,1,1,1,1,0
Hand_0006150_jpg.rf.035df981b7af85c08d3205133defb110.jpg,1,1,1,0,0,0
FIMG_0054_JPG_jpg.rf.a3e4ce82b8806398944f92fdd4eab448.jpg,1,1,0,1,1,0
Hand_0006151_jpg.rf.0b72be54578c4eacdef8ecf0acdc1fc2.jpg,1,1,1,1,0,1
Hand_0006078_jpg.rf.55f537ccda851b7a9da482102d272d8b.jpg,1,1,1,1,0,0
Hand_0006148_jpg.rf.2ecd570114afafe9e370e2a0f8761a53.jpg,1,1,0,1,1,0
Hand_0006080_jpg.rf.70b135dbeab13e2eb58cefab6d8570e5.jpg,1,1,1,0,1,1
Hand_0005381_jpg.rf.91365287bbc6cabf477cd798f7ddda2e.jpg,1,0,1,0,1,0
Hand_0005380_jpg.rf.b183e0049c864162eb5b873e8e7f6ece.jpg,1,1,0,0,0,1
Hand_0006080_jpg.rf.5316de2627a8c85bcc21455210bf822f.jpg,0,1,1,1,1,0
FIMG_0053_JPG_jpg.rf.addf6af26b9d4848f6e31f4c425b5a95.jpg,1,1,0,1,1,1
Hand_0006149_jpg.rf.cbadb516d8ff82ba40460e4291da8398.jpg,0,0,0,0,0,1
Hand_0006150_jpg.rf.dd748ca2a366dcf1a660808f231c3b5d.jpg,1,1,1,1,0,1
Hand_0006188_jpg.rf.293d047c088e97b892be29366e3f4d53.jpg,1,0,0,1,1,1
Hand_0006078_jpg.rf.d8441037da4b82bfd1095bc5c133dd7a.jpg,1,1,1,1,1,1
FIMG_0054_JPG_jpg.rf.b7e3db8dbe328839dcf0811f26318d53.jpg,0,0,0,0,1,1
Hand_0001915_jpg.rf.03a7133763dc31c3d2c0dc27dd014bae.jpg,1,1,0,1,0,0
Hand_0003231_jpg.rf.dd579fea74742cd1872385ac54fdafc2.jpg,1,0,0,1,0,0
Hand_0006150_jpg.rf.1e149ac8711be76d4bff5ca8ef49eb37.jpg,1,0,0,1,0,0
FIMG_0055_JPG_jpg.rf.c37a069112b1b912acbab8df7a990ddc.jpg,1,1,1,1,1,1
Hand_0006077_jpg.rf.cc3c91adc726aabff44c5e0004e04cb9.jpg,1,0,1,1,1,0
FIMG_0057_JPG_jpg.rf.e3af58b3b6f555797301490a4394e7a9.jpg,1,1,1,1,1,0
Hand_0001915_jpg.rf.1bac8152864d7386ddf154abd9b37b4b.jpg,1,1,0,1,1,1
Hand_0006077_jpg.rf.9c9754fdcf0901d2966e790234b9a228.jpg,1,1,1,1,1,1
FIMG_0056_JPG_jpg.rf.c6a7e2c91842d552e376205389160266.jpg,1,1,0,1,0,0
Hand_0006076_jpg.rf.f1f5ccdd9bcd18571e2d4858f0c6a143.jpg,1,1,0,1,1,1
Hand_0006077_jpg.rf.3864533f7e7394fb2eca304b9e450480.jpg,1,1,0,1,1,0
Hand_0006068_jpg.rf.f40a08b3f0585a287a40525d87e7a523.jpg,0,0,1,1,1,0
FIMG_0055_JPG_jpg.rf.c423accf3082ea76339e432f963f4967.jpg,0,1,1,1,1,1
Hand_0006148_jpg.rf.f8cba9581b40f60da36c1a9e701b57c3.jpg,1,1,1,1,1,1
Hand_0000651_jpg.rf.ae2d1b8ab2ef07dea8b5e977b631cb11.jpg,1,1,1,1,0,0
Hand_0000652_jpg.rf.8c801b859f07f831420791b465111635.jpg,1,1,1,1,0,0
Hand_0000656_jpg.rf.e15bb1392e5a64a6afe0e773a30d738c.jpg,1,1,1,1,0,1
Hand_0005383_jpg.rf.7cca9e2677db605613cfdc883695caa1.jpg,0,0,1,1,0,1
Hand_0006063_jpg.rf.801340650bc2432a824b34a0ba3cf626.jpg,1,1,1,1,0,0
Hand_0005383_jpg.rf.25ac4de44a4a98fc557be5422a90a12b.jpg,0,0,1,0,1,1
Hand_0006063_jpg.rf.41822afca66fe7bc2aa0410d020aba72.jpg,1,1,1,0,1,1
Hand_0005387_jpg.rf.d1b62374aabb92a33208ae330fb2fcbe.jpg,0,1,1,1,0,1
Hand_0005383_jpg.rf.b06d6c8d77745e253f0d309c98add1e3.jpg,1,1,0,1,0,1
Hand_0001913_jpg.rf.b002b888335a746c84bc3f9afab738a5.jpg,1,1,0,0,0,1
Hand_0005411_jpg.rf.cdb03127a341696c084be59826414aa8.jpg,0,1,0,1,1,1
Hand_0005385_jpg.rf.f27031339070a4763fce85f9064e28a9.jpg,1,0,1,0,0,0
Hand_0005385_jpg.rf.f68477ff324fb3eca83f42a37b30a59b.jpg,1,0,1,1,1,0
Hand_0005384_jpg.rf.f7933e8d5f6f7cb4b3cc84aa4053586a.jpg,0,0,0,1,0,0
Hand_0005382_jpg.rf.e74e89c13f823985ed8a1de3998ae216.jpg,0,1,1,1,1,1
Hand_0005386_jpg.rf.dbd2bdc4c90dc60a1ffb7e4f97854415.jpg,1,1,0,0,0,0
Hand_0005355_jpg.rf.10e6b1bab47ff046a16c38340a331dd4.jpg,0,0,1,1,1,1
Hand_0005352_jpg.rf.19839335385a5ac96883efc093dd5309.jpg,0,1,1,1,1,0
Hand_0006148_jpg.rf.ef25d77b4bd2fd61c988064f271a8392.jpg,1,1,1,0,1,0
Hand_0005352_jpg.rf.08ef39f85bef6fef13c4b35cdc73b882.jpg,1,0,1,1,1,0
Hand_0005355_jpg.rf.1f7d01a980641c81ef22fd71ef2bf392.jpg,1,1,0,0,0,1
Hand_0005411_jpg.rf.196f65515532d2bad028db024fd5851a.jpg,1,0,1,1,0,0
Hand_0005382_jpg.rf.8ab937e13b77012764232c6a7a267f05.jpg,0,1,0,1,1,1
Hand_0005333_jpg.rf.1ed5abd86a5ec814968645d10d0b431d.jpg,1,0,1,1,1,0
Hand_0005350_jpg.rf.53b3f48792c2d9ad0d5346963982990b.jpg,1,1,1,0,0,1
Hand_0006078_jpg.rf.fb1ce8c061ce0b65c9c36bf98842661a.jpg,1,1,0,1,1,0
Hand_0005387_jpg.rf.9fd4818d41de8ac86e6c1a30f3e6f803.jpg,1,0,1,0,0,1
Hand_0005411_jpg.rf.6ec40f0f261bacbea50402946e18c900.jpg,0,1,0,1,1,1
Hand_0005350_jpg.rf.566dffc034f9d7e079a8e1266b54b544.jpg,1,1,1,1,0,1
Hand_0005384_jpg.rf.bd485386ffac895296d120028060f73f.jpg,0,1,1,1,1,0
Hand_0005351_jpg.rf.6dfafa8ce6b82fdbcf2bf7fe3a85f686.jpg,1,0,1,1,0,1
Hand_0001914_jpg.rf.1d5905a6544f3b0803e7e8cb85f1cd0c.jpg,1,1,0,1,0,1
Hand_0005354_jpg.rf.e080942b81d4cfd4125315e5dfc989c7.jpg,0,0,0,0,1,1
Hand_0005353_jpg.rf.3d728d6fba68673055609276a331161d.jpg,1,1,1,1,1,0
Hand_0005382_jpg.rf.75271373f670c4ccd341f9d584349aba.jpg,1,0,1,1,0,1
Hand_0001945_jpg.rf.654900f0f3050cb0917909c498b9f1fb.jpg,1,0,1,1,1,0
Hand_0005353_jpg.rf.49dcaf6a028eeeb276b0d4c61031bcb4.jpg,0,1,1,1,1,1
Hand_0001945_jpg.rf.6385dd9764b6ac7e6bf8fb5a684e9f07.jpg,1,1,0,1,1,1
Hand_0005354_jpg.rf.73a3e44b5f3b8862af231d0d0d9609e7.jpg,0,1,1,1,0,1
Hand_0001945_jpg.rf.033a78411b557cdbf94157bc82a7d496.jpg,1,1,1,1,1,1
Hand_0001957_jpg.rf.8148e27bea2557b4fae239b5b3a469c3.jpg,0,1,1,1,0,1
Hand_0001944_jpg.rf.33f43af7c3ae7307d300a995be2f2a67.jpg,1,1,1,0,0,1
Hand_0001956_jpg.rf.8565a85115b3249dcf8554fc372ab110.jpg,1,1,1,0,0,0
Hand_0001947_jpg.rf.7b6ecad475da8103b7b70730562a16f3.jpg,0,1,1,1,0,1
Hand_0001944_jpg.rf.ab2a0a919a1703d0125aa2b9153e6c4e.jpg,0,0,0,1,1,0
Hand_0001943_jpg.rf.07cd932f8f175685bc84d81d4d53bfc1.jpg,0,1,1,1,0,1
Hand_0006000_jpg.rf.d6bbf3675da77731e860f1c1749817ac.jpg,1,1,1,1,0,1
Hand_0005350_jpg.rf.b8bcd90c38534912365ffc67079b1a0b.jpg,1,1,0,1,0,0
Hand_0001944_jpg.rf.b62a4f3745881de158e8e1bad75468e8.jpg,1,1,0,1,0,1
Hand_0005354_jpg.rf.832e7991531b4899ed78199ed70d039a.jpg,0,1,1,1,0,0
Hand_0000628_jpg.rf.1d8388b518448872bc21945176535f39.jpg,1,0,1,1,0,0
Hand_0005333_jpg.rf.cf32e908ce82e77ee2f733c886bd9cf1.jpg,1,1,1,1,1,1
Hand_0001956_jpg.rf.2883a26917912919dbed93955024cfab.jpg,1,0,1,1,1,1
Hand_0001969_jpg.rf.01224b6a6f7c187356d2a469067c05b1.jpg,1,1,1,1,1,1
Hand_0001968_jpg.rf.49e921c0e1fb25bf420288be457e130d.jpg,0,0,1,0,0,1
Hand_0001958_jpg.rf.6923d4a145769914041f9cbff8608205.jpg,1,1,1,0,0,1
Hand_0005353_jpg.rf.ed01beba88c42322a94e75ba10a7342a.jpg,1,0,1,0,1,0
Hand_0001905_jpg.rf.86cbb8879db4dcf1fba0d8931533aca4.jpg,1,1,0,0,0,0
Hand_0001956_jpg.rf.7cc15643a53c016ccb0939100683840f.jpg,1,1,1,0,0,1
FIMG_0049_JPG_jpg.rf.cc66963dd19d2aa1d7f2b35f756eab06.jpg,1,1,1,1,1,1
Hand_0001905_jpg.rf.933d325abfa1ddb7728146fb495c4f93.jpg,1,1,1,1,0,0
Hand_0001955_jpg.rf.6e6ec95958929eea3fe19d8aecdab2cd.jpg,1,1,0,1,1,0
Hand_0001968_jpg.rf.b2b62fd242208b5d884b2c8ed07df312.jpg,0,1,1,1,1,1
Hand_0003415_jpg.rf.0c8a1f7a8d5aaa8c315ee884cb2f8e4f.jpg,1,1,0,1,1,1
Hand_0001967_jpg.rf.7f08022d88b4b9e1c143b935478c4956.jpg,1,0,0,1,1,1
Hand_0001970_jpg.rf.a2a4b05a6d74f282c7560d54882ba1cb.jpg,0,0,1,1,1,0
Hand_0001970_jpg.rf.c2c668066964e6c65451aa1c46762431.jpg,1,0,1,1,0,1
Hand_0001913_jpg.rf.6e44704495213a0af17fe17a7c252a3d.jpg,0,1,1,1,0,1
Hand_0001967_jpg.rf.b1ce3c0f1761b61a21f00de7865d497d.jpg,1,0,0,0,0,1
Hand_0000626_jpg.rf.7087b28cf844f09a8c08e58a7bdd86fb.jpg,0,0,1,1,0,0
Hand_0001967_jpg.rf.37edc9c494b5bd5f326d658341d39d0e.jpg,1,1,1,1,1,1
Hand_0005375_jpg.rf.6a9fa6936e1da4c8ef514839f56d8865.jpg,0,1,1,1,1,1
FIMG_0041_JPG_jpg.rf.cd046a9def7380e7d1dd643b4c3ff046.jpg,1,1,1,1,0,1
Hand_0001968_jpg.rf.f2d46412caf42648f2573a849ddfdcb7.jpg,1,1,1,1,1,1
Hand_0005352_jpg.rf.be28759969d7872d8dfdaf8b745349f9.jpg,0,1,1,1,1,1
FIMG_0040_JPG_jpg.rf.868b08273f741e62b2dcae78b57cc7cf.jpg,0,1,1,1,0,1
Hand_0001969_jpg.rf.e2444a66e770e34e02ad1cd9e419d3ed.jpg,0,0,1,1,0,1
Hand_0001955_jpg.rf.54a704e0f533c9d835b97850986d5c4d.jpg,0,0,0,0,1,0
Hand_0001947_jpg.rf.d58298a1c2edc8af86017bddc2ab0a14.jpg,1,0,1,0,0,1
Hand_0001943_jpg.rf.80ed4ec9f17c2fcea40f2ccde85b787c.jpg,0,1,1,0,0,0
Hand_0001913_jpg.rf.f3c79bb3cf58f495a9094805b88eac15.jpg,1,1,0,1,0,0
Hand_0000630_jpg.rf.041f46f708e9e8ddf7f840594601965f.jpg,1,1,1,1,1,0
Hand_0001955_jpg.rf.c6e330be54d978579b8c82e97a7d85bd.jpg,1,0,0,0,1,0
Hand_0001958_jpg.rf.9ee6520c021d9120f6bb03926f076f0f.jpg,1,1,1,1,1,0
FIMG_0061_JPG_jpg.rf.3ba3a93ade14ba507e74f967f87891a4.jpg,1,1,0,1,0,0
FIMG_0061_JPG_jpg.rf.086886928c21dae39a43f99d09cb78ab.jpg,1,1,1,1,0,1
FIMG_0067_JPG_jpg.rf.7a4cea7e9c4cf5009d038924e3dd55d1.jpg,1,0,1,0,1,1
FIMG_0069_JPG_jpg.rf.385a13fe8cf08860b55f1b2c23a0a570.jpg,0,1,1,0,0,0
FIMG_0064_JPG_jpg.rf.e467ae90f1fdd325bab93cf28d755d21.jpg,1,1,1,1,1,0
FIMG_0064_JPG_jpg.rf.eee4831baa861755aea25920b249eed3.jpg,1,1,0,1,1,1
FIMG_0062_JPG_jpg.rf.a83fbbea027ec9a3f048d0176727d79f.jpg,1,0,0,0,1,1
Hand_0001958_jpg.rf.dbf1fcc7d136076967092f8329010d9a.jpg,1,1,1,1,1,0
Hand_0000628_jpg.rf.36e77990335fc5c2c319f8b57acd3e56.jpg,1,0,0,0,1,1
FIMG_0062_JPG_jpg.rf.70eaf261023d96e95b3e4eb68ba57983.jpg,0,1,0,1,0,0
FIMG_0063_JPG_jpg.rf.d46203e350f359bb33d6e54955947b64.jpg,0,1,1,1,0,0
FIMG_0066_JPG_jpg.rf.db53419cd4849bd12fb48e0671fb9d02.jpg,0,1,1,0,0,0
Hand_0000629_jpg.rf.b370ab646d0756d027320914ee64495c.jpg,1,1,1,1,1,0
FIMG_0068_JPG_jpg.rf.f7f4990d4f9f0fe39a94c730d0437a51.jpg,1,0,0,1,0,1
FIMG_0061_JPG_jpg.rf.9559aaf89057d71c7241cae2711ed923.jpg,0,0,1,1,0,1
FIMG_0063_JPG_jpg.rf.f89fec862bac6cf3e184631c8eee3b9f.jpg,0,1,1,0,1,0
FIMG_0054_JPG_jpg.rf.02208eee7ee06f3d40940286118628df.jpg,1,0,1,1,1,0
Hand_0005377_jpg.rf.0fb07accc9306efd7eb1ddea8f03c34e.jpg,0,1,1,1,1,1
FIMG_0062_JPG_jpg.rf.cf30fc3b88408c5253cca04f8e05aaa6.jpg,0,1,0,1,0,0
Hand_0005379_jpg.rf.2a32fc11945034babe5b5755aa09bcf6.jpg,1,0,1,0,0,1
FIMG_0066_JPG_jpg.rf.c0718b85be2367a0ddac2ca598abc9cd.jpg,0,0,0,1,0,1
Hand_0005377_jpg.rf.2d24322d0de7252cbe53d7ab0c748a44.jpg,1,1,0,1,1,0
FIMG_0066_JPG_jpg.rf.7148aec5eb8f9720d1be5e5e1e2f7790.jpg,0,0,0,1,1,1
Hand_0005375_jpg.rf.250fc0713f5478cd85e07d2ebd3a402f.jpg,1,0,1,1,1,1
Hand_0000665_jpg.rf.6118aa6f2fdf039c4d0c615da3a6db72.jpg,0,1,1,1,1,1
Hand_0005378_jpg.rf.1d26b7d7963ec6043d667c23812e6687.jpg,0,0,1,1,1,0
Hand_0005376_jpg.rf.6359bb29dceb00386fdde4027d087c99.jpg,1,1,1,1,1,1
Hand_0000667_jpg.rf.ddc1f4c62641c9c212137029787d2091.jpg,1,0,0,0,1,1
Hand_0005380_jpg.rf.77fc8f831c4e2b7b091ca65d3bfb7de5.jpg,1,0,0,1,1,0
Hand_0005375_jpg.rf.c754b914f472a248745a63f3f7386678.jpg,1,1,1,1,0,0
FIMG_0069_JPG_jpg.rf.873731196792546bbedb70f45ecb41ac.jpg,0,0,0,1,0,0
Hand_0005378_jpg.rf.7b76529c39b8e5b90ebd478784f8d053.jpg,1,0,1,1,1,0
Hand_0005376_jpg.rf.729434f5e2aba9443561edc22ba06604.jpg,0,1,1,1,1,1
Hand_0005379_jpg.rf.50bc57d8e0b6ca34440fc731eba38045.jpg,1,1,0,1,1,0
FIMG_0056_JPG_jpg.rf.b0d043e38711358c05de16b3f8e7a9f5.jpg,1,1,0,1,0,1
Hand_0005378_jpg.rf.b308276164b1c34a572e39fb467c1381.jpg,1,1,1,0,1,0
Hand_0000665_jpg.rf.8bed2abb861955baa642fd24e17c58fe.jpg,0,1,1,0,0,1
Hand_0005332_jpg.rf.027c490f5786204c53d460396713b42b.jpg,1,0,0,1,1,1
Hand_0005381_jpg.rf.f50580ed0b934f3ae871ff71ebccd7ea.jpg,1,1,0,1,0,1
Hand_0006154_jpg.rf.5af666858266145d404574d572e2f166.jpg,1,1,1,1,1,0
Hand_0005376_jpg.rf.5bd9583150a6622dd5ae8f77aeffd30a.jpg,0,1,1,0,0,0
Hand_0005389_jpg.rf.17657c14dbf97005a675d509797d1d3f.jpg,1,1,1,1,1,1
Hand_0005410_jpg.rf.39ee1c83f046f890e2a3243ff1cb0327.jpg,0,1,0,1,1,1
FIMG_0056_JPG_jpg.rf.e53721e77a6f71480ca533b05661d70f.jpg,1,1,1,1,0,0
Hand_0005332_jpg.rf.ecf2e3face936f23724ae8f379ee9418.jpg,1,1,1,0,0,1
Hand_0002050_jpg.rf.3331e9af67edf0acd5424dd401dc2f95.jpg,1,0,1,0,1,1
Hand_0006149_jpg.rf.2bfa9916c06606354f80733253236208.jpg,1,0,1,1,1,0
Hand_0006153_jpg.rf.ba6fa4b1f96bbd4417a3860d7cf6d145.jpg,1,1,1,1,0,0
Hand_0002041_jpg.rf.6e4beb1e5d2f863b7557eae634cf6a6d.jpg,0,1,1,1,1,0
Hand_0005388_jpg.rf.0585e9014e723f0aa698423ee4e47398.jpg,1,0,1,0,0,1
Hand_0001915_jpg.rf.46a6c19de9d7ee4375f3b80172ea9a04.jpg,1,1,0,1,0,0
Hand_0005390_jpg.rf.77b41f278e2ec8dfa33c697efdcfdcca.jpg,1,0,0,1,1,1
Hand_0005389_jpg.rf.7e50a9017dc09fdb61583864d1957547.jpg,1,1,0,1,1,0
Hand_0001925_jpg.rf.91331cf8e289a1d6d9d931eacb9570b7.jpg,1,1,1,1,0,1
Hand_0001927_jpg.rf.916f4127e70ed6baa7cd8fd645c40ac0.jpg,0,0,0,1,0,1
Hand_0001924_jpg.rf.57159427bd5ceb59f34d918c3cc49346.jpg,1,0,0,1,0,0
Hand_0001927_jpg.rf.8ffe5cb420a9ead18ceb84838f83ba38.jpg,0,0,0,1,1,0
Hand_0001924_jpg.rf.9c6b1dc7ab61c829e0d12acc5c7fdfe5.jpg,0,0,1,1,1,1
Hand_0005390_jpg.rf.2a05f1515313707e889dc4901332613c.jpg,1,1,0,1,0,0
Hand_0005410_jpg.rf.c8102e8901838c5a2a27c75827221a3d.jpg,1,1,1,0,1,1
Hand_0005331_jpg.rf.27a2d1b37ab15f192d4bb1289fa73b73.jpg,1,1,0,1,1,0
Hand_0005381_jpg.rf.36448b7c6d8c7a3e771551232fa09ba2.jpg,1,1,0,0,1,1
Hand_0005388_jpg.rf.79d1a34b4c79c191205564669fd1ab3f.jpg,1,1,1,1,0,1
Hand_0005387_jpg.rf.bb3aed9526b320a03df03e77cce73f8b.jpg,0,0,0,0,1,0
Hand_0005388_jpg.rf.47929a5c98f5fd7edf8dfdc8c5b694e7.jpg,1,1,0,1,0,1
Hand_0001943_jpg.rf.b0a8bfbaf77e1361e6e7dc138dfd38e1.jpg,1,1,0,1,1,1
Hand_0001925_jpg.rf.34db3c42a909abc07513608f7388c28f.jpg,1,1,1,1,0,1
Hand_0005391_jpg.rf.eebf891156cff8852b6be984e752fd3a.jpg,1,0,1,1,1,0
Hand_0001925_jpg.rf.af77a7a2840ca583bd4f9d6d9313c7ed.jpg,1,1,0,1,0,0
Hand_0001926_jpg.rf.a0bc25c0009c059cc83350ed7c5d2ba8.jpg,1,0,0,0,1,0
Hand_0005391_jpg.rf.e50e6d40c8e7c877186ec681252aa300.jpg,1,1,0,1,0,0
Hand_0005391_jpg.rf.8bed6318162806500f9381e09e5aa26c.jpg,1,0,1,1,1,1
Hand_0001928_jpg.rf.bb5c89007b27ce0adec4f05a33409c2d.jpg,1,1,1,1,0,0
Hand_0001914_jpg.rf.444acd3067457f25c30a055acf73ec73.jpg,1,0,0,1,1,1
Hand_0005410_jpg.rf.d69ace2caaa18316a05168cb6f0af507.jpg,0,0,0,0,1,0
Hand_0001928_jpg.rf.7839128796f43983246045e8ab8c8de7.jpg,1,0,0,1,0,0
Hand_0005390_jpg.rf.fc6e68feaf0ab80cf7bd928bc5c50dcb.jpg,0,1,1,1,0,0
Hand_0001926_jpg.rf.e9f87bd4c4ccaa6fc8d3a55ca47cf76c.jpg,0,1,1,0,1,0
Hand_0006149_jpg.rf.f718859f0697de84f0e49dc5525b2d55.jpg,1,1,1,0,0,1
Hand_0001924_jpg.rf.e8e7fe9608aa813f7fc16a3d5ac386d9.jpg,1,1,0,1,1,1
Hand_0001926_jpg.rf.e7eb71cceaaaf43cb22f17af4ba133a0.jpg,1,1,1,1,0,1
Hand_0000655_jpg.rf.2dffcf0bc5327e0ccaa01e80d69cc882.jpg,1,1,1,1,0,1
Hand_0000663_jpg.rf.5ea09596b9821c7c4acb77e1e39a934e.jpg,1,1,1,0,1,0
Hand_0000663_jpg.rf.84ca05bf6d7874d259de9f85e0e8247c.jpg,0,1,0,1,0,1
Hand_0000651_jpg.rf.9bd6859eafe136e45ba1253b3a661f1a.jpg,1,1,1,1,0,1
Hand_0000652_jpg.rf.aca89759d66096870ffa3e609b1e6fde.jpg,1,1,1,1,1,0
Hand_0000653_jpg.rf.77acd88c5c24af56469000a4a4b039b3.jpg,1,1,1,1,0,0
Hand_0000653_jpg.rf.ed8d1e029080a9a440661bf468c49618.jpg,1,1,0,1,1,0
Hand_0006205_jpg.rf.8562b63fab3bc0195c22aea4d0182ad1.jpg,0,1,1,1,1,1
Hand_0005351_jpg.rf.7c4365b6e11d303c889d421e4f5378c7.jpg,0,1,0,0,0,1
Hand_0000653_jpg.rf.cd540de262746a3d3823328a33332742.jpg,1,1,1,1,0,0
Hand_0000655_jpg.rf.15075af074e9b3b1e521a4297b84dcdc.jpg,0,1,1,1,0,0
Hand_0000654_jpg.rf.a7e08b097ff2434522a4cc6e6d3fbecd.jpg,0,0,0,1,1,0
Hand_0000663_jpg.rf.e38670c0b2367278a89f4295463cd230.jpg,1,1,0,1,0,0
Hand_0006205_jpg.rf.3538b2a26501dc7eb841880e70002b24.jpg,0,0,1,1,1,1
Hand_0002029_jpg.rf.5fba46e4b03d3ebf023d55a8489a91ec.jpg,1,0,0,0,1,1
Hand_0001972_jpg.rf.13814e96cee295fbfffb04d4c08ffee3.jpg,1,0,0,1,1,1
Hand_0006199_jpg.rf.4529b51395611b2b894624f3caac4531.jpg,0,1,0,1,1,1
Hand_0001971_jpg.rf.49d5efeff44ffc8ff866df97ca81d481.jpg,0,1,0,0,0,0
Hand_0000654_jpg.rf.6dbbeef9bd209a719c3cf38f769b0286.jpg,0,1,1,1,0,0
Hand_0001972_jpg.rf.04c6e1794973354c83942fd7a38d19c8.jpg,0,0,1,0,0,1
Hand_0000656_jpg.rf.4b57024b23a2d5cb2119fbd50e13f491.jpg,1,1,1,1,1,1
Hand_0000654_jpg.rf.7775eafc421b663ec2d3515d1cd9a136.jpg,1,0,1,1,1,1
Hand_0005385_jpg.rf.d08ebdd2eec444a863315379e6744f01.jpg,1,1,1,1,0,0
Hand_0000652_jpg.rf.c753a6a21165d84b1c3e0f4db3f4bc1b.jpg,1,1,1,0,0,1
Hand_0001981_jpg.rf.5adbb9bbeceaed4c9ec789e528e2e7ad.jpg,0,1,1,1,0,1
Hand_0001981_jpg.rf.0f6e21ef94b65f51c86acf2c9e98cdd0.jpg,1,1,1,1,0,1
Hand_0001986_jpg.rf.26fc3a986c9b87fa3e9722f28648f2c9.jpg,0,1,0,0,1,1
Hand_0000618_jpg.rf.19962a49f76450f3315921ec058358fe.jpg,1,1,0,0,1,0
Hand_0005351_jpg.rf.c860fed491c90762bdde8b41c83af44f.jpg,1,1,1,1,1,1
Hand_0000617_jpg.rf.13dbc8ba50796f830fb6e3b0d71a6a8c.jpg,1,1,1,1,0,0
Hand_0002030_jpg.rf.65b2e1eb4fcc1106bd21c01f2a57e10d.jpg,1,0,1,1,1,1
Hand_0000618_jpg.rf.4fb3d016a9b4e2ebbc7b532c8a94db44.jpg,1,0,0,1,1,1
Hand_0001957_jpg.rf.438266e9c87128e91cffaacdbe9e62f3.jpg,1,1,1,0,0,1
Hand_0001971_jpg.rf.7a7b3e7839692eccc4db436ac782f59c.jpg,1,1,0,1,0,0
Hand_0000626_jpg.rf.4fd03d1059ecb55bed2fdce1c876b64c.jpg,1,1,0,1,0,1
Hand_0000655_jpg.rf.ee7b3b9dc59a30d4f1b6258aff5a3664.jpg,1,1,0,1,1,1
Hand_0000628_jpg.rf.35293b3b7a614d03c7d0d334c587a12a.jpg,0,0,1,1,0,1
Hand_0000611_jpg.rf.7cf1a564b5fb53daedff6e51a8e8b0ca.jpg,1,1,1,1,0,1
Hand_0000617_jpg.rf.120b24817bf5ce5300a201fcd10305d0.jpg,1,0,1,0,1,0
Hand_0000617_jpg.rf.8d8ade6ddbaffb7fa013f8b07894952c.jpg,0,0,1,0,0,0
Hand_0001914_jpg.rf.0716fbdd8fd0ffa23545cfdffd170c4f.jpg,1,0,1,1,0,1
Hand_0002029_jpg.rf.75dd24bb821df5d13ec595c61ef644dd.jpg,1,1,1,1,1,1
Hand_0000614_jpg.rf.a5a86c465f5214b438ada0157cd1e307.jpg,0,0,1,1,1,0
Hand_0000611_jpg.rf.a6310034ddcf752339627cd862ea272b.jpg,1,0,1,1,0,1
Hand_0000626_jpg.rf.98c6e47ebd52a9be59e414e27c899716.jpg,1,1,1,1,1,1
Hand_0002029_jpg.rf.37d4d2f38b912c82cc8da3a3b9454c77.jpg,1,1,1,0,0,1
Hand_0001981_jpg.rf.d2468e446983e8a49d67a36408ee45d4.jpg,1,1,1,0,1,1
Hand_0003309_jpg.rf.6cccb7e27957a7f25e07ef8063168754.jpg,0,1,1,1,1,0
Hand_0000614_jpg.rf.b30fa94e09d3f75e20f2310e46193cd2.jpg,1,0,0,1,0,1
Hand_0000611_jpg.rf.206af7c64db32a8d31c8c69afc58dff5.jpg,1,1,0,1,1,0
Hand_0001986_jpg.rf.b66db90ccb47b2356b81919a6cbd1f40.jpg,1,0,1,1,0,0
Hand_0000612_jpg.rf.df9054776bcae2df3d0c1b8a262362d6.jpg,0,1,1,1,0,1
Hand_0001986_jpg.rf.8945316b1486a54fe9ac69a0f7916775.jpg,1,0,0,1,0,1
Hand_0001957_jpg.rf.f290bac1aa9052bb4770218fce0870b7.jpg,1,1,1,1,0,1
Hand_0003415_jpg.rf.17bb81ff1bc52f5ca1a262fe1c4e8e8a.jpg,1,1,1,1,0,0
Hand_0003478_jpg.rf.1665bac0da19a2ad6099d710eb71de6c.jpg,1,1,1,0,0,1
Hand_0003479_jpg.rf.16ee7448da166c147e3fc6aa5d65fa95.jpg,0,0,1,1,1,1
Hand_0005384_jpg.rf.e53396ed3a22bea7f84b4210b85ad3be.jpg,1,0,1,1,1,0
Hand_0000686_jpg.rf.415ddcb4c6e0039a8dee5c7abf3c88d7.jpg,1,0,0,1,1,0
Hand_0000668_jpg.rf.331fd48c322fdaf9a454d9087ddb9f02.jpg,1,1,0,0,0,0
Hand_0001972_jpg.rf.78fdac7e59fa8b78dbbf5c0534a9e692.jpg,1,1,0,1,0,1
Hand_0000688_jpg.rf.5d9024a956f79ad89c6962af45c13f25.jpg,1,0,0,0,0,0
Hand_0000669_jpg.rf.4d173fc7efa4598bd33919fd973330ef.jpg,1,1,1,1,0,1
Hand_0000666_jpg.rf.0fb3274122eaacc6815e92c6e7fb6652.jpg,1,1,1,1,1,0
Hand_0001971_jpg.rf.7ace436a635a1c610ac71e5108f902bb.jpg,0,1,0,1,0,0
Hand_0000612_jpg.rf.989c1838154b998cef359103bb829548.jpg,1,1,1,1,0,1
Hand_0000667_jpg.rf.7991e03a4aeacba44ca04f41ac2814da.jpg,1,0,1,1,1,0
Hand_0000686_jpg.rf.6272513c51cf67f5860b09002c10bbaf.jpg,0,0,1,0,0,0
Hand_0003417_jpg.rf.7ff06a91b64d2aa4633a6e3452477ea6.jpg,1,1,0,0,1,1
Hand_0003477_jpg.rf.657ae270fe91efedbdaf8a8197350d87.jpg,1,0,0,1,1,1
Hand_0003417_jpg.rf.2d12b628933ef5e2835f2c1c76bfd27c.jpg,0,1,1,1,0,1
Hand_0000668_jpg.rf.733cc7aa61ddac49d2463876eca7bf01.jpg,0,0,1,1,0,0
Hand_0000686_jpg.rf.49799cec5bdd03843ff2f0150eb7d302.jpg,1,0,1,0,1,1
Hand_0003478_jpg.rf.074254296f11aec692aec4cd2130706c.jpg,1,0,1,1,0,1
Hand_0003417_jpg.rf.6c6a9229775157a3a91a8aee79539830.jpg,1,1,1,1,1,0
Hand_0000667_jpg.rf.6879256213c1adf0fcce7bdec85239b5.jpg,1,0,1,0,1,1
Hand_0000614_jpg.rf.9c320ba195ef6d6a75b966a126cad13d.jpg,1,1,1,1,0,1
Hand_0000612_jpg.rf.d19277dfbe269128a0653aabb1e07b7d.jpg,1,1,1,1,0,0
Hand_0003324_jpg.rf.a38827dc46616bee5a0cfbce6628a132.jpg,1,1,1,1,0,1
Hand_0003477_jpg.rf.a7157d0afcf8a26e0dc8e3e977e79d33.jpg,1,0,1,1,0,1
Hand_0000669_jpg.rf.82d62518bc7210cb45fea82068e42363.jpg,0,0,0,1,1,1
Hand_0000689_jpg.rf.b107435fd1f109d7af0bb0d8021bb58f.jpg,1,0,1,0,0,0
Hand_0000688_jpg.rf.b57afce1cbfb73693d09f98625a93c27.jpg,1,0,1,0,0,1
Hand_0003478_jpg.rf.ad5dcc43c952a704e3789603a47e9097.jpg,0,1,1,1,1,1
Hand_0000687_jpg.rf.e3c7367482f0ade59265aca59058d1c8.jpg,1,0,1,0,1,1
Hand_0003479_jpg.rf.7f470ce046ceab2a19d2cbf1640d68e9.jpg,0,1,0,1,1,1
Hand_0000688_jpg.rf.caaf007740d37c0d9ea4156484f0d183.jpg,1,0,1,1,0,1
Hand_0001969_jpg.rf.eaec97c01e52c6cc55f5291d00779931.jpg,1,0,1,1,0,1
Hand_0000687_jpg.rf.c027a8cc11505365b72ae14c779b8bb3.jpg,0,0,0,1,0,1
Hand_0000721_jpg.rf.06d7589b22ad56a4785a267b1ca15f44.jpg,1,1,1,1,1,1
Hand_0000719_jpg.rf.0bc94ef698ea562e54d00a7d2c86a0f5.jpg,1,1,0,1,0,1
Hand_0000687_jpg.rf.cda54ce7c80b9eb5961ce0d85c18c977.jpg,1,1,1,0,0,1
Hand_0003415_jpg.rf.de969d54ae7baa63759b9d4de1a96d60.jpg,0,0,0,0,1,1
Hand_0003479_jpg.rf.7f2a1fe7ce2c19ef005a1d6a86b1b707.jpg,1,0,0,1,0,1
Hand_0000722_jpg.rf.82bc1cd1c4091f51408c17a84d6883f9.jpg,0,1,1,0,1,1
Hand_0000666_jpg.rf.21f65187d6901054807c98d85ee93d6d.jpg,0,0,1,1,1,0
Hand_0000722_jpg.rf.233d53fc1fcb7225058e2a262edd006f.jpg,1,0,1,1,0,0
Hand_0000720_jpg.rf.3466308caa007bd248d4716d65fafc48.jpg,1,0,1,0,0,0
Hand_0000721_jpg.rf.87cee0d567570d37cbbd69c946f81405.jpg,1,0,1,0,0,1
Hand_0000666_jpg.rf.44ae5fd75445623a50e8948e79f61308.jpg,1,1,1,0,0,0
Hand_0000669_jpg.rf.81648504dc1d17337b0ed848cd701c66.jpg,1,1,1,1,1,0
Hand_0000689_jpg.rf.9d5df113ca3281f5c9a2eab095814e98.jpg,1,1,0,1,1,1
Hand_0000665_jpg.rf.9fcb0b240557808149e926cee48fad25.jpg,1,1,1,0,1,0
Hand_0000723_jpg.rf.ae0e4ab7bddc72ab98175b821f86f250.jpg,1,1,0,0,1,0
Hand_0000689_jpg.rf.ba3a042969e453a72969fd31f10a4385.jpg,1,1,0,0,1,1
Hand_0005379_jpg.rf.9dac23b2a37ed6c7ed70e1ee9976bb4a.jpg,0,1,1,0,0,0
Hand_0000720_jpg.rf.96771e956057f3b00e12043e5146faf2.jpg,1,1,1,1,1,1
Hand_0000719_jpg.rf.d25a1d1407ae4fcf55781df2ed45015e.jpg,1,0,1,0,0,1
Hand_0003477_jpg.rf.f2437d6b5c871ba77a770a752a2c5288.jpg,1,1,1,0,0,1
Hand_0000719_jpg.rf.d307b893acbb542ecb3041978131ea3b.jpg,1,1,0,1,0,0
Hand_0000720_jpg.rf.e52f89dcdd329b97167a72db7735a5d4.jpg,0,1,0,1,0,0
Hand_0005377_jpg.rf.fbe77a7b3e2f4d60abe5db20d1b5510e.jpg,1,1,0,0,1,0
Hand_0003352_jpg.rf.6e5dc8b4ebb855192c019b74fcc3b070.jpg,1,0,0,1,0,1
Hand_0003351_jpg.rf.31cb614f32515f859a6e912de20e58be.jpg,1,1,0,1,1,1
Hand_0003354_jpg.rf.549a5c34159cb7bac8c752ee21b8cbf9.jpg,1,0,1,0,1,1
Hand_0003354_jpg.rf.7a92f6915c255855ae2b60ac3145ec9d.jpg,1,1,0,1,1,1
Hand_0003352_jpg.rf.96e3431378764dc92e8259f67ca97e50.jpg,1,1,1,0,1,1
Hand_0003355_jpg.rf.a18261fe5e6643261881cdb79e90c5f6.jpg,1,0,0,1,1,1
FIMG_0079_JPG_jpg.rf.2d92d007818a2739b978962d6d44d283.jpg,0,0,0,1,1,1
Hand_0003350_jpg.rf.ef640f6130545f4e093248fb6ebef5df.jpg,1,1,0,1,0,1
Hand_0003353_jpg.rf.cef4840b17c35c50d88a537a060263c1.jpg,0,0,0,0,0,0
Hand_0003354_jpg.rf.d62a507522285357ffc5376b4e8c4ac0.jpg,1,1,1,1,1,0
Hand_0000641_jpg.rf.374c80bd673d3586d2c6b1e5067c2a1a.jpg,1,1,1,1,1,1
Hand_0000721_jpg.rf.3466e12e9dd604bec665cc6acc4cd87c.jpg,0,1,1,1,0,0
Hand_0006210_jpg.rf.f399bb374784634be10cefa661a03781.jpg,1,1,1,1,0,1
Hand_0000639_jpg.rf.491dc3cfc8656cf18ea65e299e2b5d43.jpg,0,1,1,0,0,0
Hand_0000629_jpg.rf.5e48c43489fe34b7fadbc29b5dfeb872.jpg,1,1,1,1,0,1
Hand_0003356_jpg.rf.467135f4346b9cadc475bb748fa356a1.jpg,0,1,1,0,0,1
Hand_0000637_jpg.rf.77f03176ee4c54b162635f897f01192d.jpg,0,0,0,0,1,1
Hand_0003351_jpg.rf.f32bd97821dbd4ed13a918e088898a1b.jpg,1,1,1,1,1,0
Hand_0000637_jpg.rf.0cc10e18ea93e9928e8376f1b6108791.jpg,0,1,1,1,0,1
Hand_0003355_jpg.rf.1e2da47f6bf4b6329b1aa5cdedcbf57d.jpg,1,1,1,0,1,0
Hand_0000651_jpg.rf.7f806ab738e3686e180f4d8c36a1a138.jpg,1,0,1,1,0,0
Hand_0000640_jpg.rf.00f0a2d65196d60a76b69bd0d5443293.jpg,1,1,1,1,1,0
Hand_0000641_jpg.rf.82d93d2a3e171b63d102038345e86ae1.jpg,1,1,0,1,0,0
Hand_0003356_jpg.rf.761ddd7bd0a6457588f9da252601ab15.jpg,0,0,0,0,1,0
Hand_0003353_jpg.rf.dbe24c4b6edc221a39df485dc377ffcc.jpg,1,0,0,0,1,0
Hand_0000630_jpg.rf.9f047d7a18d4e445bfe9eb3954bcd53f.jpg,1,1,1,1,1,0
Hand_0000639_jpg.rf.902ab198710f7e49283b1743a6cd58a4.jpg,0,0,1,1,1,0
Hand_0000630_jpg.rf.8a6064af2eea767ff32a6fee2ebd2a5f.jpg,0,1,0,1,0,1
FIMG_0063_JPG_jpg.rf.57af6640e9fc7ab1f503fdc6bb7265c4.jpg,1,1,1,1,0,1
Hand_0003385_jpg.rf.4e43cf2a907191721e1e8dbb94eeab46.jpg,1,0,1,1,1,1
Hand_0000639_jpg.rf.8dbde66d66dcc3b6a996d5cd9f537b97.jpg,0,1,1,1,1,1
Hand_0000637_jpg.rf.af12781cd2e3b08a57199e82c1e9de8d.jpg,1,1,0,0,1,0
Hand_0003476_jpg.rf.b1ac2137ed34ffa4a3ce8996af227c53.jpg,0,1,0,1,0,1
FIMG_0064_JPG_jpg.rf.c22908cd05afc1edee99ae80214f5edc.jpg,1,1,0,1,1,1
FIMG_0065_JPG_jpg.rf.da19e8c310fe48476333581423eea53d.jpg,0,1,1,1,0,1
Hand_0003352_jpg.rf.c67d3acc6ef11bce56ef683ed203d2b9.jpg,1,1,1,1,1,1
Hand_0003351_jpg.rf.7766b9a464b803913bc20000f573ec26.jpg,1,1,0,1,0,0
Hand_0003475_jpg.rf.fdd5a4511f8092f1399983cdc9da157e.jpg,1,1,1,1,0,1
Hand_0000629_jpg.rf.813ded5545313e2e734ef8612df8e82a.jpg,1,0,1,1,1,0
Hand_0002050_jpg.rf.0d8b7070c906d6cd29c7cabd9ba992a0.jpg,0,1,0,0,0,1
Hand_0003353_jpg.rf.84c44d8ec31c3a3099e5c7894081429e.jpg,1,0,1,1,1,1
Hand_0003385_jpg.rf.2c22f1e6dcd418576b555720559175f1.jpg,1,1,1,1,0,0
Hand_0002040_jpg.rf.291b1671fb75edbe29fd49fd46ceb76c.jpg,0,0,1,0,1,0
FIMG_0078_JPG_jpg.rf.24c87e9b4a0bf357258664bc389fefef.jpg,1,1,0,1,1,1
Hand_0000641_jpg.rf.c7c46396d7a9131532979bbb5bc11801.jpg,1,1,1,1,1,0
Hand_0002041_jpg.rf.6fba8960acb1d855b6e5b8155045a3ad.jpg,1,1,1,1,1,0
Hand_0002041_jpg.rf.a5977a3e4e2a76873fca62818829d0bf.jpg,1,1,0,1,0,1
Hand_0002052_jpg.rf.706b44d4c43837f6921a595ef6347297.jpg,1,1,1,1,1,1
Hand_0002051_jpg.rf.6c0f90a94b73b79782550d35ad85e256.jpg,1,1,0,0,1,1
Hand_0001928_jpg.rf.5840917821b5a402188b86d3da5ad115.jpg,1,0,1,1,0,1
Hand_0002051_jpg.rf.a6ccc4e9f26bb4d4eea2aed40e037050.jpg,0,1,1,1,0,1
Hand_0002030_jpg.rf.8c7d5bc1c211ed8fac5812f624c6374a.jpg,1,0,1,1,1,0
Hand_0002030_jpg.rf.588e54ca198a8804f71dd17fbdd26062.jpg,1,1,0,1,0,1
Hand_0002040_jpg.rf.8af8cee80972c7bc7041414430e97e39.jpg,1,1,1,1,0,0
Hand_0001927_jpg.rf.3c43d639c0c31efac44144507a56ba99.jpg,1,1,0,1,1,1
Hand_0002039_jpg.rf.730005077faf848e43ecec26ad14de8d.jpg,1,0,1,1,1,1
Hand_0002039_jpg.rf.b6fdb7ae9465eea61aa90dd4e7a2dd43.jpg,1,1,0,0,1,0
Hand_0002050_jpg.rf.dc239e0dc55ab90c4003043d059355e5.jpg,1,0,0,1,0,0
Hand_0002081_jpg.rf.aefe84126da7514ce00e6258f321bf82.jpg,1,1,0,1,1,1
Hand_0006199_jpg.rf.0fd828f930eb8c35f7890da23231f47c.jpg,0,1,1,1,0,0
Hand_0006192_jpg.rf.249dab3d34855ae77e21a9f03afb47f7.jpg,1,0,1,0,0,0
Hand_0003414_jpg.rf.6d65097da1abb7ffb5664e06e51dc2e9.jpg,1,1,1,0,0,0
Hand_0006192_jpg.rf.2e759f6d5006d7c0eea79ce97df8e22d.jpg,1,1,1,1,1,0
Hand_0002081_jpg.rf.b603a68b9b1847d4a6598814ee95f52f.jpg,1,1,1,0,0,1
Hand_0002040_jpg.rf.f1a9826327d967826ef7a6f63635b511.jpg,0,1,1,1,0,1
Hand_0002051_jpg.rf.f4e2aaf1c1024532616cb3315b622993.jpg,1,0,1,1,0,1
Hand_0006198_jpg.rf.3b2a879426c0dd14d50cb7dbf09f5484.jpg,1,1,1,1,1,0
Hand_0003579_jpg.rf.57b91ebea0629d30cbf7332518bbc979.jpg,0,1,0,1,1,1
Hand_0006191_jpg.rf.705a1ed68684e567609a9923ad10b69c.jpg,0,1,1,1,1,0
Hand_0003579_jpg.rf.98705ff1c44db395246155ca099f2be9.jpg,0,0,0,1,0,1
Hand_0006190_jpg.rf.8d9b94a54ace7cfb1b320024391a542c.jpg,0,1,0,0,1,1
Hand_0006190_jpg.rf.a1db9350c40796659775983e520dcf88.jpg,0,1,1,1,0,1
Hand_0006192_jpg.rf.acb70e60c9d9b6a4f9a0675db24280e6.jpg,0,0,0,0,0,1
Hand_0006198_jpg.rf.3244ea9b2af97463a8b0564d6f3a2bd9.jpg,0,1,1,1,0,1
Hand_0006189_jpg.rf.81d13a79001352ba437fad651bb24c67.jpg,0,1,1,0,1,1
Hand_0006191_jpg.rf.bc6803cccb1054da75469fd6817e6898.jpg,1,0,1,1,0,0
Hand_0006189_jpg.rf.83d906cf4a8549345c3315b6e8cffbbc.jpg,1,1,1,1,0,1
Hand_0001970_jpg.rf.c4da9adbe67533b1db8f8508a33f5610.jpg,1,1,1,1,1,1
Hand_0006191_jpg.rf.d24467190d9333d7f30603fee55664de.jpg,0,0,0,1,0,1
Hand_0006246_jpg.rf.937b58ce8823720deaf6a0aa17744701.jpg,0,1,1,0,1,1
Hand_0003322_jpg.rf.06e796e9151e69260200ea35f6fdd445.jpg,0,0,0,1,0,1
Hand_0003451_jpg.rf.4c0f473205f92688731f646655a1c937.jpg,0,0,1,0,1,1
Hand_0003449_jpg.rf.361745db8512b989217ab302abe4772a.jpg,1,1,1,1,1,0
Hand_0003322_jpg.rf.5b6c7641d615383676c71d1cd289c459.jpg,1,1,1,1,0,1
Hand_0000656_jpg.rf.4f8ee5c26917db0dfe85162b298434e9.jpg,1,1,1,1,1,1
Hand_0003414_jpg.rf.ef541ff8117595b1e2b6203a96944757.jpg,1,1,1,1,0,0
Hand_0003579_jpg.rf.d8edc9f00fc8be0c8dafe211cb55b768.jpg,0,1,0,0,1,1
Hand_0006246_jpg.rf.13ed14e42f85b7864ef2360ed94b1380.jpg,0,0,0,1,1,0
Hand_0003480_jpg.rf.1d6e77a8dd4df848c00a8968b0e8707c.jpg,1,1,1,1,0,0
Hand_0000618_jpg.rf.644745b65da8fa14aea3735bed23ed76.jpg,0,0,0,1,1,1
Hand_0003451_jpg.rf.6695f80fe534a6a31f3146b276e42c41.jpg,1,0,1,1,1,1
Hand_0003447_jpg.rf.7c7e2d701e3686206e0d21499b1bd0a1.jpg,0,1,1,1,0,1
Hand_0003447_jpg.rf.5bbd88efef9b14d2cf18afed05870a2b.jpg,1,1,0,1,1,0
Hand_0003449_jpg.rf.9df7b9b2ba66d055c3f32386f35da2d3.jpg,1,1,0,1,0,1
Hand_0003448_jpg.rf.c7bc89507724831045fc8d8f3ba1c8aa.jpg,1,1,1,0,0,0
Hand_0003450_jpg.rf.9084197d04b85f650fc83bf498782571.jpg,1,0,0,1,1,0
Hand_0006241_jpg.rf.34cd7ea7d36bcf583b26dc52fbdc1af6.jpg,0,0,1,1,1,1
Hand_0003448_jpg.rf.e78589b9431df842271efd483b3eacf3.jpg,1,0,0,0,1,0
Hand_0003451_jpg.rf.e77f044f3434b469df08e72bfe88c364.jpg,1,1,1,1,1,1
Hand_0003475_jpg.rf.b5a1c3d4c56bd6a5a5355a05bbc5aec9.jpg,1,1,1,0,0,0
Hand_0006253_jpg.rf.eaf7fd516311419ed17c5217de950965.jpg,1,0,0,1,0,0
Hand_0003449_jpg.rf.3957339fad5b2340690fd2ca2bac8e35.jpg,1,0,1,1,0,1
Hand_0003450_jpg.rf.f5de147d9be0c87ea4c1e92c25a1091d.jpg,1,0,0,1,0,1
Hand_0006250_jpg.rf.5115ee35c2179a15672c66c5e1722fef.jpg,0,1,1,1,1,1
Hand_0006250_jpg.rf.6a6bb735fe5c31f9ae7ea9f8a6e22991.jpg,1,1,1,0,1,0
Hand_0006210_jpg.rf.387928878b71edeaa804f6336e0b9d8a.jpg,0,0,0,1,0,0
Hand_0006251_jpg.rf.35907b5a2eaa9d4c357cd77a39aa18cc.jpg,0,1,1,1,1,0
Hand_0000722_jpg.rf.81b78f3a429765627e94ba9a64abd17e.jpg,1,0,1,1,1,1
Hand_0006249_jpg.rf.976d765198847f4cf9f7a99827ef6c96.jpg,1,0,1,1,0,0
Hand_0006247_jpg.rf.484f80a21631e346895b21a09ebc6d97.jpg,1,0,1,0,0,1
Hand_0006205_jpg.rf.4a081b52db709a5cca7b0b270cc8ddb4.jpg,1,0,0,0,0,0
Hand_0003322_jpg.rf.8f2516469fd735042c0f98156664fbd8.jpg,1,0,1,1,1,0
Hand_0006249_jpg.rf.5d6746864bb927390245a2e0a615cb72.jpg,0,1,0,1,0,0
Hand_0006210_jpg.rf.809f26afea1f9af6329282d35f3cd581.jpg,1,0,1,1,1,1
Hand_0003448_jpg.rf.2eef7d946303e8317288ec50796abaf6.jpg,1,1,1,1,0,0
Hand_0002650_jpg.rf.80caffebe10d43a3bb1916e7cd8cad21.jpg,1,1,1,1,1,1
Hand_0006241_jpg.rf.8c1b654ae9124f8761d38dbb1f4d56cc.jpg,1,1,1,1,1,1
Hand_0003447_jpg.rf.4e08306ff39c082aeb3091b45868c44c.jpg,1,1,0,1,0,0
Hand_0006251_jpg.rf.926cfc89bbde3b9bcffcc15788818bbb.jpg,1,0,0,1,1,1
Hand_0006190_jpg.rf.cbc6eb56f6079bba2688b2e88dabb175.jpg,1,1,0,1,0,1
Hand_0001620_jpg.rf.2b729e692cc587f84c73cddccd7274fc.jpg,1,1,1,0,0,1
Hand_0001616_jpg.rf.35a3d39452116d5a020676613a6ad86d.jpg,1,0,0,1,1,1
Hand_0001606_jpg.rf.38d9e85dbc8effe755ecef68e59b18f2.jpg,1,1,0,1,1,0
Hand_0001606_jpg.rf.3c0fdd1542256137fde64bc16bdc5d9e.jpg,1,1,1,1,0,1
Hand_0001585_jpg.rf.4be6a905d3b33ea333722246babe3e45.jpg,1,1,1,0,0,1
Hand_0001621_jpg.rf.454caca10b64e96cad4e456bbae96950.jpg,0,0,1,1,1,0
Hand_0001619_jpg.rf.4c433df00df601a5eab159e8826e5a3c.jpg,1,0,0,1,1,1
Hand_0001602_jpg.rf.503e76a7c193cf7c8a0d3d9651a32b68.jpg,1,1,1,1,0,1
Hand_0001585_jpg.rf.49d98db2f573a23f2df77aca41c687e9.jpg,0,1,0,1,0,1
Hand_0001584_jpg.rf.643f1e1e864c4c756aafe257349e8b97.jpg,1,1,1,1,0,0
Hand_0001602_jpg.rf.817baf7015c0ea9cc3068153b2864508.jpg,0,1,1,1,1,0
Hand_0001604_jpg.rf.bc766942a1919c123b54f88445a35ee2.jpg,0,0,0,1,1,1
Hand_0001583_jpg.rf.7d2c99cdd6d05ab2a97352b92ee90ad3.jpg,1,1,0,1,1,0
Hand_0001603_jpg.rf.a999d0446d08278aa92e133083e348fb.jpg,1,0,0,1,1,1
Hand_0004947_jpg.rf.c0ec295641c4c16211d8bd9e6a4a3d9d.jpg,1,0,1,0,0,0
Hand_0005797_jpg.rf.501bb7c45ad2326d146e8561ae49bd88.jpg,1,0,1,1,0,0
Hand_0001604_jpg.rf.ebab6a8b3b022280ac4ee7504951dff3.jpg,1,1,1,1,0,0
Hand_0000268_jpg.rf.16944411f0ce7b63732500e3c19acd52.jpg,1,1,0,0,1,1
Hand_0001585_jpg.rf.e721499f266ddcb1df5ce7acaf7da50a.jpg,1,1,1,1,0,0
Hand_0001604_jpg.rf.fc129b630809fa8dd48a9ea7278574bd.jpg,0,1,1,1,1,0
Hand_0000267_jpg.rf.37d6a20336a0a3daa50474c9ff6c6d55.jpg,1,1,0,1,1,0
Hand_0001505_jpg.rf.074a34795676fac8bc22de64df191c95.jpg,0,1,1,1,0,1
Hand_0000271_jpg.rf.565f15652d8e9eeeb2b2105bbca7d6df.jpg,1,0,1,0,1,0
Hand_0000268_jpg.rf.5f21f5d783e4bcad85445ce9dbedb5e8.jpg,1,1,1,1,0,0
Hand_0000266_jpg.rf.6b8a0591c7f70743274992791b789834.jpg,1,1,1,1,1,0
Hand_0000255_jpg.rf.850deaf52c05242a51cc9fd7a084d3cd.jpg,1,1,1,1,0,1
Hand_0001505_jpg.rf.8451376a64ff45918d6e9ab625d8d5b8.jpg,1,1,1,1,1,1
Hand_0000255_jpg.rf.7b716f3fb6aa3a0fdaef980a78ccb10c.jpg,0,1,0,0,1,1
Hand_0000267_jpg.rf.aa8de362bda8a0931eb3c0a087d7305f.jpg,0,0,1,1,1,0
Hand_0001506_jpg.rf.71f04db523a76c4cf61ca929f1bbbc0e.jpg,0,1,1,0,0,1
Hand_0000266_jpg.rf.8ecd5c752b0a3bfe30920ec6ba862fe7.jpg,0,1,0,1,0,0
Hand_0000269_jpg.rf.aa6d67bf1c29f6859b89ad69269aa649.jpg,1,1,1,1,1,1
Hand_0000269_jpg.rf.cfe78578a4159ceb8fc7fb98835e0ff3.jpg,1,0,0,1,0,1
Hand_0000266_jpg.rf.db0cbdb2612cf641ccc931e70befde1c.jpg,1,1,1,0,1,1
Hand_0000270_jpg.rf.d014f73e0672c97a260379cae2ba53e4.jpg,0,1,0,1,1,1
Hand_0000270_jpg.rf.fa4790b48f57882f9bc7eb99b8681a9d.jpg,1,0,0,1,0,1
Hand_0000255_jpg.rf.f44bc978acabc2dcf515d3579485337d.jpg,0,0,0,0,0,1
Hand_0001619_jpg.rf.60128c96dd4787258f48a48985f17324.jpg,1,0,1,1,0,1
Hand_0000202_jpg.rf.71d91a2334c53468447c15a23c18ba96.jpg,1,1,1,1,0,1
Hand_0000201_jpg.rf.3920b3f35b3303fcd737553acbb11b57.jpg,1,1,1,1,1,0
Hand_0000246_jpg.rf.454b0b66b8b55c4e72f6b15c3cd5ea25.jpg,0,0,1,1,1,0
Hand_0000211_jpg.rf.778427db8bcf9ec3b586870c1de637eb.jpg,1,1,1,1,0,1
Hand_0002950_jpg.rf.63a81228c2e19889681fe805c429d941.jpg,1,0,0,1,1,1
Hand_0000211_jpg.rf.784456ddaaff10579e77d0c6b3d71cbd.jpg,1,1,0,1,1,1
Hand_0000202_jpg.rf.afcf955912049c99b286c55aa5c5ab14.jpg,1,0,0,1,0,0
Hand_0000211_jpg.rf.68e3bd4a8b3d0e4dd727f81b384f3c6f.jpg,1,1,1,0,0,1
Hand_0000186_jpg.rf.6129f9911b32d8ec6424eb46286c4436.jpg,1,1,1,0,1,1
Hand_0000212_jpg.rf.56e8eb2529f2e26455cddb80ed169212.jpg,0,1,1,1,1,1
Hand_0001605_jpg.rf.504f34857ce5903c2421ebbe5996ee0a.jpg,0,1,1,1,1,1
Hand_0000202_jpg.rf.ae12d0066a3ca425f22f55cae81fd998.jpg,1,0,1,0,1,1
Hand_0000187_jpg.rf.b98997eb0198c10ff252e31d087765e4.jpg,1,1,1,1,0,1
Hand_0005797_jpg.rf.7f818fb39316a728353d17591e418926.jpg,0,0,1,0,0,1
Hand_0000187_jpg.rf.c87b20fbd4eb4910820e2d6982ea6619.jpg,1,1,0,1,1,0
Hand_0005153_jpg.rf.8884f2d419c87bedbeeeb77771e2ff21.jpg,1,1,1,1,0,0
Hand_0002949_jpg.rf.8966ff1f85381224bc4b4328a1d973f5.jpg,1,1,0,0,1,0
Hand_0000212_jpg.rf.c00a2609e3757e0a478f77166e2a5e5c.jpg,1,1,0,0,1,1
Hand_0000201_jpg.rf.db6bb151baf1c8cfd29bfff3a0de4f4c.jpg,1,1,0,1,1,0
Hand_0000186_jpg.rf.eaf50c0baec96d67ddcd4b539dfd7081.jpg,0,1,1,1,1,0
Hand_0001636_jpg.rf.9ff87b4cdde3c51a39fb8a764eccba74.jpg,1,1,0,1,0,0
Hand_0000212_jpg.rf.e2acfd8ea72101685ccd0d27d7ab8652.jpg,1,1,0,1,1,0
Hand_0000187_jpg.rf.e118f4908d4b3e8fc0e820a05d018370.jpg,0,0,1,1,0,1
Hand_0001616_jpg.rf.c8d5a154fa18fb13762646f1f40946b3.jpg,0,0,1,1,1,1
Hand_0000232_jpg.rf.e5a0d04e8c7184100b59936b032a02d8.jpg,1,1,1,1,0,1
Hand_0005196_jpg.rf.139fe510ef886e5dfce59ae553e0288f.jpg,1,0,1,1,0,1
Hand_0001620_jpg.rf.fc598a3151914f5ec9d62dd2decb7927.jpg,0,0,0,1,0,1
Hand_0000214_jpg.rf.12dc17cf7b092ee477d34c42f3889883.jpg,0,0,1,0,1,1
Hand_0000223_jpg.rf.806e4d5ada17be3b5379b74e46c30310.jpg,1,1,1,1,0,0
Hand_0000213_jpg.rf.ad8d829957f954386c95ebdddb10c933.jpg,1,1,1,1,1,0
Hand_0000214_jpg.rf.44abd0ada68bbc4dabeb7d4afbc93e45.jpg,1,1,1,1,1,1
Hand_0000215_jpg.rf.14de36a5a4ad2958cbff1970b456074f.jpg,1,1,1,1,1,1
Hand_0005195_jpg.rf.9648dde77e919ddac45ea0321eec4ce7.jpg,0,1,1,1,1,1
Hand_0000224_jpg.rf.f0d324ece7ae4ee7239ce0883fd4e9b6.jpg,0,1,1,0,1,1
Hand_0000216_jpg.rf.09b04f02c0b5bbd177e24d96e4cce1f2.jpg,1,0,0,1,1,0
Hand_0001605_jpg.rf.58d3562abd970db71bdad6f76b8e37f2.jpg,0,1,0,0,1,1
Hand_0001584_jpg.rf.2a7fac70df5f990462dad8a3902d12da.jpg,1,0,1,1,1,1
Hand_0000214_jpg.rf.d61d891503a27a880b602fd2f44e47f4.jpg,1,1,0,1,0,0
Hand_0000223_jpg.rf.3bb4187aedd074a34b6affda46e888e9.jpg,1,0,0,1,1,1
Hand_0002887_jpg.rf.4730161e9b51cda278fadd66b695d756.jpg,1,1,1,1,1,1
Hand_0000215_jpg.rf.cf6a733072c1a759a2b5368cb4b43644.jpg,1,0,1,1,1,0
Hand_0000225_jpg.rf.8282d253961e750a18dc7fe5e45107c1.jpg,0,1,1,0,0,0
Hand_0000216_jpg.rf.c09dd6bbc18a37438f70b79388ce6b6f.jpg,1,0,1,0,1,1
Hand_0000224_jpg.rf.74c58895e73db08b5f0963409bfcc207.jpg,0,1,1,1,1,1
Hand_0001616_jpg.rf.c4a95b66e97646848608d90bf6618b3b.jpg,0,1,0,1,1,1
Hand_0000224_jpg.rf.e1ac84cde70e1bc9216c22b0561f13ee.jpg,1,1,0,1,1,1
Hand_0000223_jpg.rf.bae0b9bd90c18ae7cf82932bef8217b2.jpg,0,1,1,0,1,1
Hand_0000215_jpg.rf.fb4baf837bdb5a7bed3a77d15974c5f2.jpg,1,1,0,0,1,1
Hand_0002919_jpg.rf.377d19e370d060edc4173b1ef42a6cce.jpg,1,0,1,1,1,1
Hand_0001606_jpg.rf.e273414558542f2d252bde70ff7ee509.jpg,1,0,1,1,0,1
Hand_0005152_jpg.rf.5199d9e1651d2c36a21defe2da025b36.jpg,0,1,1,1,1,0
Hand_0000216_jpg.rf.459af9f9d2be72a78255397bdb980b08.jpg,1,0,0,1,0,0
Hand_0001601_jpg.rf.0388541c8a441aabcb34d045c182b93d.jpg,0,1,1,0,0,1
Hand_0002916_jpg.rf.87328cafd15bee6a01e8c1b91a5c2477.jpg,1,1,1,0,1,0
Hand_0002920_jpg.rf.895e3057bd13ae3875bcc10125f8194b.jpg,0,0,0,1,1,1
Hand_0002921_jpg.rf.64c93da9d9fbaf395fe75745612bb0c5.jpg,1,1,1,0,0,1
Hand_0001602_jpg.rf.032a8ac479e6d73ffba53cf1fc20cfdb.jpg,1,0,0,0,1,0
Hand_0002918_jpg.rf.ba1fca0de7886d402fe09d07df8618c5.jpg,1,1,1,0,0,1
Hand_0002911_jpg.rf.c6754f28b4252701547c351cf85402c8.jpg,0,1,0,1,1,0
Hand_0002917_jpg.rf.f5962fd92e3d469dfa32d2e1ff050aff.jpg,1,0,1,1,1,1
Hand_0002916_jpg.rf.7b8d0f9d5fe98484408247e386ca3bd6.jpg,0,1,1,0,0,1
Hand_0002917_jpg.rf.683ddfb588356d89dfcdcc7d0daa85f8.jpg,0,1,0,1,0,1
Hand_0002843_jpg.rf.bf58e02fb2b0a3c3740fca9508ccd040.jpg,1,1,0,1,1,0
Hand_0001601_jpg.rf.380d0226e9e7e63afdf7fe03675f6330.jpg,1,0,0,0,1,0
Hand_0002917_jpg.rf.0487ea2791143481c8a25538435d411b.jpg,1,1,0,0,0,0
Hand_0001561_jpg.rf.3c059be01b52fcbc3135162c63d7e6f8.jpg,1,1,0,1,1,0
Hand_0001579_jpg.rf.255b5a38ede1499ab33e667b5246e588.jpg,0,1,1,1,0,1
Hand_0001581_jpg.rf.3ddea9082514561260e6041b0f8e6daf.jpg,1,1,1,0,1,0
Hand_0001601_jpg.rf.188763365657f56f40bd629cc2381e1e.jpg,1,0,0,0,0,0
Hand_0002919_jpg.rf.eb8cb920636047a53b4d154fc7bc7eda.jpg,1,1,0,1,0,1
Hand_0002920_jpg.rf.e1401b9e685f4d201f7e6cec2aed1a15.jpg,1,1,1,0,1,0
Hand_0002920_jpg.rf.8da8f827667a2c3b7d2c1500d7784805.jpg,0,1,1,1,1,1
Hand_0002919_jpg.rf.f30e215b211182a3e37f31a0383f8211.jpg,1,0,1,1,0,0
Hand_0001562_jpg.rf.08b7473919bfdaadf6c2f0937af6e02a.jpg,1,1,1,1,0,1
Hand_0001605_jpg.rf.db2e66d68d5f1f2a35882858356180fa.jpg,0,1,0,1,0,1
Hand_0001561_jpg.rf.b2492a44396fb002e1342618f59f43b7.jpg,1,0,0,1,1,0
Hand_0001579_jpg.rf.d22762a9fcf191546b9b6ccbb264704a.jpg,1,1,1,1,1,1
Hand_0001562_jpg.rf.616228cc3da77abfbaecd73b5cf07dc7.jpg,1,0,1,1,1,1
Hand_0002911_jpg.rf.883411a8f1cf570e00bd23062ee42bb8.jpg,1,0,0,1,1,1
Hand_0001584_jpg.rf.2fd909c297dcf4e18913bc7f7d33936c.jpg,1,1,0,1,1,0
Hand_0003082_jpg.rf.752031d494bf75c4aeac0c25a421f461.jpg,1,0,0,1,0,1
Hand_0003066_jpg.rf.a5fcfe5c793e676965b40b66df8f6f11.jpg,1,1,0,1,0,0
Hand_0005083_jpg.rf.012967b4c785568cfbfd64822681c05b.jpg,0,0,1,0,1,1
Hand_0001582_jpg.rf.f3a42a88f25926fb4d17dd95ac5309a1.jpg,1,1,0,1,0,0
Hand_0002911_jpg.rf.cb51262acb6a9f0584f38922b92e49cb.jpg,1,1,1,0,0,1
Hand_0001580_jpg.rf.dbac1c9f5d44bb4fe069c552dddf9562.jpg,1,1,1,1,0,0
Hand_0001580_jpg.rf.2eec539db6e51326f50ab1df078eeabc.jpg,0,0,0,0,1,1
Hand_0001544_jpg.rf.4860777f2b3b997521e35dbc561ec1fb.jpg,1,0,1,1,1,1
Hand_0005821_jpg.rf.7c6f17ddc4730b2c564ba73b42bad0e0.jpg,1,1,0,1,1,0
Hand_0001581_jpg.rf.8052799188a9e9f73fe4641c9f521177.jpg,0,0,1,1,0,0
Hand_0002918_jpg.rf.6d66843d0ad2b2028830cbbfd89d6114.jpg,1,1,1,0,1,1
Hand_0001562_jpg.rf.5312a2e64c88894b3ed61e4a1456e2f6.jpg,1,1,0,1,0,1
Hand_0005809_jpg.rf.896822a74bc86605342c26874f15e068.jpg,0,0,1,1,1,1
Hand_0002966_jpg.rf.9a547d557a59222a83712b52b2e7f8f6.jpg,0,1,1,1,1,1
Hand_0001544_jpg.rf.5a2cff2de29616cc51ccf2e9626f1669.jpg,1,0,1,1,0,0
Hand_0001508_jpg.rf.2e6243ba450cb8c8fb183a05e25f05ab.jpg,1,1,0,0,1,1
Hand_0001560_jpg.rf.72f5720a668a6679626c813fe6efd93d.jpg,1,0,0,0,1,0
Hand_0001579_jpg.rf.72e487a876efa568920d6bd96d507407.jpg,1,1,1,1,0,0
Hand_0001560_jpg.rf.2a81810eaaf02110e1fd5732f44e1ea2.jpg,1,1,0,1,0,0
Hand_0001508_jpg.rf.77ad469fb1f21a458392f3461e9e9c96.jpg,1,1,0,1,1,1
Hand_0001509_jpg.rf.a42c22ecedee708d146dbe7497b2e771.jpg,1,0,1,1,0,0
Hand_0001509_jpg.rf.a49552e72fe84336bf437b7f4e6a5711.jpg,1,0,1,0,1,1
Hand_0005803_jpg.rf.6e1f3256709f5582856466bccdeb24b9.jpg,1,0,1,1,0,0
Hand_0000087_jpg.rf.11d561c711a22951888ce69d291d2e13.jpg,1,1,1,1,0,1
Hand_0001561_jpg.rf.cd404fc87e5c0cbadb8734f95b51add1.jpg,1,0,0,1,1,0
Hand_0005804_jpg.rf.c8d106553cb085842139fcd3f090ff6d.jpg,0,0,1,1,1,1
Hand_0000085_jpg.rf.ad8cb16aa961a8718daa30a5e4408700.jpg,1,1,0,0,1,0
Hand_0000174_jpg.rf.b04c1d0769e0e4d76c5c1982c6ad47cb.jpg,1,1,1,1,1,1
Hand_0001509_jpg.rf.65bb91e8e582c36841a6506c2e136c8b.jpg,0,1,0,1,0,1
Hand_0000164_jpg.rf.8e4435e2fc110fa9a6f43741b6f4a37f.jpg,1,1,0,1,1,0
Hand_0001558_jpg.rf.9cec522be8610c3c90368cf3079ab19b.jpg,0,0,0,1,1,0
Hand_0001558_jpg.rf.6f556c175212c036e8f85a4f82403af0.jpg,1,1,1,0,1,0
Hand_0001544_jpg.rf.ab4fdf0bb683ed8bad7ca28576276fb5.jpg,0,1,0,1,0,1
Hand_0001559_jpg.rf.ef9c06bf3d2e45840972036d2f76ff21.jpg,0,0,1,0,1,0
Hand_0000165_jpg.rf.46831f03d4d405f3c1be4000af4172d8.jpg,1,0,1,1,0,1
Hand_0001542_jpg.rf.cb5bc2b0bffa6c47e4c855b4f7d735b8.jpg,1,1,1,1,1,0
Hand_0000113_jpg.rf.0b27f86b38db3423349868d598329ba8.jpg,1,1,1,0,1,0
Hand_0000173_jpg.rf.b0b0616571263fef43a862ebbc277ca8.jpg,0,0,1,1,1,1
Hand_0001542_jpg.rf.630144432ccbfebefa4d3126f29e0fdc.jpg,0,1,0,1,1,1
Hand_0000173_jpg.rf.5dcf2384af4d857bdc37d8beccf5bffc.jpg,1,1,0,1,1,0
Hand_0000164_jpg.rf.b3952128b4adab953bbf3147918bd122.jpg,1,0,0,0,0,0
Hand_0000176_jpg.rf.b0d1f7acf9cb08461cfa742d165a6d49.jpg,0,0,0,1,0,1
Hand_0000184_jpg.rf.c548d3631778fe3285007945d3baa969.jpg,1,1,0,1,0,0
Hand_0001508_jpg.rf.5b6539d501f8914bc9b863a1a471c891.jpg,1,1,1,1,1,0
Hand_0005190_jpg.rf.fed848b0c9e051367c8b507e93366b18.jpg,1,1,1,0,0,0
Hand_0001559_jpg.rf.ce070e482057ce65c51ae79e34b65cb6.jpg,1,1,0,1,1,1
Hand_0000184_jpg.rf.de8dc3b8f485239baaab55c23b132757.jpg,0,1,1,1,0,0
Hand_0000174_jpg.rf.aa79d5a0c5e4daf7afbcf898d5473548.jpg,1,1,0,1,0,1
Hand_0000173_jpg.rf.e86a4076a16e1003260e3a19164f87cd.jpg,1,1,0,1,0,1
Hand_0000164_jpg.rf.e2cbd82270b0419c9d5583b0978b8af5.jpg,1,1,0,1,1,0
Hand_0000268_jpg.rf.1b142bef6697e4ea8a07a0f5d270912e.jpg,1,1,0,1,1,0
Hand_0000176_jpg.rf.d4126befb42b14ed8336d59a8e266923.jpg,1,1,1,0,1,0
Hand_0005880_jpg.rf.bb7b320f4402e41b81348f3531c489c9.jpg,0,1,0,1,1,0
Hand_0005880_jpg.rf.c9c8e8141ddf998a8c86d1ba074987c7.jpg,1,1,0,1,0,0
Hand_0002909_jpg.rf.f8b0aebc12d29a93ff69f3fd39267d93.jpg,1,0,0,1,0,1
Hand_0002910_jpg.rf.27c3d1f2f1ae0fb44c16d43b9450ee66.jpg,0,1,1,1,1,0
Hand_0000165_jpg.rf.757b2b8db4dae260b3945859d1047a46.jpg,0,1,1,1,1,1
Hand_0000244_jpg.rf.8d489966e3a9861ccd321b0b4e0f71e8.jpg,1,0,1,1,0,0
Hand_0000165_jpg.rf.e3929d0f29417cc0a2f1a361892512d6.jpg,1,0,1,1,1,0
Hand_0001603_jpg.rf.aba22135c2a8b777d567d17119719245.jpg,1,1,1,1,0,0
Hand_0000177_jpg.rf.e6f560d1263972da32e593b6e8710b85.jpg,1,1,0,0,0,0
Hand_0000246_jpg.rf.19a674885d1b6e4c3adcbc2e77934cba.jpg,1,1,1,1,0,1
Hand_0001603_jpg.rf.72ba51d0d33cb114b2362414ad26acbb.jpg,1,1,0,1,0,1
Hand_0000254_jpg.rf.2a211d5153d2be1cb91890bbb8c9f7ed.jpg,1,0,1,1,0,0
Hand_0000233_jpg.rf.3ce418475d226f16572b42bcdc8cc6c0.jpg,1,0,1,1,1,1
Hand_0005119_jpg.rf.604b42bcabc65606bf2db266150f950a.jpg,1,0,0,1,1,0
Hand_0000254_jpg.rf.218a01bf1972428f7d1c9e43f0c6a693.jpg,0,1,1,0,1,1
Hand_0003143_jpg.rf.06824758a14beed39741a17a6bdbef9d.jpg,0,1,0,1,0,1
Hand_0005119_jpg.rf.1b7ea21ab4364c52f8f747daa3617126.jpg,1,1,1,1,1,1
Hand_0000253_jpg.rf.9e33400190a76bcd14470fab3c81a7a6.jpg,1,1,1,1,0,0
Hand_0003143_jpg.rf.8c5615d346e0e48c56b8b3001697c7d7.jpg,0,1,1,1,1,0
Hand_0000233_jpg.rf.0ee621e6c2effedd5e4d1db4c680ed10.jpg,1,0,1,0,1,0
Hand_0000246_jpg.rf.c7cad27e5e9bba83d5afec3d1c85d13a.jpg,1,1,1,0,0,1
Hand_0000244_jpg.rf.a039824622073a28cd2d1c72a34ef9c4.jpg,1,1,1,1,0,1
Hand_0000232_jpg.rf.6e24c520c001b980409997a7ec5526b5.jpg,0,0,1,1,1,1
Hand_0005875_jpg.rf.3706eacc14ee239d4a8d84b85bd4ba63.jpg,1,0,1,1,0,1
Hand_0000244_jpg.rf.df230e13e1b1c0faa036e683f042dc02.jpg,1,0,1,1,1,1
Hand_0000267_jpg.rf.bcbd134d4c473d8d39e1054e0d765191.jpg,0,1,0,1,0,0
Hand_0000253_jpg.rf.047826a77161f05acb04ffcea22831f0.jpg,1,1,0,0,1,1
Hand_0000232_jpg.rf.b28d7dd7aee21a66ff4fc25241253661.jpg,0,1,1,1,1,1
Hand_0000201_jpg.rf.b421cbca2e5af7f6cb4f37c7d43dbc0a.jpg,1,0,1,1,0,0
Hand_0005192_jpg.rf.8522310d252392a774d57b75421a51eb.jpg,0,1,1,0,1,0
Hand_0000234_jpg.rf.f6f5e7175f5752179c924d141b60ae13.jpg,1,0,0,1,1,1
Hand_0000213_jpg.rf.e7a9b1194958c103e151d9a5f7f13a5d.jpg,0,1,0,1,0,1
Hand_0000253_jpg.rf.b423da79455de2ff7da5c78525efd90a.jpg,1,0,0,1,1,1
Hand_0005210_jpg.rf.23f70650a6abc47b5875dc041af2ef9f.jpg,1,1,1,1,0,0
Hand_0000234_jpg.rf.e52aad2edbcfafc5ac877249f67dee26.jpg,1,0,1,0,1,1
Hand_0000225_jpg.rf.5f3a2d29965bb5ffebfb842dff71428b.jpg,1,1,0,1,1,1
Hand_0000234_jpg.rf.db4aa0a084c58bd53553cc6aabf2ad0e.jpg,1,1,1,1,0,1
Hand_0005197_jpg.rf.5cbaf73d5903d5dc466408974ed0a86f.jpg,1,1,0,1,0,1
Hand_0005210_jpg.rf.0672aa0ad96d8a103053d7a272293aef.jpg,0,0,1,1,1,1
Hand_0005873_jpg.rf.94ec721fc1c6efca065173e20eea183d.jpg,0,1,1,1,0,0
Hand_0002987_jpg.rf.e03c849c4355af1a04bdd4904ad4201e.jpg,0,1,1,0,0,1
Hand_0005872_jpg.rf.532a5a4271fe212a89b0fe351065a8bf.jpg,1,0,1,1,1,1
Hand_0005197_jpg.rf.106a34767eb409ff34a3124e6529f2f0.jpg,1,0,1,1,1,0
Hand_0005196_jpg.rf.0c3d0a034000c249cd027ec21a3874e8.jpg,0,1,1,0,0,1
Hand_0002987_jpg.rf.1f7393f7d80967dbbd96487fce7a05cb.jpg,1,1,1,1,1,1
Hand_0005212_jpg.rf.e9985373bba1ec69d54ab2b4c524cc10.jpg,1,0,1,1,0,1
Hand_0005212_jpg.rf.7fb21cfc30cfcfcec8475e8ba8521b8b.jpg,1,1,1,0,1,1
Hand_0005212_jpg.rf.fca5d3086f150903d7188b39e217713b.jpg,0,0,0,1,0,1
Hand_0005872_jpg.rf.69230a165cf11dddfabcd63e5cf12304.jpg,1,1,1,1,1,0
Hand_0000225_jpg.rf.b739c2c1a9e2e5782a2cf5a107c21f5b.jpg,1,1,0,1,0,0
Hand_0005197_jpg.rf.f55bdd215f94f4d697e3db4c2b4f102d.jpg,1,1,1,1,0,1
Hand_0005143_jpg.rf.440cb66df55f360ea0472c0783ec2445.jpg,1,0,1,1,1,1
Hand_0005953_jpg.rf.30df1f9d471738e93e34f8c02d01e71e.jpg,0,0,1,1,1,1
Hand_0005152_jpg.rf.35245a132b5ae071d606e0c4c29f3083.jpg,1,0,1,0,1,0
Hand_0005142_jpg.rf.2ea5fbdc3135e2562bcaeb094b752fc0.jpg,0,1,1,1,0,1
Hand_0005144_jpg.rf.0c263a138e75fa3960bac2b5b0d1c4b0.jpg,1,1,1,1,0,0
Hand_0005148_jpg.rf.b4d64493c75e7cba1c86aa149a360cf2.jpg,1,0,1,1,1,0
Hand_0005142_jpg.rf.597886877f3a25c5d1f7de0afb583ed5.jpg,1,1,1,1,1,0
Hand_0005210_jpg.rf.c36202f04e890d6d1ce2704919bd48dc.jpg,0,1,1,1,1,1
Hand_0001620_jpg.rf.b60bd4605e1c853d11345d8f9388064c.jpg,1,1,0,0,1,1
Hand_0005195_jpg.rf.aaac56c9d057602f03b09d6a28fe62aa.jpg,1,1,1,0,0,0
Hand_0002987_jpg.rf.71b7652aab6a7aa54c049a8b30be006a.jpg,0,1,0,1,1,0
Hand_0005143_jpg.rf.ed35fd86136a97b8f920e91cedc6e826.jpg,0,1,1,1,0,1
Hand_0005151_jpg.rf.b0be3d402e41808e73405aaffb64c549.jpg,1,1,1,0,0,1
Hand_0005153_jpg.rf.8f4e57bc9c73a43286d45afadce790f8.jpg,0,0,0,1,1,0
Hand_0003007_jpg.rf.977ed6d3b7bc0138b984986cb01e205d.jpg,1,0,0,1,1,1
Hand_0003172_jpg.rf.25a8462ecacbcd8c45c8a26139f0d84c.jpg,1,0,0,1,1,1
Hand_0005196_jpg.rf.cfd36d656afffb63947ce60fd936c0f4.jpg,1,1,1,0,1,1
Hand_0001621_jpg.rf.699e1bf1bc7ab1aa94e740841638739f.jpg,1,1,1,1,1,0
Hand_0003172_jpg.rf.5447c0cf7d7eb845107a7b4c4140cff6.jpg,1,0,1,1,1,0
Hand_0005142_jpg.rf.d308831d4aba77168abb147310a7f803.jpg,1,1,0,0,1,1
Hand_0005148_jpg.rf.8a8bb2401658e2f8fe8ed6d79d186e1c.jpg,0,1,1,0,0,1
Hand_0002985_jpg.rf.d771ab24e0702fc4eda0ada1977cfcd1.jpg,1,1,0,1,1,1
Hand_0005148_jpg.rf.edcf127a601674b7d78268ef9ce57aef.jpg,1,0,1,1,1,1
Hand_0003158_jpg.rf.86554a3d8696e7bd227644041347c5ac.jpg,1,1,0,0,0,1
Hand_0005152_jpg.rf.a743c516de9cb9aea5ffd5deffa6efea.jpg,0,0,0,1,1,0
Hand_0005143_jpg.rf.f025817c2739bf50727f541371f878f4.jpg,1,1,1,1,0,1
Hand_0005853_jpg.rf.55db9d8c88a96e386b49e395624f4fe3.jpg,1,0,0,1,0,0
Hand_0003158_jpg.rf.a964a99b7005e36ece33d88fb2a8d0ab.jpg,1,0,0,1,1,1
Hand_0005144_jpg.rf.f86ba63504adf272c1c02f76a2c0c7c9.jpg,1,1,1,1,0,1
Hand_0005144_jpg.rf.d9486fb11c81ffcbc8904b24071a0184.jpg,0,1,0,0,0,1
Hand_0003009_jpg.rf.fb47d5062bd38d3a0a2dba880a1dbdf8.jpg,1,0,1,1,0,1
Hand_0002916_jpg.rf.02e26e5a6de10519b52bf061a14b79be.jpg,1,1,1,1,1,1
Hand_0003066_jpg.rf.3b5e3241aae752d4f18b1e2a2c759d67.jpg,1,1,0,0,1,1
Hand_0003081_jpg.rf.9d5cc7614912d5e4c883499648aad0ae.jpg,0,0,1,0,1,1
Hand_0002969_jpg.rf.c320ee6c9cb940d2bc454377da094b31.jpg,1,1,1,1,1,1
Hand_0003172_jpg.rf.56a3f783a650c74d37992b46d9f72eed.jpg,1,1,0,1,0,0
Hand_0002921_jpg.rf.b2c46e8f8c5565e4ad305c95c25398fa.jpg,0,1,1,1,0,0
Hand_0003171_jpg.rf.43aa1d4829abe3ebd0f3020942089846.jpg,1,0,1,0,1,1
Hand_0003081_jpg.rf.c4007f4e201cc777a3923adb65931140.jpg,0,1,0,1,0,0
Hand_0005953_jpg.rf.932fedbaf0fc9d986ca4445a784e2900.jpg,1,1,1,1,0,1
Hand_0005948_jpg.rf.c0cca419e50745564d0f2bbc23c0b81a.jpg,0,1,0,0,1,0
Hand_0003009_jpg.rf.784ccf289037962580a4bdeb80605d18.jpg,1,1,1,1,1,1
Hand_0005083_jpg.rf.39d098ab1ebed49b44fdc0773dd3d1ce.jpg,1,1,1,1,0,0
Hand_0003171_jpg.rf.25a621a86272dbc809fda07bc7d132c8.jpg,1,0,1,0,0,1
Hand_0005097_jpg.rf.534b22dbe78b3ef6b97c178d1a82f00d.jpg,1,0,1,1,1,1
Hand_0005095_jpg.rf.9120946f20e537f27446637bf664afb0.jpg,0,0,1,1,0,0
Hand_0003176_jpg.rf.f8adb3083a243ecc86fe6c5918c2b0ba.jpg,1,1,1,1,1,1
Hand_0003171_jpg.rf.9f1882602eb12744460b783786411b1a.jpg,0,1,0,1,1,0
Hand_0005032_jpg.rf.c17b70a4039ccf3b55b153b2fa7317b8.jpg,0,1,0,1,0,1
Hand_0005091_jpg.rf.d842eba4abbd4ffa3a74783da396bc9e.jpg,1,0,1,1,0,1
Hand_0005852_jpg.rf.fd288d8d86ea3c3cb6445687af750538.jpg,1,1,0,1,1,1
Hand_0001580_jpg.rf.6af175c7a6baf6e984eee2ac4e5b473c.jpg,0,1,1,0,0,0
Hand_0005853_jpg.rf.e01dcdb4cab8945d52d886cece374bda.jpg,1,0,1,1,0,1
Hand_0005091_jpg.rf.6448456626b2f48c4ecb9bccb219267f.jpg,1,1,0,0,0,1
Hand_0005086_jpg.rf.4d7e9a4e7692822ac3e6c9d568f94f90.jpg,1,0,1,1,0,1
Hand_0005089_jpg.rf.d6b622cf08904716686b7459ca5006f3.jpg,0,1,1,1,0,1
Hand_0003067_jpg.rf.f6ae218e65161b42215d5b013ca06fa3.jpg,1,0,1,1,0,0
Hand_0005089_jpg.rf.6e22a5240ee3ef9de9a5156546df9ed6.jpg,1,0,1,0,0,0
Hand_0005093_jpg.rf.f174c846b4db1e1689e7bac232d1478c.jpg,1,0,0,1,0,1
Hand_0005091_jpg.rf.0a7dac01018e542d2936b9ac2b67dfac.jpg,1,1,1,1,1,0
Hand_0005086_jpg.rf.d29515ebcfca803fcfb00a3b83f438cb.jpg,1,1,1,0,1,0
Hand_0005095_jpg.rf.61a8ba9f57e2371d173fd362f88844b0.jpg,0,1,1,1,1,1
Hand_0005093_jpg.rf.fbc54f2067daa1396674888aae07001c.jpg,0,1,1,1,1,1
Hand_0005089_jpg.rf.de09cd28a297d356cb7b58def7e54741.jpg,1,1,1,1,0,1
Hand_0005086_jpg.rf.0a32cb9477b09e66d218a812bfccfed5.jpg,1,0,0,1,1,1
Hand_0005153_jpg.rf.1cd3ced5ca056fcd12e0815388fd0b06.jpg,0,0,1,0,1,0
Hand_0003083_jpg.rf.1a8374ce9341aa79fb3063a094a889d7.jpg,1,1,1,0,0,1
Hand_0005083_jpg.rf.4b1e87b1dd24bc771df88bc939b31ffa.jpg,0,0,1,1,1,1
Hand_0000174_jpg.rf.0cf05740d991554d80e40bb02524eb0b.jpg,0,1,1,1,1,1
Hand_0005852_jpg.rf.f1e459a4f7da8294b88493f766d46a54.jpg,1,1,0,1,0,0
Hand_0005154_jpg.rf.221fe6119cd096208c8a5581463652eb.jpg,1,0,1,1,1,1
Hand_0005164_jpg.rf.58468cc66d97b34e4b0400eddb311f1b.jpg,1,1,0,0,0,0
Hand_0005161_jpg.rf.375e1230822c1afe7ec8a89e0614039c.jpg,1,0,1,1,0,0
Hand_0005165_jpg.rf.63f8cf7c9741db8f6f168b56528c504e.jpg,1,1,0,0,1,1
Hand_0003086_jpg.rf.9ee469ad101a0f79e9066d8f570e2bf1.jpg,1,1,0,0,1,0
Hand_0005921_jpg.rf.9d5a444247894dad849d30c252fdcf86.jpg,0,1,1,1,0,1
Hand_0005191_jpg.rf.78868bbd1b32086c9590d4434284b8fe.jpg,1,0,1,1,1,1
Hand_0005920_jpg.rf.76af3f8b3e4b5d438d75897d352ec21e.jpg,0,1,1,1,1,1
Hand_0005161_jpg.rf.a2267a8a275b8d1d53d5c3d77c89e831.jpg,1,1,0,1,1,1
Hand_0005161_jpg.rf.8b254e5322bd105487288503484ff770.jpg,1,1,1,1,1,1
Hand_0005191_jpg.rf.b4ada5ad1bededc342abfe637e98263e.jpg,1,0,1,0,0,1
Hand_0005190_jpg.rf.8d086fa2dd9255ddeaa62e7df6affc15.jpg,1,1,1,1,1,0
Hand_0005190_jpg.rf.9b51d96af8f32a42410d29f60cb1f90e.jpg,1,1,0,1,1,0
Hand_0005920_jpg.rf.f36757679c1811e7a94ee477dfc5deaa.jpg,1,1,0,1,1,1
Hand_0005192_jpg.rf.8668084c46218f56388b681e7cc60930.jpg,1,0,0,0,1,1
Hand_0005191_jpg.rf.aeee8e97390ec5bc88bcfbe536409459.jpg,1,0,1,1,0,0
Hand_0000281_jpg.rf.6b6257fd4046f0218830beb46aa4243e.jpg,0,1,1,1,1,1
Hand_0003105_jpg.rf.e63073aa24280d7d666ccfd03dba5777.jpg,1,0,1,1,0,0
Hand_0003102_jpg.rf.45fd5f203272f054897cb3642b1f0b27.jpg,1,1,1,1,0,1
Hand_0005880_jpg.rf.1dab07b960bf80ef42317a01a2f84a66.jpg,0,0,0,1,1,1
Hand_0005165_jpg.rf.24e6637f878c0a75c124d6474d42c375.jpg,1,1,0,1,1,1
Hand_0003103_jpg.rf.58cf7d9a210777cd6ab09aa434172ed9.jpg,1,0,0,1,1,1
Hand_0003135_jpg.rf.f7a96b4f621f004635def6b09a1bdfa6.jpg,1,1,1,1,1,1
Hand_0003143_jpg.rf.265c587f9ebdf009626f4c49ac361ea7.jpg,1,1,0,1,1,1
Hand_0003136_jpg.rf.e8b063164b8e44a01ecc237489322086.jpg,1,1,0,0,0,0
Hand_0003103_jpg.rf.2bc25cbc01d17d9e65d80a5444c01748.jpg,1,1,1,1,0,0
Hand_0000388_jpg.rf.253444166148868fd23403c06ef59f9b.jpg,0,1,0,0,1,1
Hand_0005154_jpg.rf.b75cbe9f0df2d06a7df3875f5218a1c8.jpg,1,0,1,1,1,1
Hand_0003104_jpg.rf.d9618147028f3eb1ad797a43a5beb68f.jpg,1,1,1,0,0,1
Hand_0003104_jpg.rf.9d0aca969fa19b9c7b889979852b22e6.jpg,0,1,1,1,0,0
Hand_0003105_jpg.rf.d4f651edc540ea025853d31e9431f982.jpg,1,1,1,1,0,0
Hand_0005164_jpg.rf.5c420ff21fa705f28006014c62bc9da1.jpg,1,1,1,1,1,1
Hand_0005877_jpg.rf.1f43ca0449c397eb3590ee6f1d9a3726.jpg,1,0,0,1,0,1
Hand_0005878_jpg.rf.38cd0b98622cf32452a1964d7c3ab067.jpg,1,1,1,1,0,1
Hand_0003136_jpg.rf.833d688de3b00741fd2aebc1212ee9ce.jpg,1,1,0,1,0,0
Hand_0001542_jpg.rf.7cef09eea9d00a83d555b678a9198fb3.jpg,0,0,0,1,0,1
Hand_0005879_jpg.rf.243f27a0062fb3eae50474e46889540a.jpg,1,1,0,1,1,1
Hand_0003103_jpg.rf.0cf94e75d258a3b32a9880350588a4e9.jpg,0,1,0,1,1,0
Hand_0005877_jpg.rf.2eab56880b7eddec5b9a6884a1f577ef.jpg,0,0,1,0,1,1
Hand_0003104_jpg.rf.7f3c91c16653524b1d31b1b42d164870.jpg,1,1,1,1,0,1
Hand_0005873_jpg.rf.3072bff7c421e1af06f6d728b5dfa582.jpg,1,1,1,1,1,1
Hand_0000281_jpg.rf.09c34c984014ab26139c9600c7d40fc0.jpg,0,1,1,1,1,1
Hand_0005876_jpg.rf.5365dccc2078b914b7ab2ba5052be269.jpg,1,1,0,1,0,1
Hand_0003158_jpg.rf.721f421aa17d20652aee70e43f76c3e2.jpg,1,1,1,1,1,1
Hand_0003136_jpg.rf.5a44cbf4712983d4fdaf109ccb2bc4f3.jpg,1,0,0,1,1,1
Hand_0005871_jpg.rf.558ed1a825bf629acae49e08b597ffda.jpg,1,0,1,1,0,0
Hand_0005876_jpg.rf.c14fc55645f4533dc084c0c3a92a7156.jpg,1,1,0,1,1,1
Hand_0005870_jpg.rf.246423e5c4a9e14db22356fbc6f14dec.jpg,1,1,1,1,1,1
Hand_0005871_jpg.rf.c25581c28cf0007cb613750c95306cce.jpg,1,1,0,0,1,0
Hand_0005876_jpg.rf.b62cd58cfe1ac248d9c7ba19b3b1042d.jpg,0,0,1,0,0,1
Hand_0005878_jpg.rf.b6eef978d1aaf8d3c973ee9c7a260720.jpg,0,0,0,0,0,1
Hand_0005879_jpg.rf.4601f0ed6d4474f51e7c8a650030815a.jpg,1,1,0,1,0,0
Hand_0005853_jpg.rf.3a517325d33be9eb87bde7a6df7f6a84.jpg,1,1,0,1,1,1
Hand_0005854_jpg.rf.4682e50bba08b73cb078102e4dfd89bc.jpg,1,1,0,1,0,1
Hand_0005230_jpg.rf.12751c486de5bbcb2a5830cb31742ee0.jpg,1,1,0,0,1,1
Hand_0005879_jpg.rf.f83784f17c1ec532a7288c90c3b0852a.jpg,0,1,0,1,1,1
Hand_0005878_jpg.rf.59bbcc21f0015a371a46dc561a1b6505.jpg,1,0,0,1,1,0
Hand_0005867_jpg.rf.65dc6e3b87fbe591682d11f7fd35108e.jpg,1,1,1,1,0,1
Hand_0005230_jpg.rf.2fed7535a1cb042ba4291f39faaded8d.jpg,0,0,1,1,1,0
Hand_0001560_jpg.rf.0a0a8fba0d6f90e5a8178648221b3ae5.jpg,1,1,1,1,1,1
Hand_0003105_jpg.rf.e3803a3bcf75c2d3d27f00e3d2af9af7.jpg,0,1,0,1,0,0
Hand_0005877_jpg.rf.fe2e555bd778f7d40a295a5ed7446504.jpg,0,0,0,1,0,0
Hand_0005874_jpg.rf.f8bb795b3fbea88ad00efff1e0c1c545.jpg,1,1,1,1,1,1
Hand_0000283_jpg.rf.f90139dbe65828b9ed7f8d5341d671eb.jpg,1,1,1,1,0,0
Hand_0002995_jpg.rf.03c65d4c6dcfb7571d3267641d8615a1.jpg,1,1,1,1,0,0
Hand_0005230_jpg.rf.c606177bdb860952370c6259f877fbb1.jpg,1,1,0,0,1,1
Hand_0002995_jpg.rf.0fc6c1b88ff9b0ceee75e6518401329c.jpg,1,0,1,1,1,0
Hand_0005873_jpg.rf.014d1c3a90ac79438e7065b47ad7c0c7.jpg,1,1,1,1,0,0
Hand_0005874_jpg.rf.8d5830be9c6cf6971552e6e06c69731a.jpg,1,0,1,1,0,1
Hand_0005854_jpg.rf.c75846b92b1e48313a6a6714f3b8600a.jpg,1,1,1,1,0,0
Hand_0005854_jpg.rf.d420f58bf5fc80c7cbacf0d7fa4e986b.jpg,1,1,0,1,1,0
Hand_0002989_jpg.rf.3c4c19f7551dea34b3ef27de1105676e.jpg,1,1,1,1,0,1
Hand_0001636_jpg.rf.618ffa7b5c855cbad6088503f9860b60.jpg,0,1,1,1,1,0
Hand_0002995_jpg.rf.bf8a25715a143d0cd5cfec3c25fd1dea.jpg,0,0,1,0,1,1
Hand_0000439_jpg.rf.85af54b86122da3d99bbab0f61f762c2.jpg,1,1,1,1,0,0
Hand_0005867_jpg.rf.d7a0dccc43fc4007ffa6cc3b5ba0c613.jpg,1,0,0,1,1,0
Hand_0002990_jpg.rf.e867c72cf51e317f49af4ef8779b8b79.jpg,0,1,0,1,1,1
Hand_0002989_jpg.rf.2d07b2ac059ad9b69234efe1659bf8e7.jpg,0,1,1,1,1,0
Hand_0005195_jpg.rf.cbd539a860c1d37fffcc07bff8533b9e.jpg,1,1,0,1,0,0
Hand_0005192_jpg.rf.2aca2c3fe64ec3b68617611f364c57a9.jpg,0,0,1,1,1,1
Hand_0002992_jpg.rf.581ff7ba7caf8b48142cfd4d5ff31003.jpg,1,1,0,0,1,0
Hand_0003007_jpg.rf.76902c7d0ff91e82599c14386ebb055c.jpg,0,0,0,1,1,1
Hand_0002988_jpg.rf.844f0a7ab9b734e408c3fa549c72f06a.jpg,1,1,1,0,1,1
Hand_0005870_jpg.rf.cc598191bdde7cc26840a6cb1142bb04.jpg,1,0,0,0,1,0
Hand_0002988_jpg.rf.1db9e1ea4e75c18d83aa56d41261fadd.jpg,0,1,0,0,1,0
Hand_0000437_jpg.rf.6fd683a12af04d1f037e4664ae2a91a2.jpg,1,1,0,1,0,0
Hand_0000437_jpg.rf.4df40cec80727a968c729da17a9dd836.jpg,1,1,1,1,1,0
Hand_0005867_jpg.rf.f85f0609870161fb81a3c0e4e6720ba2.jpg,1,1,0,1,1,0
Hand_0002990_jpg.rf.f932c5f73c7f54f5f456466d6e8ba82a.jpg,1,1,1,1,1,1
Hand_0000233_jpg.rf.7797a0284ab39f06a6bc5905940ca98a.jpg,1,0,1,1,0,1
Hand_0002988_jpg.rf.98cf2b0578c305fff8f49b172769e3a1.jpg,0,0,1,1,0,1
Hand_0005870_jpg.rf.ca456d3511fb4d125f12b5d4b5b22fe8.jpg,1,1,0,1,1,0
Hand_0005116_jpg.rf.03a893847f3efe24d8898bc8d756f1c7.jpg,1,1,1,1,1,1
Hand_0005100_jpg.rf.1122437cd5426a857152a8afb2d4f152.jpg,1,1,0,1,1,1
Hand_0005120_jpg.rf.265691c9307dcd5003c9d1cf90f8b162.jpg,1,0,1,0,1,0
Hand_0005099_jpg.rf.041a41b42923a729e90739652fc30015.jpg,0,1,1,1,1,1
Hand_0002992_jpg.rf.1c57c68c1ff0cb7152cadfb4000b762f.jpg,1,1,1,1,0,1
Hand_0005120_jpg.rf.9076fd1582bfc519482ab5ca5f09e972.jpg,1,0,0,1,1,0
Hand_0005097_jpg.rf.9dc149002e0f3177f1631a43e9e31ba4.jpg,0,0,0,1,0,0
Hand_0005099_jpg.rf.9e77fecf513e04896972531d5baf6225.jpg,1,1,1,1,0,1
Hand_0005118_jpg.rf.f3c8bee59011bf1936d876ae42f20592.jpg,1,0,1,0,1,0
Hand_0005100_jpg.rf.fb2071fc37b7d8611032e63f05f49182.jpg,0,1,0,0,1,0
Hand_0005951_jpg.rf.315cb3d77bb9e88629e346d28182829f.jpg,1,0,1,1,1,1
Hand_0005116_jpg.rf.7ef7adb5b8269486b0f983d5634790c2.jpg,1,1,0,1,0,1
Hand_0005950_jpg.rf.2998c14e6cde116b516183fa83f7bf01.jpg,1,1,0,1,0,1
Hand_0005119_jpg.rf.aeed71d6680578728a13a67e939d84f6.jpg,1,0,1,0,0,0
Hand_0005949_jpg.rf.9d3d46b6b76e7cd89707606ee28f9fcc.jpg,1,1,0,1,1,0
Hand_0005951_jpg.rf.940d13d63df72f8e54bc53cc0c52b3f3.jpg,1,0,1,0,0,1
Hand_0005118_jpg.rf.b5faef19215d7868378a70f3e306f49a.jpg,1,1,0,0,0,0
Hand_0005950_jpg.rf.a21d3c28e4a71774fa02a4b6df1e01ab.jpg,1,1,0,1,1,1
Hand_0005952_jpg.rf.d0252afd3b52a79bd94db7092c26751b.jpg,1,1,0,0,0,0
Hand_0005097_jpg.rf.2661e7c72771e0337154bce98aa9cf88.jpg,1,0,1,0,1,1
Hand_0005151_jpg.rf.9e410f68650fc638c09e6e4aff2d881f.jpg,1,0,1,1,1,1
Hand_0005954_jpg.rf.c16be313e722a54c48af797316b0edad.jpg,1,1,1,1,0,1
Hand_0003063_jpg.rf.00f9204ed4255eb8b06f1e788127deed.jpg,1,1,1,0,1,0
Hand_0005099_jpg.rf.d9897c722e80cf3da1c9362576233fe4.jpg,0,1,1,0,1,1
Hand_0005151_jpg.rf.563e33d87fc7a35b47a301b5ab7c0d39.jpg,1,0,1,1,1,1
Hand_0005949_jpg.rf.a968992fb0f565605560bc70164afb0c.jpg,1,1,1,0,0,0
Hand_0005950_jpg.rf.9241674bcc4d0adad863c7706433638e.jpg,0,1,1,1,1,1
Hand_0005949_jpg.rf.ae8cb429288e5a9239deb70f20330eca.jpg,0,1,1,1,0,1
Hand_0003015_jpg.rf.2f0772e4416942bacd2da182a0f4d7fd.jpg,0,0,1,1,0,1
Hand_0005960_jpg.rf.76945a36a33d7f8a8f9b108f805eef38.jpg,1,0,1,0,1,0
Hand_0005100_jpg.rf.e64a65935f135da0bfc2adad4beb4017.jpg,1,1,1,1,0,1
Hand_0003010_jpg.rf.4a705c443d7a03b48be5460e13704b00.jpg,0,1,0,1,0,1
Hand_0005960_jpg.rf.bbe18106eca1f16269369ebae8ec4876.jpg,1,1,0,0,0,0
Hand_0005951_jpg.rf.62c09915fbb38d434c78f93a5920b1e9.jpg,1,1,1,0,1,0
Hand_0003010_jpg.rf.928c0e146a5bbab8e113324e6e5c343b.jpg,1,0,1,0,1,1
Hand_0003015_jpg.rf.80d0d71acd053791667de749a7f99ade.jpg,0,1,1,0,0,0
Hand_0003010_jpg.rf.70ec09899a877c9c8c87833f9382b235.jpg,1,1,1,1,1,1
Hand_0005954_jpg.rf.ded8f1d632625c56770a36daa4066afe.jpg,1,1,0,1,0,1
Hand_0005953_jpg.rf.b0cf5af5b311c80a5767189fe4cd5a85.jpg,1,1,1,1,1,0
Hand_0003063_jpg.rf.1a650f99a2f205e055ff266fe254e27b.jpg,1,1,1,0,1,0
Hand_0003065_jpg.rf.970a0b15817a2107ea3a7a154ea42671.jpg,1,1,0,1,0,0
Hand_0005120_jpg.rf.b3e0d88ae6234e4df35366e3ead9ce50.jpg,1,1,1,1,1,0
Hand_0005954_jpg.rf.4cef9c7c51ac136242325f0c5e2a5d5e.jpg,1,0,1,1,0,1
Hand_0003065_jpg.rf.aa02dc139100697f3d88999cc21c983f.jpg,0,1,0,1,1,0
Hand_0003063_jpg.rf.2cada24e998be506b8d7324a4343ad5f.jpg,0,1,1,0,1,1
Hand_0003009_jpg.rf.f1cf0f4c41815f4bc28fe82d8a669eda.jpg,0,0,0,1,1,1
Hand_0005116_jpg.rf.3cb81d109c27dada919cfed395480f2d.jpg,1,0,0,1,1,1
Hand_0003015_jpg.rf.4c3724b7aef58cde0d023a129fb7d920.jpg,1,0,1,1,0,1
Hand_0003064_jpg.rf.5475ebc8524146cc3ad1facd04d4efe5.jpg,1,0,0,0,0,0
Hand_0003066_jpg.rf.f0cc0044c158e6fd26b62d1791a454e9.jpg,0,1,0,0,0,0
Hand_0005925_jpg.rf.03e268e2c3a30d2aeb410d129320ecb0.jpg,0,0,0,1,0,0
Hand_0003065_jpg.rf.37509a77842c7e147095f0e3af0fe4c0.jpg,0,1,1,0,0,0
Hand_0003064_jpg.rf.84cfc3db3453d54c40224cc069866c59.jpg,1,0,0,1,0,0
Hand_0005947_jpg.rf.0b242e4a98b5f60d76b1d977aae0abf1.jpg,1,1,0,1,0,1
Hand_0003067_jpg.rf.4392cfe7e0048f906f77054c42457615.jpg,1,0,1,1,0,1
Hand_0003081_jpg.rf.335979ac6d6db3bfe64ea78ee356670e.jpg,1,0,0,1,1,0
Hand_0005923_jpg.rf.5c50b541eab869187502c1d119f66c29.jpg,1,1,1,1,1,1
Hand_0005948_jpg.rf.8816c4239be9835c0ae078a7a9b88924.jpg,1,1,1,0,0,1
Hand_0001742_jpg.rf.8fdb091ab4b975d321c86688904071f3.jpg,0,0,0,1,1,1
Hand_0005923_jpg.rf.a9c986a29fcb90a34a2a93956031a925.jpg,1,0,1,1,1,1
Hand_0005925_jpg.rf.4bbc25fa78704c323728fbe17a1e6e15.jpg,1,1,1,1,0,0
Hand_0001730_jpg.rf.b49a568cdf1e80f19f86fb9aa938af91.jpg,1,1,1,1,0,0
Hand_0005947_jpg.rf.8b63bf38d14ba65ca279da149a2e6c55.jpg,1,1,0,1,1,1
Hand_0005925_jpg.rf.a4964eb779051a8df3340e58583e531a.jpg,0,1,1,1,0,1
Hand_0005947_jpg.rf.b55bd5c0a0bc2c4c972dd80d09591143.jpg,0,1,0,1,0,0
Hand_0005922_jpg.rf.fe4f687cc75bac4bd430146fa0dd31c5.jpg,0,0,1,1,1,1
Hand_0003067_jpg.rf.cd416b6370e8e88ebca69da132d8a8ca.jpg,1,1,1,1,1,1
Hand_0005924_jpg.rf.9ae128f31cd7663293799ab9bc0093cc.jpg,1,1,0,1,1,0
Hand_0003084_jpg.rf.31d0928a7a586768c4826cd75526d37f.jpg,1,1,1,1,1,1
Hand_0005923_jpg.rf.b6881a6bd97f6e36e8bb97a5aa945ed3.jpg,1,1,1,1,0,0
Hand_0005093_jpg.rf.4b575f2f5e6a43cd9211df766ca75c3a.jpg,1,1,1,1,1,1
Hand_0003086_jpg.rf.4c25e9871db50ccceab9349de3711ef1.jpg,0,1,0,0,1,1
Hand_0003101_jpg.rf.4d8ebed2c621a60f432413c4afa98936.jpg,0,1,1,1,1,1
Hand_0003082_jpg.rf.cceb7e4e3b72a53b5b18a25e3c9e0921.jpg,1,1,0,0,1,0
Hand_0000439_jpg.rf.4fdfaae60aba4b130b1891771a2137b3.jpg,1,0,0,0,1,1
Hand_0000450_jpg.rf.8c084b6011c42b419b11f535f2902125.jpg,1,0,1,1,0,1
Hand_0003102_jpg.rf.0fbdec1176be8b05a4daeaf432e4a7c4.jpg,1,1,0,1,1,0
Hand_0003086_jpg.rf.4523161527b2f6067bcd418e5fd0c84d.jpg,1,1,1,0,0,0
Hand_0005924_jpg.rf.644a73f99163552c3498ec19936b4a8c.jpg,1,0,0,1,0,0
Hand_0003100_jpg.rf.309a591d5be58ec36057857f8ed19e0e.jpg,1,1,1,1,1,1
Hand_0000449_jpg.rf.c3a325b756ed1d02d625191b0d2c3e99.jpg,1,1,0,1,1,0
Hand_0000295_jpg.rf.df3fea1a06c99813e2f80e5be9f1c026.jpg,1,1,1,0,1,1
Hand_0003082_jpg.rf.ef6c687d0aad6ba4f31cb2146ca4a9a1.jpg,1,1,0,1,1,0
Hand_0003101_jpg.rf.7768341cc0ee187c63b5300143a10e38.jpg,1,1,0,1,1,1
Hand_0005922_jpg.rf.1af81c26311e6e383a22f35fa692a27f.jpg,1,1,0,1,1,0
Hand_0005881_jpg.rf.210374c66fbfc2fd98b98ab27de75698.jpg,0,1,1,1,1,1
Hand_0005920_jpg.rf.328f863833b32798cf06587241de0b7c.jpg,0,1,1,1,1,1
Hand_0000329_jpg.rf.189c8e90dd6bf0c1ce269c32dc29973f.jpg,1,1,1,1,0,1
Hand_0005164_jpg.rf.422f6bbd3e725490f71ea9009561c5db.jpg,1,0,1,1,1,0
Hand_0005095_jpg.rf.ffdaefa9d7a3214774f64e04d08994c9.jpg,0,1,0,1,1,0
Hand_0000293_jpg.rf.da7d250a53abfdd709cb063476304a09.jpg,1,0,1,1,1,1
Hand_0003084_jpg.rf.a4344ad009b8c3f00c83aff219e889ee.jpg,1,1,1,0,0,1
Hand_0005921_jpg.rf.5ecd2eae91c8f579d6d6602d07171aca.jpg,1,1,1,1,0,1
Hand_0000321_jpg.rf.79e0f8d70d6ab07f34d53ae8edda4f4b.jpg,1,0,0,1,1,0
Hand_0005918_jpg.rf.111bc10dfb05f4824112a11339b25b8f.jpg,0,1,0,1,1,0
Hand_0005918_jpg.rf.66f44fb94dcd366d244acafeba923681.jpg,1,1,1,1,1,0
Hand_0003085_jpg.rf.817abbae8a5a1c9a9800f6f1bc76a38d.jpg,1,1,1,0,1,1
Hand_0005154_jpg.rf.88d4dbb8ecc28087a2e72798361b4b47.jpg,0,0,0,1,0,1
Hand_0005921_jpg.rf.9bc3c63a2d5f54c09c57d772ed91b193.jpg,1,1,1,1,0,0
Hand_0003084_jpg.rf.fd10aaece2f456c26e04832f37af80e4.jpg,1,0,0,1,0,0
Hand_0003083_jpg.rf.dbd4c3ccf738a0421c75a7dffb9da842.jpg,0,0,0,1,0,1
Hand_0003100_jpg.rf.e61ed97c46005d3d22495fa90d88c859.jpg,1,0,1,1,0,1
Hand_0005922_jpg.rf.d8f6c3e5131b04ffaac237d244d9841b.jpg,1,0,1,1,1,1
Hand_0005882_jpg.rf.e021eb4ebb6faf14984f00564cfeb812.jpg,1,0,1,0,0,1
Hand_0000329_jpg.rf.e7898161e4fe985c12aa0fb32f1695bc.jpg,1,1,1,1,1,0
Hand_0005882_jpg.rf.de788ac93ee2aa0a0e7b0164b6f2e94c.jpg,1,1,1,1,1,1
Hand_0003100_jpg.rf.a4831622baf471874194964d39eae68b.jpg,1,1,1,1,1,0
Hand_0005918_jpg.rf.391131edd165811c1a3fba2b98a6add7.jpg,0,0,1,0,0,1
Hand_0005882_jpg.rf.3e2f02c793b3e20c5e8cf308e3d3779a.jpg,0,1,1,1,1,1
Hand_0000426_jpg.rf.4295bf7d601287f1a0bba9c384941168.jpg,1,0,0,0,1,1
Hand_0003102_jpg.rf.d23528b8be4f9dc370006f1f390aa673.jpg,0,1,1,0,0,1
Hand_0003135_jpg.rf.45124afaa2e5fa76f9dc30bc12d719ca.jpg,1,1,0,1,0,1
Hand_0005165_jpg.rf.ac12254839f0dd4dccb09ee86380dfc4.jpg,1,1,0,1,0,1
Hand_0001670_jpg.rf.55f64de4abdd4c91701cd2772f6e6636.jpg,1,1,1,1,0,1
Hand_0000281_jpg.rf.07d8e079ee00c621e107fb37153594de.jpg,1,1,1,0,1,1
Hand_0000425_jpg.rf.8c32001b349c5780341c0ec9c159df90.jpg,1,1,0,1,0,0
Hand_0000425_jpg.rf.38903d66b810c1be9e952497a161d6cd.jpg,1,1,0,0,0,0
Hand_0000422_jpg.rf.88c803bc9708e4492b8ef6961d1d2ec7.jpg,0,0,1,1,1,0
Hand_0001709_jpg.rf.b44b98d2fdac3dadc7ea3b846a798347.jpg,1,1,0,1,1,1
Hand_0005881_jpg.rf.fbdd7cda4f3a9b0b7d1c64cba8738981.jpg,1,1,0,0,1,0
Hand_0000426_jpg.rf.b3dca76dc5528855d4d0e80a5f3c648d.jpg,0,1,0,1,1,1
Hand_0005875_jpg.rf.15c93b75608c5ff9a5d2d9d85591ca3a.jpg,0,1,1,1,0,1
Hand_0005881_jpg.rf.d40d3cae768a06eec6f3aeb160c49e84.jpg,1,0,0,1,0,1
Hand_0000425_jpg.rf.cbda5fbd58b265de79d3cabd52f94e4c.jpg,1,1,0,1,1,1
Hand_0000271_jpg.rf.ef4adbfc147f545eec87a7515d0074ac.jpg,1,0,1,1,1,1
Hand_0005875_jpg.rf.3105fe757bcfaa7d68485e821a6e8cd1.jpg,0,0,1,1,0,0
Hand_0003101_jpg.rf.faa3fde541452849757867cb23b7fcdc.jpg,1,1,0,1,0,1
Hand_0000423_jpg.rf.33098d855ea7ccbd110dab8929521796.jpg,0,1,1,1,1,0
FIMG_0029_JPG_jpg.rf.f505fb639501794e1090b60c82f51238.jpg,0,0,1,1,0,1
Hand_0000422_jpg.rf.28178787b7a802921bf16f40e5f1e7c7.jpg,1,0,0,1,0,1
Hand_0000293_jpg.rf.18e01c61b511debfaa99d389bfc6dcb6.jpg,1,0,1,1,0,0
Hand_0000292_jpg.rf.10e3254c35155fb93ae8b1e8f35ba5d9.jpg,1,1,1,1,0,0
Hand_0005874_jpg.rf.d03b0a0dbdb69cc67ff55658072a0062.jpg,0,0,0,1,1,1
Hand_0000423_jpg.rf.f10f935a503be15b0e0266010b1d22dc.jpg,0,1,1,1,0,1
Hand_0000424_jpg.rf.94f5fc3244e3b5a2265b7c7a72f8e980.jpg,1,1,0,1,0,1
Hand_0000284_jpg.rf.521ac8e3e5fe49292f8879e136e39399.jpg,1,0,1,1,0,0
Hand_0000285_jpg.rf.3760fbe05f25c61c997acc748cedc353.jpg,1,0,1,1,0,0
FIMG_0030_JPG_jpg.rf.c1d30680e35a233c2812e705f8fbcb4d.jpg,0,0,1,0,1,0
Hand_0000282_jpg.rf.578fa75f29d2ccd7848ea57719fb29b4.jpg,1,0,0,1,1,1
Hand_0000283_jpg.rf.4444381b508a2ee3193acfdae011a7b3.jpg,0,1,0,1,1,0
Hand_0000426_jpg.rf.ab9e4ca313a326e0d7f3723ea3800849.jpg,1,1,0,1,0,1
Hand_0000291_jpg.rf.73cba95b39a301cbafa9f14acce7e114.jpg,1,1,0,0,1,0
Hand_0000292_jpg.rf.958f3a132a7e5192a9428fb6a1dfe90d.jpg,0,1,1,1,1,1
Hand_0000282_jpg.rf.3bb7cebe1f8e847c25a8099011a846ed.jpg,1,1,1,1,1,1
Hand_0000271_jpg.rf.d7e554df2a2d9cd8a502c6ca677a2fc1.jpg,1,1,0,0,1,0
Hand_0000422_jpg.rf.dcad0bb8ad07c6c0b47d4e59fabe5152.jpg,1,1,0,1,0,0
Hand_0000283_jpg.rf.b8c9f5be1bce35854a34b012a28ffc27.jpg,1,0,0,1,1,1
Hand_0000291_jpg.rf.bfeaa7a784e1d8ae17d394d85f804800.jpg,0,1,1,0,0,1
Hand_0000291_jpg.rf.4d597c22ef4bea1fa05a4f1d1d12b5e9.jpg,1,0,0,0,1,0
Hand_0000282_jpg.rf.b7a0556ef3b5da9177d96529fa86658a.jpg,0,1,1,0,0,1
Hand_0000285_jpg.rf.c5f13e2c3c5c3135b9290d0b73d33320.jpg,1,1,1,1,1,0
Hand_0000424_jpg.rf.9fec675d672d9a05bb42993d7a11a3bf.jpg,0,0,0,0,1,1
Hand_0000284_jpg.rf.5de6ed7bc4035f9ff2cb8b5a085830f9.jpg,1,1,1,0,0,0
Hand_0001639_jpg.rf.2b3556cf2ecdb50a4255b6f93626301c.jpg,1,0,0,1,0,1
Hand_0001639_jpg.rf.6f8698551638bd796103f8a6c9dcacc5.jpg,1,1,1,1,0,1
Hand_0003007_jpg.rf.4901a6f0dc3f24a871f986f3c46b40d6.jpg,0,1,0,1,0,0
Hand_0001637_jpg.rf.0fcfb6a551e1eccbcf5c61fb91e3c3a5.jpg,0,1,0,1,1,0
Hand_0001637_jpg.rf.b0bff757cd7f7a1a44a5d9c6de33669d.jpg,1,0,1,1,0,1
Hand_0001641_jpg.rf.a08c9bd7d56a38871d19e1daebfb83cd.jpg,1,1,0,1,1,0
Hand_0001641_jpg.rf.53716e29b22dec57c405e59d0e157633.jpg,1,0,0,0,1,0
Hand_0002992_jpg.rf.01f710dcdd344a2932b7a9087d3c2611.jpg,1,1,1,1,0,0
Hand_0001640_jpg.rf.b47110b307cac4f28c6fe33b7bb5716e.jpg,1,1,1,1,1,1
Hand_0001640_jpg.rf.abd2897336b019dfa2afc4492c4d4ece.jpg,0,0,0,1,1,0
Hand_0005872_jpg.rf.61f8afce6284cfcb79aaeb178eace365.jpg,1,1,1,1,0,1
Hand_0001638_jpg.rf.737a5b550c0c2edff27b2094904fabe3.jpg,1,1,1,0,0,1
Hand_0001637_jpg.rf.7e58ea16bcc82a1fba297bdc87435a4c.jpg,1,1,0,0,0,1
Hand_0005871_jpg.rf.ccaa2266441b32d09d1ab77882897c24.jpg,1,0,0,1,1,1
Hand_0001638_jpg.rf.dd6db0ae424bee3a655e8fd78ec149cc.jpg,1,1,1,0,1,0
FIMG_0017_JPG_jpg.rf.c7953ed7d7c1cf57d53ca57c09fd4ad2.jpg,0,1,1,1,0,0
Hand_0002990_jpg.rf.ec6eee23642e378b5d3a81a896d41158.jpg,1,1,1,1,1,0
Hand_0000437_jpg.rf.bbacfb0bd5c4aab337364fe2c51fae02.jpg,0,0,1,1,1,1
Hand_0001639_jpg.rf.fd2c1528094708b3e3cad518b4618a67.jpg,1,0,1,1,1,1
Hand_0003135_jpg.rf.a1b1e2c90c3e06e01d198936852f6cc5.jpg,1,1,0,1,0,1
Hand_0001640_jpg.rf.da34314274c9fd1f65f55c2644154ddd.jpg,1,0,1,1,1,0
Hand_0000292_jpg.rf.fe100fcc26e4764a22d102ff19fd481e.jpg,0,0,0,1,0,0
Hand_0002989_jpg.rf.e1a1b486bf6470cadb8f87cc40ba3942.jpg,1,0,0,1,1,1
Hand_0005924_jpg.rf.157f0a7fbc11c0e60600d0be8bafb458.jpg,1,1,0,0,0,0
Hand_0001728_jpg.rf.739f1ce129c69ac2ea2ca602487e2b7b.jpg,0,1,1,1,1,1
Hand_0001782_jpg.rf.08354bd7de8a3183b8478eceeea21dc9.jpg,0,1,0,0,1,0
FIMG_0023_JPG_jpg.rf.c4bb4e40162018a3b4e3ca80e054ae26.jpg,0,1,0,1,1,0
Hand_0005952_jpg.rf.47dffb3d8ef43eee63b08433a7a2eed9.jpg,0,0,1,1,1,0
Hand_0000284_jpg.rf.d0b569580f7d16e70de95e209e2c740c.jpg,0,0,1,1,1,0
Hand_0005952_jpg.rf.89b9d04b7eb6a0fbc360480df72a00d8.jpg,0,0,0,1,0,1
Hand_0001783_jpg.rf.896f381632e20e0e1d82481d9a6544e7.jpg,1,1,0,1,0,1
Hand_0001783_jpg.rf.5572a15686c4daa478254f5b77fc8f3d.jpg,1,1,1,1,1,1
Hand_0001710_jpg.rf.b65bfe505a4aa08c215a5922e02d536f.jpg,1,1,1,1,1,1
Hand_0001784_jpg.rf.a807aa8ed23e67a41a6beaa2819530e6.jpg,0,1,1,1,0,1
Hand_0001742_jpg.rf.0515aa064e59b664640f980971b2436b.jpg,1,1,0,1,1,1
Hand_0001755_jpg.rf.a9ba16702bbef294e5a77ba7b41f28bf.jpg,1,1,1,1,0,0
Hand_0001755_jpg.rf.3b6bde37a5ce7add072a11ea2b6b733e.jpg,1,0,1,0,1,0
FIMG_0003_JPG_jpg.rf.ba80504eaaf57113a0ee7797dfcfe421.jpg,1,1,1,1,0,0
Hand_0001652_jpg.rf.227044a1ff537aee219867b695483ead.jpg,1,0,1,1,0,0
Hand_0001638_jpg.rf.f9ac52ec5c0f5bdd98bf9f32cdd71b9a.jpg,1,1,1,0,1,0
Hand_0001755_jpg.rf.ba4e85b5e5a80f0357248f53b52013c2.jpg,1,1,1,1,1,1
Hand_0001783_jpg.rf.8cf79b89a17285053f37c0e26fbbab47.jpg,1,1,0,0,1,1
Hand_0001782_jpg.rf.e20a2853013d2296667673f70d5037bb.jpg,1,0,1,1,0,1
Hand_0001650_jpg.rf.1067c813d2697b9778c4546686778ac4.jpg,0,0,0,1,1,0
Hand_0001650_jpg.rf.28413ce78a9d805fde192f0baac085de.jpg,1,1,1,0,1,1
Hand_0000439_jpg.rf.146385d140f993c9e677b022e359964f.jpg,1,1,0,1,1,0
Hand_0001781_jpg.rf.8b6c816ba4df9851f0c3a02e0509c308.jpg,1,1,0,1,1,1
Hand_0001781_jpg.rf.e8df3ce7ea4f4e99bf4aa7f9d8f439f8.jpg,1,1,1,1,1,1
Hand_0000441_jpg.rf.1e2f459ef32d35bccefbe27cb085395d.jpg,1,1,0,1,1,0
Hand_0003064_jpg.rf.91467062e91234d1ae75cf3d5f457fff.jpg,1,1,0,1,0,0
Hand_0001652_jpg.rf.099b301d57cc552162a975895007f683.jpg,1,0,1,1,1,1
Hand_0001782_jpg.rf.a579ea3af1ea30f797ca1e558a48a4ca.jpg,1,0,1,1,1,0
Hand_0000440_jpg.rf.2d8db03afd678b27dc161ea16667c0dc.jpg,0,1,1,0,0,1
Hand_0005948_jpg.rf.62e2202238a58e3a8b4059e43ef2472f.jpg,1,1,1,1,1,1
Hand_0001784_jpg.rf.baba41bab03e5989b0af6510f7370bf8.jpg,1,1,1,1,0,0
Hand_0001730_jpg.rf.f8939683865ccdbf4889857288e377f3.jpg,1,1,0,1,1,1
Hand_0000441_jpg.rf.b243fe8da6fad73a0d4e42986359a2ab.jpg,1,1,1,1,1,1
Hand_0000442_jpg.rf.62525aae6d96b391176412c746708607.jpg,0,1,1,1,0,1
Hand_0001650_jpg.rf.693dcabaa94d0cd0e1b9aa490d6f4dae.jpg,1,0,1,1,1,0
Hand_0000442_jpg.rf.fa10239729ec34af2a1141839b03c289.jpg,1,1,1,0,1,0
Hand_0000449_jpg.rf.f7a1995d04d3d8876fdc12496b5e3bc5.jpg,1,0,0,1,1,0
Hand_0000441_jpg.rf.ea7e3d6d3e28422a8c542f305edb4b7d.jpg,1,1,1,1,1,1
Hand_0000321_jpg.rf.35fb6cf06e4e8c49cd9ff130c39f41ff.jpg,0,1,0,1,0,1
Hand_0000321_jpg.rf.21a9799533bb5be6c051abb3fb5ea584.jpg,1,0,0,1,0,0
Hand_0005231_jpg.rf.1d1ea7237c9b1bf7a21758d14e3bee19.jpg,1,1,1,0,0,1
Hand_0001742_jpg.rf.90624d2c4776194dd0e044589d37dbb2.jpg,1,1,1,0,0,1
Hand_0001781_jpg.rf.83b84717699c9e07bc9b9649cd46343f.jpg,1,0,0,0,0,0
Hand_0000330_jpg.rf.66d1eb1369278cab4315befac4fa3c09.jpg,1,1,1,1,0,0
Hand_0000440_jpg.rf.7621c9bfd1fc812fda9945ea68e9ffd0.jpg,1,1,1,0,0,1
Hand_0000330_jpg.rf.7373469a1cc8fbc192e3fbb43b92b307.jpg,1,1,1,0,0,0
Hand_0000387_jpg.rf.825c24b73a4b0121e38929e6c90fdbea.jpg,0,1,0,0,1,1
Hand_0000386_jpg.rf.56e28df18c1a1a0ec6f0881c87eafe70.jpg,0,0,0,0,1,1
Hand_0000440_jpg.rf.5a548fae1a345a078a345d681e5b0062.jpg,1,1,1,1,1,1
Hand_0005919_jpg.rf.0b5e4dfceacdc7410cfad45c8e38f257.jpg,1,0,0,1,0,0
Hand_0001784_jpg.rf.cd83bc87be2c8a7d6c2bd081cf87167d.jpg,0,1,0,0,1,0
Hand_0003085_jpg.rf.82a782f1b7b6b7439e0285b9c3e03950.jpg,1,0,1,1,1,1
Hand_0000332_jpg.rf.ad1d400a231174fc0218b0f078000520.jpg,0,1,1,1,0,1
Hand_0005919_jpg.rf.d31c3193e22ecdda4a9b66ffa69ff091.jpg,0,1,0,1,0,1
Hand_0000442_jpg.rf.a28ff76c38d3252574ffc71c5b5b30af.jpg,0,1,0,0,1,1
Hand_0003083_jpg.rf.4fcb247b604d8e0f2efd70b45af9268e.jpg,0,0,0,0,1,1
Hand_0003085_jpg.rf.6314dad3d9de73c8bf6c4b8f8707594f.jpg,1,1,1,0,0,1
Hand_0000332_jpg.rf.6b1c2cc7b39583156b9129dac583875c.jpg,1,1,0,1,1,0
Hand_0000387_jpg.rf.ee473fcb4f6c8f3a3dadb25fa0955bb1.jpg,1,1,0,0,1,0
Hand_0000387_jpg.rf.da85d84165e41de99f6f645bae46741a.jpg,0,0,0,1,1,1
Hand_0005919_jpg.rf.e156d97a021baf515e2119cd65963400.jpg,1,1,1,0,0,0
Hand_0000450_jpg.rf.fc1e829ba36395d88d1d0929239e358a.jpg,1,1,1,1,0,0
Hand_0000332_jpg.rf.d2ed54a1458d85b2465aea8a270c2199.jpg,0,1,1,1,1,0
Hand_0000293_jpg.rf.254e21a87284c120e55f783e0713e900.jpg,1,0,1,0,1,0
Hand_0000386_jpg.rf.77a433309893eda598d775f4d637e89a.jpg,1,1,1,1,0,1
Hand_0000295_jpg.rf.853ca2dca193e55eb7bfdbf7b745c61f.jpg,1,1,1,0,1,1
Hand_0000315_jpg.rf.56102dd345f1940f9ed25bd51767a2f9.jpg,1,1,1,1,1,0
Hand_0000329_jpg.rf.f57db372880bfc3f990c65fc03ef8a88.jpg,1,0,1,0,1,1
Hand_0000295_jpg.rf.15059baa0190b8a4e72f93aeebe72584.jpg,1,1,0,1,1,0
Hand_0000315_jpg.rf.857146352c07960c22fd2c68f5582ea9.jpg,1,0,1,1,1,1
Hand_0000386_jpg.rf.bf9578ad649ccd6ec8a852595c761b9b.jpg,1,0,1,1,1,0
Hand_0000320_jpg.rf.51a6186007018b65b8f7b0916af2eeee.jpg,1,1,1,1,1,1
Hand_0000319_jpg.rf.18e43ffabbbae871f3486955657853b9.jpg,0,0,1,1,1,1
Hand_0000315_jpg.rf.d41520846025e5487d52ec19c78ec6d8.jpg,1,0,0,0,1,0
Hand_0000317_jpg.rf.959d08670844d12024fb8860ee158cd0.jpg,1,1,1,1,0,1
Hand_0000317_jpg.rf.bab168ea30719aecf378e3e088abb7fc.jpg,1,0,0,1,0,1
Hand_0000316_jpg.rf.d6275ac386f830fdfb58bdcd0ffd2c96.jpg,1,1,0,0,0,0
Hand_0000316_jpg.rf.3fa9e87d6ad3fb28bba1c9a6c1f63faf.jpg,1,1,1,1,1,1
Hand_0000317_jpg.rf.da95fcfc21b615898f47ca3ae74080e6.jpg,0,1,1,1,1,0
Hand_0001813_jpg.rf.2f5344192d9ff25190b57201656125d6.jpg,1,1,1,1,0,1
Hand_0001670_jpg.rf.5481f26bd2b4820d723743fba6192272.jpg,1,1,0,1,1,1
Hand_0000316_jpg.rf.4906327d031027d4b171f4d623315c26.jpg,1,0,1,1,0,0
Hand_0001812_jpg.rf.0d0b574aeb10b08a08f4659c788f9c31.jpg,0,0,1,1,1,0
Hand_0001671_jpg.rf.5a7af0ef7762bff940993ff4459b661d.jpg,1,0,0,1,1,0
Hand_0001671_jpg.rf.383e3d0affcf1f7da9cb29a0371f6b5f.jpg,1,0,1,1,0,0
Hand_0001654_jpg.rf.bcad8c7af39d1fa7402fe066f5f98e1c.jpg,0,0,1,0,0,1
Hand_0000423_jpg.rf.ab9f684154666f992450e9b3e4e32866.jpg,1,0,0,1,0,1
Hand_0001658_jpg.rf.d2ac39a698b3f75fcd594598dd0f05d8.jpg,1,0,1,0,1,0
FIMG_0026_JPG_jpg.rf.30594949400e91465c580c0a0c227341.jpg,0,1,0,0,0,1
FIMG_0026_JPG_jpg.rf.2020faef8d185f555dbaa9236a9cf243.jpg,1,1,0,1,1,0
Hand_0001655_jpg.rf.e15aa6bf16970fcce225ccc3b583dc58.jpg,0,0,0,1,0,1
Hand_0000320_jpg.rf.37f9caf5912f5da5dd9a6f441848b6a9.jpg,1,1,1,1,0,0
Hand_0005302_jpg.rf.62701d7a9294c22dd4504ab5d03669a7.jpg,0,1,1,0,1,1
FIMG_0025_JPG_jpg.rf.65d37244f25323023c3ccfd88c925140.jpg,1,1,0,1,1,0
Hand_0000424_jpg.rf.d6ed5b6ed6dbdf58b8ccbc13ecd4c9a5.jpg,1,1,0,1,1,1
FIMG_0031_JPG_jpg.rf.3629c0333d142cac3ab1b64af5d92223.jpg,1,1,1,1,0,1
Hand_0001655_jpg.rf.150f31ca5cf4b378fe65046af33b6018.jpg,1,0,1,0,0,0
FIMG_0027_JPG_jpg.rf.aa4bde344ae21ace761dbf2191e68513.jpg,0,0,1,1,1,1
Hand_0001672_jpg.rf.0fd151c5d1fa3ae61e7ea9134af1e6cc.jpg,0,0,1,1,0,0
FIMG_0025_JPG_jpg.rf.a6a1ba5c001f4d15205e7afa14e27e5f.jpg,1,1,1,0,1,0
FIMG_0028_JPG_jpg.rf.9ad01fda9cedf1dd066f026cdd2d5538.jpg,1,0,1,1,1,1
Hand_0001671_jpg.rf.7869678407ac4881bb0be67eaf24b98e.jpg,1,0,1,1,1,1
Hand_0005302_jpg.rf.d8e600b79fb51763d7fbd587045dd167.jpg,0,0,0,1,1,1
FIMG_0026_JPG_jpg.rf.c30aa1409d164df2954283cb70ec0a7d.jpg,1,1,1,1,1,0
FIMG_0030_JPG_jpg.rf.37a94e8f11189e8c9b70a0d7aa2a30c3.jpg,0,1,0,1,1,1
FIMG_0027_JPG_jpg.rf.d1062f4f5c89f03f77d4bca09903ce4a.jpg,1,1,1,1,0,0
Hand_0001655_jpg.rf.48bee655deed2a6fdcd81b15502327da.jpg,1,0,1,1,1,1
Hand_0001654_jpg.rf.c6ee9547b2df29f9b9424d4243aeffb8.jpg,1,0,1,1,1,0
FIMG_0027_JPG_jpg.rf.d7d33e8061ae61329257a3176d25e0e0.jpg,1,1,1,1,1,1
FIMG_0028_JPG_jpg.rf.f9a3040d7723ece42657c3cd13e8d065.jpg,1,0,0,0,1,0
FIMG_0031_JPG_jpg.rf.0ae804b20221eb617e1e7cc33e720d24.jpg,1,1,0,0,1,0
Hand_0001672_jpg.rf.0c66d762f3fd6bdce248e6605e19c0ea.jpg,1,1,1,0,0,0
FIMG_0021_JPG_jpg.rf.378bf67592bc506a1de1af0433e61e51.jpg,1,1,1,1,0,0
FIMG_0029_JPG_jpg.rf.c75d3e897b69e8a57ae908273bc0fe37.jpg,1,1,1,1,0,1
FIMG_0020_JPG_jpg.rf.3f590b4c538c70b85a0387a75754a087.jpg,1,1,1,1,1,1
Hand_0001709_jpg.rf.79fe57db717612d69b1a785cb3f4baec.jpg,0,1,1,1,1,1
FIMG_0018_JPG_jpg.rf.50f637a5ce0c9cf7a9be3759a4dcd5e9.jpg,1,1,1,1,0,1
FIMG_0021_JPG_jpg.rf.591615bc75d58fe2870e24ae616d885e.jpg,1,1,0,1,1,0
FIMG_0028_JPG_jpg.rf.4423988fc7bf342f6290bcb71aeba56b.jpg,0,1,0,1,1,1
FIMG_0022_JPG_jpg.rf.52485507cf9d1039bdf7e83da37b9ed0.jpg,0,0,1,1,0,1
FIMG_0019_JPG_jpg.rf.7529f1aaebdf35356bd1fd06834a7067.jpg,1,1,0,1,0,1
Hand_0001709_jpg.rf.b71d9b35cd278fae8343d9611dcd042a.jpg,0,0,0,0,0,0
Hand_0001830_jpg.rf.56d9ab1d3b52e531a4751307a3b75af8.jpg,1,0,1,0,1,0
FIMG_0020_JPG_jpg.rf.761de82a761f154985d221d0ce5ab33b.jpg,1,1,0,1,1,0
FIMG_0010_JPG_jpg.rf.78a49c6d84536972d10175d7c6f47117.jpg,0,1,1,1,1,1
FIMG_0021_JPG_jpg.rf.37767edae69b17f36cb721081028568a.jpg,0,1,1,1,1,1
FIMG_0030_JPG_jpg.rf.27d932c1066b6fb6842b73b18ebd9395.jpg,1,1,1,1,1,1
Hand_0001672_jpg.rf.79c134a49315818e16d70cf5444e3762.jpg,0,0,1,0,1,1
Hand_0000285_jpg.rf.7aa18f3df0f4c78e0a1ba9530ec63fe5.jpg,0,1,0,1,0,0
FIMG_0019_JPG_jpg.rf.7cb4726adf6dc1b90668c0a7f2e3fa1b.jpg,0,1,0,1,1,1
Hand_0001829_jpg.rf.82a1f990283a9d97da1c520d6a5b1786.jpg,0,1,0,1,1,1
FIMG_0009_JPG_jpg.rf.b8b74759e5065598c28ab307a3aaab94.jpg,1,1,1,1,0,0
FIMG_0010_JPG_jpg.rf.906e7a3fd40b4d9e465d090685af3fb6.jpg,1,0,1,1,1,1
FIMG_0018_JPG_jpg.rf.e065a237a4d11be252e9f03f67781fff.jpg,1,1,1,1,1,1
FIMG_0017_JPG_jpg.rf.d2e5a645ea4f9016adf600e51427e680.jpg,1,1,1,0,0,0
FIMG_0031_JPG_jpg.rf.5fe046c57c8e415fe7ec518f1142d684.jpg,0,1,1,1,1,1
Hand_0001658_jpg.rf.5e3709e15739f02cee97dc064f833e6f.jpg,1,1,1,0,1,1
Hand_0001879_jpg.rf.92d77183fbc4aa457f9d88cf6bd57029.jpg,1,1,1,1,0,1
FIMG_0018_JPG_jpg.rf.c07529b7169ad7a97359596a2e2f5659.jpg,0,1,0,1,0,1
FIMG_0023_JPG_jpg.rf.ed741576573726c0178c4921bbe482f8.jpg,0,0,1,1,0,1
FIMG_0032_JPG_jpg.rf.96395111dead5aa27f6ea977f9d060fe.jpg,1,1,1,1,0,0
FIMG_0024_JPG_jpg.rf.ba5c2ec99728cf12dfd04e97c51fdefa.jpg,1,0,1,0,0,1
FIMG_0005_JPG_jpg.rf.041438806915c6aab540853dcc330999.jpg,0,0,1,1,1,1
FIMG_0022_JPG_jpg.rf.78f4e487432a19de7e6e53d052005980.jpg,0,1,1,0,0,1
FIMG_0003_JPG_jpg.rf.18fa99291ce2e5d250a361cd4d8fb9f9.jpg,0,1,0,0,0,0
FIMG_0005_JPG_jpg.rf.36f8924120002316a3dce88cec87fa37.jpg,0,0,0,1,1,0
FIMG_0004_JPG_jpg.rf.004cf4a93af26096ca926b5874faeb47.jpg,0,0,1,1,0,1
Hand_0001879_jpg.rf.54585ac157ca8a9b05088e5530a10e2e.jpg,0,1,0,1,0,1
Hand_0005294_jpg.rf.2800cf133810f7cc700b7413078eb63d.jpg,1,0,1,1,0,1
Hand_0005288_jpg.rf.49571d7ee8902bb84d7c2e9df2eb826c.jpg,1,1,1,1,1,1
FIMG_0023_JPG_jpg.rf.9ad29f2decdec4774f030028919a0f14.jpg,1,0,1,1,0,1
Hand_0005294_jpg.rf.57296377a46d7b582d2d1b9415fc7373.jpg,0,1,1,0,0,1
Hand_0001641_jpg.rf.8df748405fa3b942b702cf84b12c4b41.jpg,0,1,0,1,0,0
FIMG_0006_JPG_jpg.rf.1da657556358ad57855e4603643ddc9b.jpg,1,1,1,1,1,1
FIMG_0024_JPG_jpg.rf.24fd60f6446f32dc82ecffcb484cfb48.jpg,1,1,1,1,1,1
FIMG_0003_JPG_jpg.rf.babf1432a64a4e8fb93193325dd14ec7.jpg,0,0,0,0,1,0
Hand_0001727_jpg.rf.2ad7785859f69fec55198bcbd632f3d4.jpg,1,1,1,0,1,1
Hand_0001728_jpg.rf.5a42b28740ce95224a5670ed29ef216e.jpg,1,0,0,1,1,0
FIMG_0007_JPG_jpg.rf.66c9447a7aa6bf609222e9ed0aaf1207.jpg,0,0,1,1,1,1
FIMG_0020_JPG_jpg.rf.7df39f3bbf77192797d4c056ab0b5c02.jpg,1,1,0,0,0,0
FIMG_0004_JPG_jpg.rf.6e3aa42085cc7d8c630e4ca94183ef73.jpg,0,0,0,0,1,1
Hand_0001726_jpg.rf.9e9a61df0e59f56a305adf519bbd3d28.jpg,0,1,1,1,1,0
Hand_0001710_jpg.rf.8f23954fb36394e758d5514ffbfbaed8.jpg,1,0,0,1,1,1
FIMG_0005_JPG_jpg.rf.6769c881865022d7dd2470bbf5e42685.jpg,1,1,1,1,0,1
Hand_0001711_jpg.rf.bba6e308024fd60ae8321a23e5972a43.jpg,1,1,1,1,0,1
Hand_0001827_jpg.rf.d29d04a872701701b31fde843fc18f38.jpg,1,1,1,0,1,1
Hand_0001725_jpg.rf.58233131c653e91f4a547b40cdb633a5.jpg,1,0,1,1,1,1
Hand_0001728_jpg.rf.7e8d446dbcda41357964a54ff825a954.jpg,1,1,0,1,0,1
Hand_0001727_jpg.rf.e98922c9fee54b4c4934766d2b1f9c9c.jpg,1,1,1,1,1,1
Hand_0001711_jpg.rf.fb057967c636b86c33a5bd047460ab4c.jpg,1,1,0,1,0,1
FIMG_0024_JPG_jpg.rf.dcb086f539203efbc91bcea99f1925e7.jpg,1,0,1,1,1,1
Hand_0001725_jpg.rf.6f17b07cf68f7d9888b6c8a2ec5baff2.jpg,0,0,1,1,0,1
Hand_0001710_jpg.rf.b1ea4f11554b9730fbb416f597a5b4ab.jpg,1,1,0,0,0,1
FIMG_0004_JPG_jpg.rf.ce378cc9334d8242174fce6d4d435b7f.jpg,1,1,0,1,1,1
Hand_0001729_jpg.rf.aafce8811f52798f6cb74bfce1bd4bb4.jpg,1,1,1,1,0,1
FIMG_0007_JPG_jpg.rf.d799e6b1b4da33bb9aad4160f08da5a8.jpg,0,1,1,1,1,1
Hand_0001792_jpg.rf.182ef9556e6cedfc2593ac00e60f2eb1.jpg,1,1,0,1,0,1
Hand_0001726_jpg.rf.7f9362c2cfb6dc5178d8aa02215d17c0.jpg,1,1,0,1,0,0
Hand_0001729_jpg.rf.03dbb46655553c4e5a85079258e275d3.jpg,1,1,0,1,1,1
FIMG_0006_JPG_jpg.rf.bebd78513d99801f0a346658ec52da0c.jpg,1,1,1,1,1,1
FIMG_0007_JPG_jpg.rf.719063919ec7eddcfb22722321bef49a.jpg,1,1,1,1,1,0
Hand_0001726_jpg.rf.8d6346ac08c2ccc47955e99b852ff064.jpg,1,1,0,1,0,0
Hand_0001711_jpg.rf.1460d723a8b0c11605eeafd280452787.jpg,1,1,1,1,1,1
Hand_0001725_jpg.rf.2e6d71058af9729cc7cd55c57b901712.jpg,1,1,1,1,0,1
Hand_0001792_jpg.rf.62ba67b9f407f71bdb485609a9a926b0.jpg,1,1,1,1,0,1
FIMG_0009_JPG_jpg.rf.261ff9b045acf77f6b757bf363a67653.jpg,1,1,1,1,1,0
Hand_0001653_jpg.rf.0e3172464689c54d0f52eb9f3b2713c3.jpg,0,1,1,1,0,1
Hand_0001827_jpg.rf.fd2d8e02d63ba5a83a56491d4585a855.jpg,1,1,1,1,1,1
Hand_0001800_jpg.rf.b6866cea4b5bea5bf8bbf9a20ffc873f.jpg,0,1,1,1,0,1
Hand_0001799_jpg.rf.bdd667e30d4eb35875e898014422cf45.jpg,1,1,1,1,0,1
Hand_0001653_jpg.rf.ef30486ee6409748a1ec092172238376.jpg,0,1,1,1,1,1
Hand_0001799_jpg.rf.3f22378d9960836f44acc022fafca075.jpg,1,0,1,1,1,1
Hand_0001801_jpg.rf.dc1e7be9a0c4c396659f4988ad682c98.jpg,0,1,1,0,1,1
Hand_0001729_jpg.rf.ecc7fde1d4f2a857378d66c3b57636cd.jpg,1,1,1,1,0,0
FIMG_0014_JPG_jpg.rf.003f26a29d3ac983c4324c639d2ea7c9.jpg,1,1,1,1,0,1
Hand_0001654_jpg.rf.9fb3106252892c3815a7830960ac8fee.jpg,1,1,1,1,0,1
Hand_0001653_jpg.rf.7b3970627997f50ac67c2309ac566eb7.jpg,1,1,0,1,0,0
FIMG_0006_JPG_jpg.rf.61cf5eb7ba939282258a5fb482e1f052.jpg,1,0,1,1,1,1
Hand_0001799_jpg.rf.256459ca8ad0c4b7c806a0f29c51b551.jpg,1,1,1,0,0,1
Hand_0001730_jpg.rf.fdef2120cf32f4c5caeedf70aa614eae.jpg,0,1,1,0,0,1
FIMG_0013_JPG_jpg.rf.048920f078f89f7713f5c92437c09234.jpg,0,0,0,1,1,1
Hand_0001801_jpg.rf.0f8dd1a160520112fa378d2bf7f25edd.jpg,1,1,0,1,1,1
FIMG_0015_JPG_jpg.rf.0f80f0b3f38500642e9f90f00e1d2b93.jpg,1,1,0,1,1,1
Hand_0001800_jpg.rf.43f5e420f10932d31bc715cf97d879bf.jpg,1,1,1,1,0,0
Hand_0001801_jpg.rf.4f41825d6ee4941f259a8f3ac46815ed.jpg,0,1,1,1,0,1
FIMG_0010_JPG_jpg.rf.37d2e4345c3763b51326a2ccc9865e82.jpg,1,0,1,1,1,0
FIMG_0016_JPG_jpg.rf.09d67ffa166c73f61b9c7d3c379ce6cb.jpg,1,1,0,1,1,1
FIMG_0016_JPG_jpg.rf.6536c546e674b5841aaf7faf22c78311.jpg,1,0,1,1,1,0
Hand_0001652_jpg.rf.a179924548d4bd322914221ee862dec7.jpg,1,1,0,1,0,0
FIMG_0013_JPG_jpg.rf.46520c2b1b85fbbf5074aa910444ae32.jpg,1,0,1,1,0,0
FIMG_0016_JPG_jpg.rf.162288b6a08941665a230ed2b0e74be9.jpg,1,1,0,0,0,1
Hand_0001792_jpg.rf.2897e57030647cb9206f054a4b097060.jpg,0,1,1,1,0,0
Hand_0001800_jpg.rf.662bb525f023d3763b6bf55106933b16.jpg,1,0,1,1,1,0
FIMG_0012_JPG_jpg.rf.80f57eb22408891f46a56d2e380753e3.jpg,0,0,1,0,0,1
FIMG_0017_JPG_jpg.rf.9a57d25c42566432450a145274c82f14.jpg,1,1,1,1,0,1
FIMG_0008_JPG_jpg.rf.a072d984b376b8b029c54ec47b527a21.jpg,1,0,1,1,1,0
FIMG_0014_JPG_jpg.rf.b3e8c10539b03b39fc4b3f7143318787.jpg,0,1,1,1,0,0
Hand_0005235_jpg.rf.81f43fe10ccb41e6df4f5f73f77c7a75.jpg,1,1,1,1,0,1
FIMG_0013_JPG_jpg.rf.eb0ab5919b22d0b3750ec07d17e1da3d.jpg,1,1,1,1,0,1
FIMG_0015_JPG_jpg.rf.cdadf011179099708919fa3ab3245f2f.jpg,1,1,1,1,0,0
Hand_0000388_jpg.rf.723f86a6156dcd32006d12e7836a3612.jpg,0,0,0,1,1,1
Hand_0005231_jpg.rf.a6f3a5df9287f5a2c9315d763d6ede0c.jpg,1,1,1,1,1,1
Hand_0000330_jpg.rf.60a381127e6ec74689b695142f3a89bc.jpg,1,1,1,1,1,0
Hand_0000556_jpg.rf.020e34d79b1e1abaae75e710693e7661.jpg,1,1,0,1,1,1
Hand_0000319_jpg.rf.75a655367c7936a186baec3b9ca86f37.jpg,1,1,0,1,0,1
FIMG_0011_JPG_jpg.rf.7cfe03586f00e4611fc1633c972d763e.jpg,1,1,1,1,0,1
Hand_0005231_jpg.rf.e9443a4dad35ef50bf242fcb8b2a0fce.jpg,0,1,1,1,0,0
FIMG_0011_JPG_jpg.rf.34931e10177fcdd8864e5c199521cbfa.jpg,0,1,1,0,0,0
Hand_0001826_jpg.rf.aacdf0f08607e2cf222a97605744a599.jpg,1,0,1,0,1,0
Hand_0000319_jpg.rf.34fbdd6f7bd655a573376cbfff8f7465.jpg,1,1,1,1,0,1
Hand_0000320_jpg.rf.eccef7ea8ced77c11d0428397e89b217.jpg,1,0,1,1,1,0
Hand_0001811_jpg.rf.b78835fad88ae44ba970d0dbd75760c5.jpg,1,1,1,1,1,1
Hand_0001811_jpg.rf.c23df6cccee21999585d48a81aa14573.jpg,0,1,1,0,1,1
Hand_0001815_jpg.rf.ca87eb562409526d8073c777467f78cc.jpg,0,1,1,0,1,0
Hand_0000449_jpg.rf.a7b2d12b7d97e8c608e12936038e3aa9.jpg,0,1,1,1,0,1
Hand_0000388_jpg.rf.70437295119a3a473a6412d6a8f3a690.jpg,1,1,0,1,0,0
Hand_0001812_jpg.rf.fa2bc8562a0eb821dd7e056209bcafb9.jpg,1,1,1,0,1,0
Hand_0001816_jpg.rf.dba363babeadcfa6b3dde57ee1aa444a.jpg,1,1,1,1,1,0
Hand_0000555_jpg.rf.e5d20faf90ae973a4eecfb14b42ebc4b.jpg,1,1,1,1,1,0
Hand_0001670_jpg.rf.e44c30087975a50151bf3a94dbcb2a0e.jpg,0,1,0,1,0,0
FIMG_0012_JPG_jpg.rf.dc0a8e627a7df949a2b8b9bf4bfaa7bf.jpg,0,1,1,1,0,1
Hand_0001814_jpg.rf.53349ba88819c3b2f435749ca31ac877.jpg,1,1,1,1,1,0
Hand_0001658_jpg.rf.ff093363a71e0465bd985b6aaa6804ea.jpg,0,0,0,0,0,1
Hand_0001843_jpg.rf.258f4f396dfa13d6ebb724c99cd99c72.jpg,1,1,1,0,1,1
Hand_0001802_jpg.rf.00bf2d44b84118f5ac252741602e3437.jpg,1,0,0,1,0,0
Hand_0001802_jpg.rf.5f280c182c95a21f5f246e73f2bd6574.jpg,0,1,1,1,1,0
Hand_0001815_jpg.rf.2ee243c6e1170c6c9c07008b63902e3c.jpg,0,1,0,1,1,1
Hand_0001830_jpg.rf.3799f97530dbe205b8c77aad054b63f0.jpg,1,0,0,0,1,1
Hand_0001814_jpg.rf.a053c37090401a6df5fefef7d9b1cb53.jpg,0,0,1,1,1,0
FIMG_0012_JPG_jpg.rf.89bb13f3cb8bff380c5517b777824a91.jpg,1,1,1,1,1,1
Hand_0001832_jpg.rf.354fe53b1bdaca678803038753744ed1.jpg,1,1,1,1,1,1
Hand_0001802_jpg.rf.1243a886c69bff815af733ffeaa5e15d.jpg,1,0,1,0,0,0
Hand_0001829_jpg.rf.0cf35e9a2605b2852bcd32f0bda95154.jpg,1,0,0,1,0,0
FIMG_0011_JPG_jpg.rf.b75c5110b454e48fca3428da2aeca570.jpg,1,1,1,1,1,0
Hand_0000503_jpg.rf.63c72ce0c1be1acecabd85b2b8e31b24.jpg,1,1,0,1,0,1
Hand_0001845_jpg.rf.44c15cf4d091332ba2ef0c8800c31d85.jpg,1,0,0,1,1,0
Hand_0001812_jpg.rf.cb0111155d16517db16cc9e56935b26b.jpg,1,0,1,1,1,1
Hand_0001830_jpg.rf.5c0a683ce1bda543e93e66094ac36e55.jpg,0,0,1,0,1,0
Hand_0001829_jpg.rf.622333fd0d4d75fe65325acfb4584d6f.jpg,0,1,1,1,0,0
FIMG_0015_JPG_jpg.rf.f16844563197b0c882516f4c7b131593.jpg,1,1,1,1,0,0
Hand_0001811_jpg.rf.10514f15098575b9d0a925df34e57f8c.jpg,1,0,0,1,1,1
Hand_0001848_jpg.rf.6939f8a046a61feb123e464f11a1d923.jpg,1,1,1,1,1,0
Hand_0001816_jpg.rf.78a4e1fbe6642c8957fdbbf2ee90c32c.jpg,1,1,1,1,0,1
Hand_0001845_jpg.rf.76d4cde94f201d64efe1214dae1a5de9.jpg,1,0,0,1,0,1
Hand_0001844_jpg.rf.69c265e44392e1c4cfa14f169824bb4f.jpg,0,0,0,0,0,1
Hand_0001813_jpg.rf.cf6706f712f3cabfe7e6e369ad050e54.jpg,1,1,0,1,1,0
Hand_0001814_jpg.rf.d473ee58fc1c925c82066d8440229171.jpg,1,1,1,1,1,1
Hand_0001848_jpg.rf.d0b9ad62f7116b76f86f12765d6c812b.jpg,1,0,1,1,1,1
Hand_0001843_jpg.rf.a2ea598be53e973b861ea631d28120fd.jpg,1,1,1,1,0,0
Hand_0001843_jpg.rf.81e58f8bd047986f2715c14bb0fa5ab9.jpg,1,0,0,0,1,1
Hand_0001844_jpg.rf.e0dacd9fc95c68e4e4d19389b95b8694.jpg,1,1,0,0,0,0
FIMG_0019_JPG_jpg.rf.96ede8b3d18227d9a168bac7c5506f21.jpg,0,1,1,1,1,0
Hand_0005321_jpg.rf.234f601d93a7a3bd47231cc191213eef.jpg,1,0,1,1,1,1
Hand_0005319_jpg.rf.1db769a7f8174576f77572afaa430a2d.jpg,0,1,1,1,1,1
Hand_0001844_jpg.rf.f2b5efb46af1b74da196567be7a5b202.jpg,0,1,0,1,0,1
Hand_0005319_jpg.rf.0d25a4e2bd8f409559f5c392d7b0439e.jpg,1,1,0,1,1,1
Hand_0005323_jpg.rf.32a81d0c0e06a017145df8ba947575f3.jpg,1,1,1,1,1,1
Hand_0001813_jpg.rf.d75056bbab74580206f0d5889cbaaa49.jpg,0,1,0,1,0,1
Hand_0000503_jpg.rf.f0824daaef5bcb12f46b010005f28f7d.jpg,1,1,0,1,1,1
Hand_0001845_jpg.rf.6c7423354de37620394f7913ede03404.jpg,1,1,1,0,1,0
Hand_0005323_jpg.rf.34fb098d39eee444f4ec43f9b88155f2.jpg,1,1,1,0,1,1
FIMG_0025_JPG_jpg.rf.46346527e9666d77f89bd4c10e480ef2.jpg,0,0,0,0,1,0
Hand_0005324_jpg.rf.541493ea33d96deef3cf766172fa74dd.jpg,1,1,0,0,1,0
Hand_0005303_jpg.rf.6da2ff728f1a16fbe7074ceafe18f882.jpg,1,0,0,1,1,1
Hand_0005322_jpg.rf.038b646175a89b11333ed312f4f87306.jpg,1,0,1,1,1,1
Hand_0005319_jpg.rf.3502e2ee22b50da2a3c000233218b137.jpg,1,1,0,1,1,0
Hand_0005303_jpg.rf.663a2fcfe13f3d698d5e040b6662f2cc.jpg,1,1,1,1,0,1
FIMG_0029_JPG_jpg.rf.da83e6ddc2f48e32c8cbad1f23a70fe6.jpg,0,1,0,1,0,0
Hand_0005321_jpg.rf.9015bbfe31521a84a138e51680e0422b.jpg,1,0,1,0,1,1
Hand_0005320_jpg.rf.88a4b4784e37a0dcc3a9e6b4aafe5136.jpg,1,1,1,1,0,1
Hand_0005320_jpg.rf.f514511e810d7862ac0ea36bf4e5266e.jpg,1,1,1,1,1,1
FIMG_0009_JPG_jpg.rf.030451d579fbfd889881dca07b21b795.jpg,0,1,0,1,0,0
Hand_0005320_jpg.rf.ef8eac862d06b758e8888bd0ba82fb47.jpg,0,1,0,1,0,1
Hand_0005294_jpg.rf.1b6054ef2d21865d50391d652b6f377b.jpg,0,1,0,0,1,0
Hand_0005293_jpg.rf.a1de1993534d83d311ed9e47983bc301.jpg,1,1,1,1,1,0
Hand_0005297_jpg.rf.aad17ab80d4cc16b3ef55eaa8887d40f.jpg,1,0,1,0,0,1
Hand_0005290_jpg.rf.1bc49e5ad1322a5909254dd63c27ef11.jpg,1,1,0,1,0,1
Hand_0005288_jpg.rf.cf664b54d56db424b9667c590aab3086.jpg,1,0,1,1,0,1
Hand_0005321_jpg.rf.bb05eaee657ff8e613fe415ff9e63030.jpg,0,1,0,1,0,1
Hand_0005293_jpg.rf.fb406df0daee043f7a066daa0d43b9b4.jpg,1,0,1,1,0,0
Hand_0005292_jpg.rf.fd40c5a4aa352b94d2dad281685ee585.jpg,1,0,1,1,1,1
Hand_0005324_jpg.rf.8955c73da54c7d22aeda47bb65cd1f73.jpg,1,1,1,0,1,0
FIMG_0022_JPG_jpg.rf.8a058df1e0b557e8a2a734d05f53d2ac.jpg,1,1,1,0,1,1
Hand_0001863_jpg.rf.0076db6f87edea094ab70bd063619d7f.jpg,0,1,1,1,1,1
Hand_0005295_jpg.rf.dc704a6b4ef8e7097777481e6c7a33b0.jpg,1,1,0,1,0,1
Hand_0005331_jpg.rf.5a8d1ca44a95028a704f02b7aac8a97d.jpg,1,1,1,1,1,1
Hand_0005295_jpg.rf.776655ff531debc57dcc1e8333f98fc5.jpg,0,1,1,0,1,1
Hand_0003226_jpg.rf.575db8d179a4f3f04f3c0d0c6096cc83.jpg,1,1,1,1,1,0
Hand_0005303_jpg.rf.b9ec7700ef388a96d1e24221b14f440f.jpg,1,0,1,1,0,0
Hand_0005290_jpg.rf.0ba9ae4af82900ffefd06a859ab03390.jpg,0,0,1,1,1,1
Hand_0001850_jpg.rf.5d54bb8dede6ac9cb08069ad23898b5e.jpg,1,1,1,1,0,0
Hand_0005292_jpg.rf.c7586b71e0a3af8c22e26d748f34cf41.jpg,0,1,1,0,0,1
Hand_0005292_jpg.rf.ffda5686204422a71310775fb83abab7.jpg,1,0,0,1,1,1
Hand_0001863_jpg.rf.c04b82cc603eac0eb129cc4b89129def.jpg,0,1,1,1,1,1
Hand_0001865_jpg.rf.c575b5df42f656dff00620d2a340c7c7.jpg,1,1,0,0,1,0
Hand_0005295_jpg.rf.09415434757900adbf6dc34ca5fe07c2.jpg,1,0,0,1,0,0
Hand_0001864_jpg.rf.dc45c5889d43428813eb28ad54e6f4c8.jpg,1,0,1,1,0,0
FIMG_0008_JPG_jpg.rf.f3a621bb9e6c72476c68f2dfb1697677.jpg,1,1,1,1,1,0
Hand_0001869_jpg.rf.08ff88341289e94df8e0915c3461bf2c.jpg,1,1,1,0,1,0
Hand_0003259_jpg.rf.ef49edb946e680bffa29fd205d946f3e.jpg,1,1,1,1,0,1
Hand_0001850_jpg.rf.20e131f4e690359852148ee1d6fba591.jpg,1,1,1,1,1,0
Hand_0001864_jpg.rf.4713a10887c7ce80b37a2e37f34594c2.jpg,0,1,1,1,1,1
Hand_0001850_jpg.rf.6b2c3b683c1224e7b5b5817c5b2e359a.jpg,1,0,1,1,1,1
Hand_0001864_jpg.rf.46fe2f691e521984fc03d099d0c5ad82.jpg,1,0,1,1,1,1
Hand_0003176_jpg.rf.2de9bb8225ea7032b53e6c129bff40b6.jpg,1,0,0,1,1,1
Hand_0003263_jpg.rf.46294a6cfaa256ebca55b63675a92c88.jpg,1,0,0,1,1,1
Hand_0001863_jpg.rf.fbcacd0025f6dd5c6cec540ecd1a7e6a.jpg,0,1,1,1,1,0
Hand_0001865_jpg.rf.2be3c126195b6bfd508bd433e6bbf126.jpg,1,0,1,1,1,0
Hand_0005290_jpg.rf.cf111948ef9cd7e8ea062c24940ec6c2.jpg,1,1,0,1,0,0
Hand_0001869_jpg.rf.ea29d6fd4d19ce29fb131fad1d6d7a94.jpg,0,1,0,1,1,1
Hand_0005297_jpg.rf.3c066e3ab2ca3f159ebd9f3e263ee322.jpg,1,1,0,1,0,1
FIMG_0008_JPG_jpg.rf.83a0dc7e1ced3732f8d10db91b33bf9c.jpg,1,1,1,0,1,0
Hand_0001828_jpg.rf.208f82cfc70f1f860914b468a35a71f5.jpg,1,1,1,1,0,1
Hand_0005297_jpg.rf.7d8b895686f6de3e9669aee82c2b37c9.jpg,0,1,0,1,1,0
Hand_0001903_jpg.rf.33542f20029e31a4acd3ecabffaf6803.jpg,0,0,1,1,1,1
Hand_0001879_jpg.rf.bc1c2aaed177389f982cc9f28358d4c7.jpg,0,1,1,1,0,1
Hand_0001880_jpg.rf.19feb713b276508edf281e300c35eeb6.jpg,1,1,0,1,1,1
Hand_0001848_jpg.rf.c7be09d82e92e0ce4308b9e9b1916b87.jpg,1,0,1,0,0,0
Hand_0004349_jpg.rf.dcb52cc3f1dbddf54e16c15dd41e3daa.jpg,1,1,1,1,0,0
200_image_palm_jpeg_jpg.rf.4a611af5cdfcefcaf9a87d821a2154eb.jpg,1,1,0,1,1,0
Hand_0004349_jpg.rf.97a7e9b317f81631a8af423234f593dc.jpg,1,1,0,1,1,1
Hand_0004214_jpg.rf.9cb5d88ce117dde41dc28fa060dcefb6.jpg,1,1,0,1,1,1
Hand_0006697_jpg.rf.f8ddacd2a0d34f8ef1d99a420dfc4e4c.jpg,1,1,0,1,1,1
230_image_palm_jpeg_jpg.rf.3bb21fdef94bc385c3917ce06d8a33bd.jpg,1,1,0,1,1,1
202_image_palm_jpeg_jpg.rf.538b4b039bd4753c34800139ce43666b.jpg,0,1,0,1,1,1
256_image_palm_jpeg_jpg.rf.0eb46459c69f935055cbee173a8cde27.jpg,1,1,1,1,1,0
Photo_jpeg_jpg.rf.5ef09e8fb8f65cb67601d20627834eae.jpg,1,0,1,1,1,1
im3_jpeg_jpg.rf.512cae2286065c67a1ebe073143df02b.jpg,1,0,1,0,1,1
Hand_0007503_jpg.rf.6043b7612085390dfde12de52883b57c.jpg,1,1,1,0,1,1
Hand_0004257_jpg.rf.a8267a5da4de7424aa8f74eef25d252e.jpg,1,1,1,1,0,1
177_image_palm_jpeg_jpg.rf.81765f44bfc2535bc8716f83a7621092.jpg,0,0,1,0,1,0
223_image_palm_jpeg_jpg.rf.d4f43896a3cbd6e63433c29756b01f33.jpg,1,1,0,1,0,0
Hand_0004068_jpg.rf.2cf3e899771b7761d7da3a4d3905e846.jpg,0,1,0,1,0,1
Hand_0004078_jpg.rf.86e3f0fccebf7e49f187da0dc19ef885.jpg,1,1,1,1,0,1
im4_jpeg_jpg.rf.fd190c754b8347c5c4218e647def3bea.jpg,1,1,0,0,1,0
Photo_jpeg_jpg.rf.a65d33aaf1d9bb487da96beff7706f6d.jpg,0,0,1,1,0,1
Hand_0004348_jpg.rf.153229083aa45fbfdc08ccbaccc8765b.jpg,1,0,1,1,0,0
Hand_0007470_jpg.rf.e7c942f9c328d656665e3e0edbeef8b6.jpg,1,0,0,1,0,1
Hand_0004345_jpg.rf.035c2e2c77e369e54f108b1aced78c12.jpg,1,0,1,1,1,0
257_image_palm_jpeg_jpg.rf.b3fdde5ff75290a4cdfe923b43baf1bc.jpg,0,1,1,1,1,1
Hand_0004343_jpg.rf.1dcb4663cab5453d5633a263abee8c28.jpg,1,1,0,1,1,0
Hand_0004343_jpg.rf.5a95e286c6136e54a32f65363b8ff7e2.jpg,0,1,0,1,0,1
Hand_0004347_jpg.rf.47afeb79495bf0e68801343e81bad04e.jpg,1,1,1,1,0,0
Hand_0004346_jpg.rf.2af323d1449d48ae830404633aeba6dd.jpg,1,0,1,0,1,0
Hand_0004294_jpg.rf.1c3efe5a6b19c387884345d0b1cd34f8.jpg,0,1,0,1,1,1
Hand_0004342_jpg.rf.51c62b7fe75aa9e23212af1214a18b8f.jpg,0,0,1,1,0,0
Hand_0004342_jpg.rf.589794e5bc9e6d85d566708262849ddd.jpg,1,1,1,0,1,0
Hand_0004243_jpg.rf.db874aaf9606e20c3b6980d57c4b8ec5.jpg,0,0,1,1,1,0
Hand_0004344_jpg.rf.e20e34a355b959cc6fd4eac61e2f0838.jpg,1,1,1,1,0,1
Hand_0004346_jpg.rf.61dbb8231da6c52605a6f343c9009d96.jpg,1,1,0,1,1,1
Hand_0004342_jpg.rf.5dbbb227ded8d4cc9cc4f8008901a297.jpg,1,1,1,0,1,0
Hand_0004347_jpg.rf.b9939742a669e6c6826f1e20b5bb4ff4.jpg,0,1,1,1,1,0
Hand_0004345_jpg.rf.8fc06284297abe9ae18a7aa978c1b21b.jpg,0,0,1,0,0,1
Hand_0004250_jpg.rf.74b25abc80c86daef74fd7901444106b.jpg,1,1,0,1,1,0
Hand_0004343_jpg.rf.a0c34e60a1e1d55f35c6baebe9155bc5.jpg,1,1,0,0,0,1
Hand_0004344_jpg.rf.281b5e0b3e99f049a871d08adbc5d7f2.jpg,0,1,0,1,0,1
Hand_0004250_jpg.rf.7d2307ae1d07a236ce9e1d99ea6c968f.jpg,0,0,1,1,0,1
Hand_0004404_jpg.rf.e2102a3baceadedaec72326d17db873e.jpg,0,0,0,1,0,1
Hand_0004347_jpg.rf.b066c401cdfc1f1b182d3af0b16ce02b.jpg,1,0,1,1,0,1
Hand_0004205_jpg.rf.15266feee2b2739465aa24578e20c41c.jpg,1,1,0,1,0,0
Hand_0004199_jpg.rf.125d9d7e8cc89937eddb539fd05c906a.jpg,1,1,1,1,0,1
Hand_0004346_jpg.rf.e0aa72ea879c4763b7b372e40da01e75.jpg,1,0,0,1,1,0
Hand_0004075_jpg.rf.195a41e4256aca678af995587909371c.jpg,0,1,0,0,0,1
Hand_0004246_jpg.rf.847696b93235e869b024a4dfe0e209f0.jpg,0,1,1,1,0,1
Hand_0004169_jpg.rf.1881d952aef02095bd65faed10189bff.jpg,0,0,0,1,1,0
Hand_0004243_jpg.rf.a878ff352b075e546833a9d194366ae7.jpg,1,1,1,1,0,1
Hand_0004207_jpg.rf.46d5b7662a0e8f8b875023c7529d3e42.jpg,1,1,1,0,0,0
Hand_0004199_jpg.rf.44cffeadb537422b85351e6355a9e7a4.jpg,1,1,1,1,0,1
Hand_0004203_jpg.rf.accc36239fe481f94d635e81facf1647.jpg,1,1,0,1,0,0
Hand_0004203_jpg.rf.b472c4223a14c3d2b01310d2cdfb8764.jpg,1,0,0,1,1,0
Hand_0004203_jpg.rf.b1cf5ad5ae7c5aad485ae521dd68e2b6.jpg,1,1,0,1,0,1
Hand_0004213_jpg.rf.df8345820f377f12f06550c2d471522b.jpg,1,0,1,1,1,0
Hand_0004243_jpg.rf.41c23da40743f1fa29bf44001570c42a.jpg,1,1,0,1,1,1
Hand_0004205_jpg.rf.6bf95ad33ee437bd9a61d88efbf04862.jpg,1,1,1,1,1,1
im3_jpeg_jpg.rf.de0997615bafb8624a38a0292082ff5d.jpg,1,0,1,1,1,1
241_image_palm_jpeg_jpg.rf.0df0376bbaf4bd0ae90371997adf8a3b.jpg,1,1,0,0,0,1
Hand_0004207_jpg.rf.3032c9158c28e7a09c947fe3beb851f3.jpg,1,0,0,1,1,0
Hand_0004199_jpg.rf.dff16a30e5ab48b0426017bb720536c6.jpg,1,0,0,1,0,1
Hand_0004195_jpg.rf.7ff1a7cc7a8a40aaae94a36315404a63.jpg,1,1,0,1,1,1
Hand_0004213_jpg.rf.fbc3f9b4209bbd5195484a77b2d23528.jpg,1,0,1,1,0,1
Hand_0004214_jpg.rf.2cacada3781bce2e303cedc23e045b9b.jpg,1,1,1,1,0,0
Hand_0004263_jpg.rf.002b5993c5bb845ff9e707b5371297b8.jpg,1,1,1,1,1,1
Hand_0004169_jpg.rf.b26b71fbeb6d22738a61600e9ccfba15.jpg,1,0,1,0,1,0
Hand_0004205_jpg.rf.230df118fe07b558a8a129dbb77d1782.jpg,0,1,1,1,0,0
Hand_0004074_jpg.rf.de4ef907ca5beed103cf852ab1c2ab6e.jpg,1,1,0,1,1,1
Hand_0007207_jpg.rf.1a859889b84675fbebace36d76e23ecc.jpg,1,1,1,1,1,0
Hand_0004246_jpg.rf.61023987f2f8260de7b919d5410ee98d.jpg,1,1,1,1,0,1
Hand_0004510_jpg.rf.01cd5e51ef8eb14d8919aee8a698e218.jpg,1,0,0,0,0,1
Hand_0004213_jpg.rf.e50115baf70f0403b9c0145a8e732d4e.jpg,1,0,1,1,0,0
Hand_0004509_jpg.rf.e5075ff30a740e929df58e6b90a7119e.jpg,1,1,1,1,1,1
Hand_0007211_jpg.rf.0c643732fdb81dfc116109ab93da0f15.jpg,1,1,0,0,1,1
Hand_0007212_jpg.rf.1edfe807931a863c205f3defe7d2089e.jpg,1,0,1,1,1,1
Hand_0004246_jpg.rf.52d10a76af23e1bb0e2b94cd9974bce9.jpg,0,1,0,1,0,0
Hand_0004509_jpg.rf.5c23474965ba958933287546a9ad19f9.jpg,0,1,1,1,0,1
Hand_0007206_jpg.rf.24345e922545ceec98d53b72d1c7f5cd.jpg,1,0,1,0,0,1
Hand_0004153_jpg.rf.6ed6ea33438ee1fed0d1fb5be45f7494.jpg,1,1,1,0,0,1
Hand_0004510_jpg.rf.94fd9a1f3c4b93cc67605e549ff58551.jpg,1,1,0,1,1,0
Hand_0004214_jpg.rf.57f517adbf95385252d683c262eb1a10.jpg,0,1,1,1,1,1
Hand_0004291_jpg.rf.6f23ef57c5a4ac7d9d4305468d8f61d7.jpg,0,1,1,1,1,1
Hand_0004291_jpg.rf.6df50f9b32a981fb78c984c58deb3b42.jpg,1,1,0,1,0,0
Hand_0007615_jpg.rf.33096fe062cfad47c17ff1929137e0bf.jpg,1,1,0,1,1,0
Hand_0004263_jpg.rf.00d32f56838e717f236fc871b9ba2172.jpg,1,1,0,0,1,1
Hand_0004510_jpg.rf.708f3aa6f762c000bb69a39bb8a5e45f.jpg,0,0,1,1,1,1
Hand_0004294_jpg.rf.6f3c4922986c1011aa3c573b1f66dd36.jpg,1,1,0,0,1,1
Hand_0007208_jpg.rf.669c636043cfc7aa83ed5dff0878612a.jpg,1,1,1,0,0,1
Hand_0004248_jpg.rf.22393c0470529c557becf1f70493bc5f.jpg,1,1,0,1,0,0
Hand_0007210_jpg.rf.67cc9ef75cd81f959a665698e34a025a.jpg,1,1,1,0,1,1
Hand_0006659_jpg.rf.4c02468260600609de48019a4d41cfec.jpg,1,1,0,1,1,0
Hand_0004294_jpg.rf.74d94875534801c486ae85bccd1e2758.jpg,1,0,0,1,1,0
Hand_0004262_jpg.rf.1b714e43c30ca4ed781b139e2250d853.jpg,1,0,0,1,0,1
Hand_0007581_jpg.rf.467b8d28e38e418324665d590e42eca9.jpg,0,1,0,1,0,1
Hand_0006661_jpg.rf.76ef4c3568d0053cf3fd8eaa1ae8d7a9.jpg,1,1,0,1,1,1
Hand_0004263_jpg.rf.a171d56c922ee33730738c1b169ae9ae.jpg,0,0,1,1,1,1
Hand_0006660_jpg.rf.18cc87d2e8c4b43c8716aac632bdd3a3.jpg,0,0,1,1,0,1
Hand_0006705_jpg.rf.8ca9a5054d0fdcc9e1c72b1272fba3cb.jpg,1,1,0,1,0,1
Hand_0007570_jpg.rf.d9a9b4677e3feb6e8e8929382bf1dbd0.jpg,1,0,0,0,1,1
Hand_0006699_jpg.rf.633af5fed02fc0d6f9beb98cb5bb46b8.jpg,1,0,0,1,0,1
Hand_0004354_jpg.rf.1140066e3a88714480aaef034d7e6616.jpg,1,1,1,1,1,0
Hand_0004351_jpg.rf.1950f6c9ec9699f3a3df842fa17d8b1b.jpg,0,0,1,0,1,1
Hand_0006711_jpg.rf.54594ca6b30e536cbaad6bee546646f9.jpg,0,0,1,1,1,1
Hand_0004511_jpg.rf.197ae295f1544e55ddea7e338eaa1e5e.jpg,1,1,1,1,1,0
im5_jpeg_jpg.rf.a4e4b93c4a445460cc3bbefb64738b5f.jpg,1,1,0,0,0,1
Hand_0004401_jpg.rf.2f5f3140374669a74a68bf4ec504d06b.jpg,0,1,1,1,1,1
Hand_0006656_jpg.rf.cb4abdb6e8af042044c88ef4da6f1e95.jpg,0,0,1,0,0,1
Hand_0006701_jpg.rf.79152579e45cc103d37577a46dff1c74.jpg,0,0,1,0,0,1
Hand_0006655_jpg.rf.56f873407482d11e2cac64bece974c4a.jpg,1,1,1,1,1,0
Hand_0006658_jpg.rf.cd90703b680cec07f34107c93b4d2b50.jpg,1,1,1,1,1,0
Hand_0004354_jpg.rf.1d17cfa52f65cae7130cbeb8ab60caa7.jpg,1,0,1,1,1,1
Hand_0004352_jpg.rf.0831dcd70277d08967ceb42803beb1b2.jpg,0,1,1,0,0,1
Hand_0004252_jpg.rf.8a4e942dff5f30047eb7eec345a590f9.jpg,1,0,0,0,0,0
Hand_0004262_jpg.rf.85f9bae27b787b69bb7bda68182912a1.jpg,0,0,0,0,1,1
Hand_0006709_jpg.rf.86c59a590400ee7bc260679f8cd9f3a3.jpg,1,1,0,0,1,1
Hand_0004262_jpg.rf.e925b0ea9ab4041862fd157807865e48.jpg,1,1,1,1,0,0
221_image_palm_jpeg_jpg.rf.34f50a80bde52617fa56168b507122d0.jpg,0,1,1,0,0,0
Hand_0004095_jpg.rf.38e4ce1cf29d9f8a450f5b2a424e49d6.jpg,0,1,0,0,0,1
Hand_0004350_jpg.rf.c5d76cfb71ca1bb0dc3982c1988f5fdb.jpg,1,0,0,1,1,1
Hand_0004351_jpg.rf.1d8c5abe7d15553e13605be545f3c79d.jpg,1,1,1,1,1,0
Hand_0004401_jpg.rf.10136ae4c8dc7557966094552326b3ed.jpg,1,1,1,1,0,0
Hand_0006707_jpg.rf.b2b640eafee5fa013bc97b0acccd1d6b.jpg,1,1,1,1,1,1
Hand_0004348_jpg.rf.c619818b4911a189c308657cfdba79dd.jpg,0,1,1,1,0,0
Hand_0004404_jpg.rf.2da2c6bd5e92f286d1b9d888044f05cf.jpg,1,0,1,1,1,1
Hand_0004351_jpg.rf.78e9bc513fc7258d7c52ef73400ce373.jpg,1,0,1,1,1,0
Hand_0004353_jpg.rf.64415f54ee5a6c2c741c815af5570cac.jpg,1,0,1,1,0,1
Hand_0004401_jpg.rf.e1676cf518a34e19e83d743c0810634e.jpg,0,1,0,1,0,0
Hand_0004404_jpg.rf.ffeb822be8d136fa64b4cb16b6637a68.jpg,1,1,0,1,0,1
Hand_0004352_jpg.rf.f95083fc0df1e8a2e46590106549100f.jpg,1,1,0,1,1,1
Hand_0006703_jpg.rf.c2c16cea0bd6dd481925bf29584ed162.jpg,1,1,0,1,0,1
Hand_0007086_jpg.rf.100a6000e65307a45f0c66381259a406.jpg,1,1,0,0,0,0
Hand_0007055_jpg.rf.534bd9d30ce1241cd35e9cde0d222cc2.jpg,1,1,0,0,0,0
Hand_0004353_jpg.rf.e0376d18c250d5054dff593b8611ad90.jpg,1,1,1,1,0,1
Hand_0007123_jpg.rf.c4774a09280d141597a3645d0b8e2953.jpg,1,0,1,1,1,1
Hand_0007202_jpg.rf.88b4446473b8b5ffe1141cada66aaf89.jpg,1,1,1,0,0,1
Hand_0007089_jpg.rf.f6f9dcc30dd5b57f318f44697e5c3602.jpg,0,1,0,0,0,0
Hand_0006657_jpg.rf.230d7f08619ab9034b406db9cad42a60.jpg,0,0,0,0,0,1
Hand_0004352_jpg.rf.cfc2adfa1059869d519a232a15807365.jpg,0,1,0,1,1,0
Hand_0007475_jpg.rf.22887496957d4a4228f9a2b17930a9b9.jpg,1,1,1,1,1,1
Hand_0007161_jpg.rf.662637e8718ee5a99bf67c1c6c1bbe66.jpg,1,0,1,0,0,1
Hand_0007154_jpg.rf.25dff8e73e30c571122d82bfd0e79f8b.jpg,0,1,0,1,0,0
Hand_0007205_jpg.rf.e08982f127a3e5e78f7cb599ee54751e.jpg,0,1,1,1,0,0
Hand_0007100_jpg.rf.e211dbd5981c9d8dc7360df5d07de80a.jpg,1,1,0,1,0,0
Hand_0007282_jpg.rf.35bef37e0492e2aedfb72f8e659e7e28.jpg,1,1,1,1,0,1
Hand_0007203_jpg.rf.bab88adf0dc4c4af074b94c37c5668ad.jpg,0,1,1,0,1,1
Hand_0006601_jpg.rf.3a2e86e37ae5d2827eeeaacc3f2a1402.jpg,1,1,1,1,0,0
Hand_0007085_jpg.rf.d665ad0c114d050ebf0dc0e1ccad07cd.jpg,0,1,1,1,1,1
Hand_0007090_jpg.rf.782e0889ef9640002a7fa7c3dc663691.jpg,1,1,1,1,0,1
Hand_0007091_jpg.rf.fbc2e3384e2a81f36cf552b3b158b0ab.jpg,1,0,1,0,0,0
Hand_0007505_jpg.rf.eabc3ed43c058ea46de47d4d32538340.jpg,0,1,1,0,1,0
Hand_0007160_jpg.rf.7d5ca3d79f6b6a6f48740e5ed16e112e.jpg,1,0,0,1,1,1
Hand_0007508_jpg.rf.502b58c0fed3bf6b2e9205aeb1f0dd7f.jpg,1,1,0,1,1,0
Hand_0006593_jpg.rf.64b9c8eb1f46f4e0959f93a147eb97f2.jpg,0,0,1,1,1,0
Hand_0007500_jpg.rf.be923c4c67065752acd1b59df46b71c1.jpg,1,0,1,1,1,0
Hand_0007507_jpg.rf.3e2262c5a35e31d9008e984b5bed4fa7.jpg,1,1,1,0,0,1
Hand_0007504_jpg.rf.f6889ad7c73dbeee5ab02ed1c0d3322a.jpg,1,0,1,0,1,0
Hand_0007476_jpg.rf.3672ba17156d8768a8b782a83c36d80a.jpg,1,1,0,1,1,1
282_image_palm_jpeg_jpg.rf.7c2d898083b8617ea7c1d4d300da3fe6.jpg,1,1,1,1,1,1
Hand_0007510_jpg.rf.28021b85a2dde9722bbf5058cffb24eb.jpg,0,1,1,1,1,1
Hand_0007509_jpg.rf.07c69499fe7e9c90f9cfdd22d62be269.jpg,1,1,1,1,1,0
Hand_0007053_jpg.rf.d89815d9dbfdc7c8c7b74c0280f04ce2.jpg,1,1,1,0,1,1
Hand_0007099_jpg.rf.ef023ca897cf3f56c7edb5068812dbbb.jpg,1,0,0,1,1,1
Hand_0007478_jpg.rf.a2900b90bbb942321c3cac5425d89140.jpg,1,1,1,1,0,1
Hand_0007084_jpg.rf.0bae659063c650b0d7963fc293428d37.jpg,0,0,1,1,0,1
Hand_0007501_jpg.rf.c1286772ae091687ce40de2d90ca7c84.jpg,1,0,1,1,0,1
Hand_0007472_jpg.rf.c5556e098d785aff9a6d35660b7e1f3e.jpg,0,1,0,0,0,0
Photo_jpeg_jpg.rf.8b31a04888990e44d893102159a8e6b2.jpg,0,1,0,1,1,0
Hand_0004409_jpg.rf.383df0ccea4c80209f51aea5f28a913f.jpg,1,0,1,1,0,0
Hand_0007502_jpg.rf.ac62989e7bd6fc151c44780773f00dca.jpg,1,1,1,1,1,0
Hand_0007477_jpg.rf.abb3f4a9d92370ff03590a1f20a91315.jpg,1,1,0,1,1,0
Hand_0007506_jpg.rf.f67bbce1893b4f6fedc927f653b997d9.jpg,1,0,1,1,1,1
Hand_0004466_jpg.rf.4d30efafe9fe280de8048a00a2758e8f.jpg,1,1,1,1,0,0
Hand_0004465_jpg.rf.93bc4196e912857d98e90df3bc701626.jpg,1,1,1,1,1,1
Hand_0007474_jpg.rf.886ce443d1b73e8d4b1f99381c37bc41.jpg,1,1,0,1,1,1
Hand_0004409_jpg.rf.e2c887dd91126882b8de03fa6d733902.jpg,1,1,1,1,0,1
Hand_0004419_jpg.rf.2cfe581126fe91f18c954b36a53ff302.jpg,0,1,0,0,1,0
Hand_0004467_jpg.rf.82c36ae5fa7a7049f6b86c6a5dfefa1a.jpg,0,1,1,1,1,1
Hand_0007473_jpg.rf.67c5beeda0e5a120f18724ad5a706248.jpg,1,1,0,1,1,1
Hand_0004419_jpg.rf.17f59876a5a47d43b45bb8a77395e45b.jpg,1,1,1,1,0,0
Hand_0007401_jpg.rf.813579de4a95229e4b0a8ea5b0c998f4.jpg,1,0,1,1,1,1
Hand_0007471_jpg.rf.80517b61a75e712088ed35b7f2fe331e.jpg,1,1,1,1,1,0
Hand_0004464_jpg.rf.307dad29a680ab35ed96f79a102a9780.jpg,0,0,1,1,1,1
Hand_0004207_jpg.rf.ad18b9306d18adee97c919154a54a2e6.jpg,0,0,0,1,1,1
Hand_0007403_jpg.rf.2bef8163e20f2e4da6b24da99be8cc66.jpg,1,0,0,1,1,1
Hand_0004466_jpg.rf.d7fb79cbc222c8c42413b6615d938a15.jpg,0,1,1,0,0,1
Hand_0004409_jpg.rf.37128748781545b550589fb3a8d39741.jpg,1,0,0,1,1,1
Hand_0004464_jpg.rf.4bccfa4d0b972afbade02bbd4aa93f5f.jpg,1,0,1,1,0,1
Hand_0004419_jpg.rf.6e4bbe4988cbe60592f8986e8cfa8ccc.jpg,0,1,1,1,0,0
Hand_0004464_jpg.rf.8c1c45a2b63e1ddb114938b53f71734d.jpg,1,0,1,1,1,1
Hand_0004414_jpg.rf.4060a791417151a9fce572aaad8a4406.jpg,1,0,0,1,1,0
Hand_0004474_jpg.rf.51f2517a42a0575972cb459f94067c2d.jpg,0,0,1,1,0,0
Hand_0004248_jpg.rf.5c2bd57f6c7366cee4f8cdc2aab98dd3.jpg,1,1,0,0,1,0
Hand_0004468_jpg.rf.17b8dc683a9f8cc3fe7bcffe1fdcba8b.jpg,1,0,0,1,1,1
Hand_0004468_jpg.rf.0d1569994878dbdd2b8bd35adeb3317b.jpg,1,1,1,0,0,0
Hand_0007402_jpg.rf.763d9dcead3d7635023cc4fce3cef39d.jpg,0,1,1,0,1,0
Hand_0004414_jpg.rf.d71460038adb085737439acaf7cc650d.jpg,1,1,0,1,1,1
Hand_0007214_jpg.rf.cf9de4dadb94fb9193d408becf35c688.jpg,1,1,1,1,0,1
Hand_0004465_jpg.rf.f77ce9f95b27827a8fe2ce4968ebd34b.jpg,1,1,1,1,0,1
Hand_0004248_jpg.rf.94c38b7de492333448b20863409e7109.jpg,1,1,1,1,0,0
Hand_0004482_jpg.rf.c7560733408e0c51507bd30aaf98fdb8.jpg,1,1,0,0,1,1
Hand_0004474_jpg.rf.7155625f0eb976b15d747dfd5adb952c.jpg,1,1,0,0,0,1
Hand_0004257_jpg.rf.fad5b2ff5796b5da9b8bd9f9f9b1b73b.jpg,1,0,1,1,1,1
Hand_0004482_jpg.rf.8258b889a17cd72961ca8d1a6e0f1c0a.jpg,0,1,1,1,1,0
Hand_0004467_jpg.rf.2a122f52091d6d4e603598fd1414f72f.jpg,0,1,1,1,0,1
Hand_0004473_jpg.rf.fcf23c1ced46883076ea2791ef78bc15.jpg,1,0,1,1,1,1
Hand_0004473_jpg.rf.f77868b82eb1c3b265f00c9b88ed962b.jpg,1,1,1,1,1,0
Hand_0004348_jpg.rf.be59e410cd0b4620f934a8550ab8c167.jpg,0,1,1,1,0,1
Hand_0007591_jpg.rf.0d780bab3080504cbd70ffb644fd0137.jpg,1,1,0,0,0,0
Hand_0007622_jpg.rf.77f4cc6ef037e74cbf159ab529b0d6c8.jpg,1,1,1,0,1,1
Hand_0007587_jpg.rf.03e9958d9b0deda0bfca552d22329773.jpg,1,0,0,1,1,1
Hand_0004474_jpg.rf.21ee4a92a09218e6fa03841ba4db79dc.jpg,1,1,1,1,1,1
Hand_0007572_jpg.rf.8937410b19e13b621ad5255750105698.jpg,0,1,1,0,0,1
Hand_0004473_jpg.rf.d97a352a63e31022eb80006ade19420c.jpg,0,1,1,1,0,0
Hand_0007573_jpg.rf.91f329e8782a7bdaae8e5b90d3a8434a.jpg,1,1,1,1,1,0
Hand_0007215_jpg.rf.1785b2201602ddb9cc70bce708a1523e.jpg,1,0,0,0,1,1
Hand_0004344_jpg.rf.ec319fa97d870bbadb407fbf7e890e57.jpg,0,0,0,0,1,1
Hand_0004467_jpg.rf.6cff9fcc9b55a7327a99fda62ef7d195.jpg,1,0,1,0,0,1
Hand_0007618_jpg.rf.4b51c8f17a9879c20ae1adff92d1415a.jpg,1,0,1,1,1,0
Hand_0004349_jpg.rf.e7b5fc93d478ab7472de61029d6efa22.jpg,1,1,1,0,1,1
Hand_0004468_jpg.rf.ff2f1b8b096bb41015a1b0d97b8d5f6b.jpg,0,0,0,1,1,1
Hand_0007584_jpg.rf.2f2f9ecaaa627725af83d4560e400842.jpg,0,1,0,1,0,1
Hand_0010731_jpg.rf.62eeee5f9bf49da19af401baecc181c9.jpg,1,1,0,0,0,1
photo_2024-03-22_18-03-59_jpg.rf.5054dba0f665a8ce25fd4fc7bffbba91.jpg,0,1,0,0,1,0
Hand_0007588_jpg.rf.bb09def6cd1439b4f01835d00f5fa0f0.jpg,1,0,1,0,1,1
Hand_0007558_jpg.rf.3122ef36a38c8768d40aa66e6c559f65.jpg,1,0,1,1,0,1
Hand_0007617_jpg.rf.85e38ccb80fa29864908d548ba760f97.jpg,0,1,1,1,0,1
Hand_0007592_jpg.rf.dd3c3f80e359584ef2b4bcdf1b244b50.jpg,0,0,1,0,0,1
Hand_0004291_jpg.rf.92ad388fb00d2d85285dd5630aae38f7.jpg,0,0,0,1,0,1
Hand_0010724_jpg.rf.bbd9f07ccae36710057272edec1190a7.jpg,1,1,0,1,1,0
Hand_0007554_jpg.rf.7f9782fecfa793934ec699a58cbdd2dd.jpg,1,0,1,0,1,0
Hand_0007623_jpg.rf.b189f0ed150b89add6195ed9ad6a702b.jpg,1,0,0,1,1,1
Hand_0007569_jpg.rf.852b885e8d99c3237352d56b6cbfa07b.jpg,1,1,1,0,0,1
Hand_0007589_jpg.rf.e8eea0ea2e735a6ea067adc2ccc56278.jpg,0,1,0,0,1,1
Hand_0007614_jpg.rf.cc7e3d5dcec5ff63a785845ec3c602aa.jpg,0,1,1,1,0,0
Hand_0010727_jpg.rf.01121b36cca938b8a5eb4d2fd0a82425.jpg,1,1,0,0,1,1
Hand_0010725_jpg.rf.bd7e124db4f0bcc9f8f1aa966c4dae99.jpg,1,0,1,1,1,0
Hand_0010767_jpg.rf.c3a3fe9d708f022bfb7d82173a0bd857.jpg,1,1,0,1,1,0
Hand_0004509_jpg.rf.c94649922cb7c0a7a577082751ca8bf1.jpg,1,0,0,1,1,1
photo_2024-03-30-13-58-50_jpeg_jpg.rf.b881be95edc66318257cc998b00f9431.jpg,1,1,1,1,1,1
photo_2024-03-30-13-58-48_jpeg_jpg.rf.167a927798a44ec7143b6f6da3dcc998.jpg,0,1,0,1,1,1
Hand_0010764_jpg.rf.43096f223157b7ca1bfcff2b88a5b7c7.jpg,1,0,0,1,0,1
Hand_0004511_jpg.rf.2531a25ce6f25e33b3a814037e99c3c9.jpg,1,1,1,1,1,0
photo_2024-03-30-13-58-47_jpeg_jpg.rf.676e3a95cb770776d0ab783ed851a14a.jpg,1,1,0,0,0,1
Hand_0007571_jpg.rf.a2c8aeb1081dec71b18d1ddb05848f76.jpg,0,0,1,1,1,1
Hand_0007616_jpg.rf.03a8702fb3a3ed6b599e2d53a5cb55d0.jpg,0,0,0,1,0,0
Hand_0010795_jpg.rf.48f2241078dfa389b3eaa52f00f21c09.jpg,1,1,1,1,1,1
Hand_0004354_jpg.rf.83b1eb14b0bfba2bb3c45624bc0773bc.jpg,1,1,1,1,0,1
Hand_0007620_jpg.rf.c827e3fb5ae0cd81c8fa953724bb9fe1.jpg,0,1,1,0,0,1
Hand_0007407_jpg.rf.216f63fd9030fd357e1cf3e544c8aa8e.jpg,1,1,0,0,0,1
IMG20240331203935_jpg.rf.e43b0e234e510b5bdc0978fd0e59b471.jpg,0,1,0,1,0,1
Hand_0007433_jpg.rf.83d33da5fc5a65060f8a27cc04efcc17.jpg,1,0,1,0,0,1
Hand_0007410_jpg.rf.2b5b19aa65e57790458fe995b6f865bf.jpg,1,0,1,1,0,0
Hand_0010730_jpg.rf.e8841d7cbfc616eaae3776c01a8fc226.jpg,0,1,1,1,0,0
Hand_0007436_jpg.rf.86067a9432a86175c91a715c4fdd25cb.jpg,1,0,0,1,1,1
Hand_0010735_jpg.rf.0276ebc7537442412db38f17d93e5380.jpg,1,1,0,0,0,0
Hand_0007438_jpg.rf.7ccac16028c4b3dfe719fc252e650b07.jpg,0,0,0,1,1,1
Hand_0004466_jpg.rf.797349693bab15663006c03e096e9c67.jpg,1,1,1,1,1,1
Hand_0007404_jpg.rf.6c8f12630d4e38727dbf317143486f8a.jpg,0,1,1,1,1,0
photo_2024-03-22_18-03-58_jpg.rf.84f791dda851e3a2296726cfa391505a.jpg,0,0,0,1,1,0
Hand_0007437_jpg.rf.86185ea0ec3d625598d4024734e92ede.jpg,0,0,0,1,1,1
Hand_0010729_jpg.rf.f540eca7671e8df0ab3ffefded22e8fd.jpg,0,1,0,1,1,0
Hand_0007432_jpg.rf.bb3b7529229c879c5905d4b8a5c1a6a0.jpg,1,1,0,1,0,1
Hand_0007321_jpg.rf.7b6c7b3f12cf001ded1a74a415fa440a.jpg,0,1,0,0,0,1
Hand_0007439_jpg.rf.0158bd98c5889282b775c36191d5fa74.jpg,1,1,0,1,1,0
Hand_0004465_jpg.rf.33e137c675e2c9ca1724cb9e8cb3662b.jpg,1,1,0,0,0,1
Hand_0007406_jpg.rf.d732a4268bd8d53f13fd4081da45263b.jpg,0,0,1,1,1,0
Hand_0007285_jpg.rf.ab83ab38ac9dcb2fe4c58e82e1248d64.jpg,0,0,0,0,0,1
Hand_0007408_jpg.rf.dceab4e1a1733d9a3640781244ad3019.jpg,1,1,0,1,1,1
Hand_0007325_jpg.rf.35c695617d1026a53e2828ac83d031de.jpg,1,1,1,1,1,0
Hand_0007288_jpg.rf.ad2b0e84c9ea3a87df549d7b1dd8191f.jpg,1,1,0,1,1,1
Hand_0004414_jpg.rf.c297414ca31a447edd8c810078a0a384.jpg,1,0,1,1,1,1
Hand_0007431_jpg.rf.fd4aaa49d0e4b47e893cb2658699eaf3.jpg,0,1,1,1,1,0
Hand_0007283_jpg.rf.cbfd507e1cb1e2c6088524657fcbf86c.jpg,0,0,0,1,0,1
Hand_0007315_jpg.rf.92b3fc9686723d09620f62ec06f7e83a.jpg,1,1,1,1,0,1
Hand_0007316_jpg.rf.6cbc29bf6ff6e4cb4c867eb54f49b32b.jpg,1,1,0,1,1,0
Hand_0007291_jpg.rf.8bcc32e976716b4e7637f33f7306c970.jpg,1,1,1,1,1,0
Hand_0007290_jpg.rf.9f0260ffd592d572cc2561db609bd6bc.jpg,1,1,1,1,1,1
Hand_0007469_jpg.rf.dc1ce9bb165102e470931c169618e77a.jpg,1,1,0,0,1,1
Hand_0007409_jpg.rf.bb86b34c9fd9a4e1ed31f3598da2674b.jpg,1,1,0,1,1,1
Hand_0007322_jpg.rf.f594c12dd28eaf285c66f7fc94296e69.jpg,0,0,1,1,0,1
Hand_0007405_jpg.rf.b6d43ad9096c580b57539b28e51034c0.jpg,0,1,1,1,1,1
Hand_0007317_jpg.rf.bb85ff5ae0f3b79fcee84e64cef8da44.jpg,1,0,1,1,1,1
Hand_0007434_jpg.rf.e0354bcd9105c62281be849454ab9ad1.jpg,1,1,0,1,1,1
Hand_0007435_jpg.rf.ec6b3367ced9dae9bb6fb93f68e0bc3a.jpg,1,1,1,1,0,0
Hand_0007323_jpg.rf.1feb3e9d533aa0ef3199c9fb8e7da3e4.jpg,0,1,1,0,0,1
Hand_0007289_jpg.rf.a8af6fc269d7d6649f253c5203c3b053.jpg,1,1,1,1,1,1
Hand_0007320_jpg.rf.d660d50c53f51f0118521e62d122ee2e.jpg,1,1,0,1,1,0
Hand_0007286_jpg.rf.92a3db117c2a3961041adec987d863eb.jpg,1,1,1,1,0,0
Hand_0007318_jpg.rf.86473b8e86b18a85afede7ad933972ce.jpg,1,1,1,0,1,1
Hand_0007326_jpg.rf.b9b487c6cff1f2140bd39a1d90bc0dd7.jpg,1,0,1,1,1,1
Hand_0007087_jpg.rf.300a7a360aa0b3404341f03138ca616f.jpg,1,1,0,1,1,0
Hand_0007284_jpg.rf.148a0cd4681a49cfa8707b78ea0177ef.jpg,0,1,1,1,0,0
Hand_0007287_jpg.rf.db63268ea69dd0af8facd6eed68b45a1.jpg,1,1,1,1,0,1
Hand_0005614_jpg.rf.2d86f2e2091634bd634cfbd5e4d3119e.jpg,1,1,0,0,0,0
FIMG_0167_JPG_jpg.rf.fac64801a1f9bb426fe82e16b68b4877.jpg,1,1,1,1,0,0
Hand_0005611_jpg.rf.4de1f2b5a099ae0fe88cb66772b511ad.jpg,0,1,1,1,0,1
Hand_0005623_jpg.rf.884c1edd0c6df63c4cf9f3ed20369312.jpg,0,0,0,1,1,1
Hand_0005640_jpg.rf.1e1e99ed0fabd2ccd4200e703ffe6133.jpg,0,1,1,1,1,1
FIMG_0203_JPG_jpg.rf.8fbadfa2d00f2a8a922d567043f0af94.jpg,1,1,1,0,0,0
Hand_0005620_jpg.rf.a6d641c47d8ea6d63fe20e6ec19409e6.jpg,1,0,0,1,0,0
FIMG_0109_JPG_jpg.rf.a19c74a6ec9ffc13800e18b17c9ce2dc.jpg,1,1,0,1,1,0
Hand_0005612_jpg.rf.c40c65c4f9d242aad2a3305428568c3e.jpg,0,1,0,1,0,0
Hand_0005611_jpg.rf.8798a9e11dec51c24f2de05eff921c0b.jpg,1,0,0,1,1,1
FIMG_0203_JPG_jpg.rf.e93071ff0464a9f3bf3920f841b4f6a7.jpg,1,0,0,1,1,1
Hand_0005620_jpg.rf.84defd24c04b2aab2238c564fc4c2734.jpg,0,0,1,1,1,1
Hand_0005561_jpg.rf.10a51d5d670c65abca1f51ddcbc65fd4.jpg,1,1,1,1,1,0
Hand_0005614_jpg.rf.d934b484aae4d901751503d21b773538.jpg,0,0,1,1,1,1
FIMG_0158_JPG_jpg.rf.fac3819926ed03b0df844c5fc5a1732d.jpg,1,1,0,1,1,1
Hand_0005574_jpg.rf.55013b5595f8b4900102e15ac0289dea.jpg,1,1,0,0,0,0
FIMG_0158_JPG_jpg.rf.c84c68f1477bce227e3f7d384cd0fc88.jpg,1,0,0,0,0,1
Hand_0005623_jpg.rf.4e57471cc07477a70271d6ffeba90c6c.jpg,1,0,1,1,0,0
Hand_0005579_jpg.rf.48564e0abe5106ca6ff6b61b498354ba.jpg,0,1,1,0,1,0
Hand_0005574_jpg.rf.588c9209d987189c5def7d81347b2123.jpg,1,0,0,1,0,1
Hand_0005581_jpg.rf.1c452067aa89d789460e0f6eed6d4f6c.jpg,0,1,1,1,0,0
Hand_0005574_jpg.rf.5e480d66150304e1e3b6dab9b1b87648.jpg,1,1,1,0,0,0
Hand_0005579_jpg.rf.5920fd76d71b8bc3514de7851dcbb48a.jpg,1,0,0,1,1,0
FIMG_0121_JPG_jpg.rf.949fe02c38aaeaed877d24baaac00fbd.jpg,1,0,0,0,0,1
Hand_0005560_jpg.rf.80bc5d03c6f3b4e9d92bcfc8c0bb19ae.jpg,0,1,1,1,1,0
FIMG_0168_JPG_jpg.rf.91f4eabbd7ac2139ed38fd8831f7809f.jpg,0,0,0,1,1,1
Hand_0005579_jpg.rf.a43f0bbcb603574685d2d0fb772ae98b.jpg,1,1,1,0,0,0
Hand_0005575_jpg.rf.c4794819c525c7571cb09c48f16eeed9.jpg,1,1,1,1,1,1
Hand_0005565_jpg.rf.9cae1efa380e9584c8b81e7e1a2cb9f5.jpg,0,0,0,0,1,1
Hand_0005577_jpg.rf.90d011e2162a3b3fa461d840a1c316df.jpg,0,1,1,1,0,1
Hand_0005575_jpg.rf.babc308a6647063646ae252bdb02af26.jpg,0,1,1,1,0,1
FIMG_0110_JPG_jpg.rf.c15f19fd5f5019abc20c00bed16b2738.jpg,1,1,1,1,1,0
Hand_0005565_jpg.rf.8721028ab222dba6dbbd2c6d1e379e48.jpg,1,1,0,1,1,0
Hand_0005575_jpg.rf.b80db11c0dd12ac42205bfed61b33361.jpg,1,1,0,1,0,1
Hand_0005577_jpg.rf.8377803b983adc44a727d731cef30b43.jpg,1,1,0,1,0,0
Hand_0005623_jpg.rf.832823f81144f44400c208de6328642a.jpg,1,1,1,1,1,1
FIMG_0084_JPG_jpg.rf.01e1b173ed8e9981afc3b6e32aafc65b.jpg,0,0,0,1,0,1
Hand_0005581_jpg.rf.931a47b7849f5f2b427602973e0d18e7.jpg,0,0,1,1,1,1
Hand_0005643_jpg.rf.6d81ce6285bb2dc9a3b78b9abf640cb2.jpg,1,1,1,1,0,1
Hand_0005614_jpg.rf.66ab3fb1664e3a7984e36d1b7eef914e.jpg,1,0,0,1,1,0
FIMG_0085_JPG_jpg.rf.28dcfc7cca350e5e010a7eff34a00064.jpg,0,1,0,1,0,0
FIMG_0084_JPG_jpg.rf.4bb8e739daaccedf465613335c24b5fc.jpg,1,0,1,1,1,1
Hand_0005577_jpg.rf.d04af5ec3525ba04a5c9a8b57cb4eb99.jpg,1,0,1,0,1,1
Hand_0005560_jpg.rf.c4fe8a9e2dead0f5df75fb1165d5e55f.jpg,0,1,0,1,0,0
Hand_0005643_jpg.rf.0d03fba9877aaa25d2e8f4fd03bcf146.jpg,0,1,0,0,1,1
Hand_0005641_jpg.rf.9737bcadae566a8490e58c3820f4ae10.jpg,0,0,0,1,0,1
FIMG_0203_JPG_jpg.rf.74274b4f412a8ff9a4d95c64a658f65a.jpg,1,1,0,1,0,1
FIMG_0109_JPG_jpg.rf.d9750dba31b60434054b7b86d377c469.jpg,1,1,1,1,0,1
Hand_0005642_jpg.rf.678cb10f79dbfbe0ac9f667165ba0421.jpg,0,1,0,0,0,1
FIMG_0202_JPG_jpg.rf.52a9fb831d7789831414e3b1cbff6fc5.jpg,1,1,1,1,1,1
Hand_0005560_jpg.rf.b36cbf1cc06182b3963fd61f9c108545.jpg,1,0,0,1,1,0
FIMG_0109_JPG_jpg.rf.fa6e54e7988992c35445d8b43d30a0f8.jpg,0,1,1,1,1,0
Hand_0005644_jpg.rf.e72eb7f40883161704d2bdeb59d7144c.jpg,1,1,1,1,1,0
Hand_0005644_jpg.rf.6b78dcf5cccb35c29aa41be178f204c0.jpg,1,0,0,1,1,0
FIMG_0205_JPG_jpg.rf.ec4030de9f04c3c508aa137357409bf3.jpg,1,0,0,1,1,1
FIMG_0112_JPG_jpg.rf.ed8de64f6edd0a0c58e0407b5a44c912.jpg,1,1,1,0,0,0
Hand_0005644_jpg.rf.c476cec92fccb24f5bab078ded0fa853.jpg,0,1,0,1,0,0
Hand_0005641_jpg.rf.98690c2e96596cb7962c41bfc722dbc7.jpg,1,1,1,1,0,1
Hand_0005642_jpg.rf.c134294c14bb95d09e0b6b0bce7d461d.jpg,1,1,0,1,1,1
FIMG_0084_JPG_jpg.rf.ba67ed652bf61fcd90e018b89084491c.jpg,0,1,0,1,1,1
FIMG_0161_JPG_jpg.rf.f8b7bdbaf75ca4960ba73e1f55730be3.jpg,0,1,0,1,1,1
Hand_0005642_jpg.rf.8ddf3374f4db776a5fa2db18d27e6179.jpg,1,0,1,1,0,1
Hand_0005512_jpg.rf.1ef6ea3b9f1ec78d75736533ee2395d5.jpg,1,1,1,1,0,0
Hand_0005643_jpg.rf.9062b64bae20a6e7a7f6ce460ba2d749.jpg,1,1,1,0,1,1
Hand_0005501_jpg.rf.162564d2d39d2709318b0b3af44cd36c.jpg,1,1,1,1,0,0
Hand_0005641_jpg.rf.a77d4e9fd902f2693bbcb7ade7bd1cfb.jpg,1,1,1,1,1,0
Hand_0005527_jpg.rf.5d89bfe2ff9417768d62b579f599fe2f.jpg,1,0,1,0,1,1
FIMG_0205_JPG_jpg.rf.df6b3521c68cfa510f99a6f0b28d87fa.jpg,1,1,0,1,1,0
Hand_0005502_jpg.rf.43b055becc3630b2b8dc2149ad32961c.jpg,0,0,0,1,1,0
Hand_0005529_jpg.rf.7a580d347500118de9197a1fe36f650b.jpg,0,1,1,1,0,0
Hand_0005529_jpg.rf.d11214771bc6aa919a466d4b9a872c61.jpg,1,1,0,1,0,1
FIMG_0110_JPG_jpg.rf.e5387776a4fd0144a49fbe0090eb933b.jpg,1,0,1,1,1,0
Hand_0005512_jpg.rf.24243a64cf8e764c233dec1482648e2b.jpg,0,1,1,1,1,0
Hand_0005500_jpg.rf.4ed2a68bdbd65811de464e3882416d19.jpg,0,0,1,1,0,0
Hand_0005502_jpg.rf.d0e52c4c650a3a4d53e1105c050013ac.jpg,1,0,1,1,0,0
FIMG_0111_JPG_jpg.rf.f1150d8d676b94d6b2bd114f7f9c2022.jpg,0,1,1,1,0,1
Hand_0005531_jpg.rf.691aed311b03cc849af7b74e82437a74.jpg,1,0,0,1,1,1
Hand_0005611_jpg.rf.0011bbc2cebd2d58c42b40bab968630b.jpg,1,1,1,1,1,1
Hand_0005445_jpg.rf.2a58c31a3728ffe8c740caeb9bac08fe.jpg,0,0,0,0,1,0
Hand_0005533_jpg.rf.86b12bf8c13f8cf1a94d5bb3a60741f9.jpg,1,0,1,0,0,1
Hand_0005501_jpg.rf.6cbe6875e5d07d40d09dfd395b5e5282.jpg,0,1,1,1,0,0
Hand_0005529_jpg.rf.265a3196157b9a94f183903cb65a76f0.jpg,1,0,0,1,1,1
Hand_0005503_jpg.rf.1964cae44153166a3c51c33374247859.jpg,0,0,1,1,0,0
Hand_0005525_jpg.rf.f944af648a808ecf5286cac786f576c3.jpg,1,0,0,1,1,1
Hand_0005499_jpg.rf.497f05724bfbb19a67a87c56cfdfde62.jpg,1,1,1,1,1,0
Hand_0005445_jpg.rf.330fa7ebeb835cda2a8e51afa43823eb.jpg,1,0,1,1,0,0
Hand_0005474_jpg.rf.1ee4ff14f81e839ffde434d1455f123d.jpg,0,0,0,0,1,0
Hand_0005531_jpg.rf.6dc86ab10335204645099391703e172f.jpg,0,1,0,1,0,1
Hand_0005476_jpg.rf.36e091dea57ec3cc8d6924331a43ddfa.jpg,0,1,1,1,0,0
Hand_0005502_jpg.rf.6e51871573cf6e5683a0cc249cb33c29.jpg,1,1,1,1,0,1
Hand_0005620_jpg.rf.751d2d33a3171d2fbc52842efe6a041a.jpg,0,0,0,1,0,1
Hand_0005525_jpg.rf.7f227938c4d01ac19ef813b4982f6517.jpg,0,0,1,1,1,0
Hand_0005613_jpg.rf.02841d179d4aee9776c68f57af555157.jpg,1,1,0,1,1,1
Hand_0005476_jpg.rf.3f7b469221b2eca601c27e0909f20a67.jpg,1,0,0,1,1,1
Hand_0005445_jpg.rf.4cfbab6b3a5506aa1b51d428afbfbdea.jpg,1,1,1,1,0,0
Hand_0005475_jpg.rf.47cbfe8c15fd6236c45ef0097959efe6.jpg,0,1,0,1,0,1
Hand_0005472_jpg.rf.71d2224deb0fb768b4f987d7c0964fb9.jpg,0,0,1,1,1,1
Hand_0005501_jpg.rf.fb0a0d8a2ef20253f74929b492489be5.jpg,0,0,0,1,0,0
Hand_0005475_jpg.rf.1cb69ebbbaeaa9663ef470b08c17fb00.jpg,1,0,0,1,0,0
Hand_0005531_jpg.rf.cc65abf749f082857041015d0c090dce.jpg,1,0,0,0,1,1
FIMG_0121_JPG_jpg.rf.95f9d5cb2e73c84ec2e69362f8fb78a9.jpg,1,1,1,1,1,0
Hand_0005500_jpg.rf.5da83ab7d7cf5864deb38816a0e5c5df.jpg,0,1,1,1,0,0
FIMG_0114_JPG_jpg.rf.e50300984e0b51c19fc0383ba96e664e.jpg,1,1,1,1,1,0
Hand_0005473_jpg.rf.a3743bf231ae480abb2edfb3ac5a27a4.jpg,1,1,0,1,0,1
Hand_0005475_jpg.rf.59bb7ba8460f2ed75a71b23324a3cd99.jpg,0,1,0,1,1,1
Hand_0005473_jpg.rf.5d3cd075c98ecb3783ff27008b8a0b71.jpg,0,1,0,0,1,0
FIMG_0191_JPG_jpg.rf.271e8dcef88e45a17483fb8a762135ea.jpg,1,0,1,0,1,0
FIMG_0186_JPG_jpg.rf.51685f893bff922a832b735a7b3efd1b.jpg,0,1,1,1,0,1
Hand_0005476_jpg.rf.f84269a7f7e5d8e632ddc8c2e25ed0bd.jpg,1,0,1,1,0,1
FIMG_0189_JPG_jpg.rf.9b61bd89bc10b737616c96773b35bb6f.jpg,1,1,1,1,0,0
FIMG_0190_JPG_jpg.rf.7fdd7fc928cd1120137b3f0e99489856.jpg,0,1,1,1,1,1
Hand_0005500_jpg.rf.b2e8ef5ecebae16544fa228bb669aaaa.jpg,1,1,1,1,1,1
Hand_0005474_jpg.rf.74d04d323eabbcc552b6611418e41fb2.jpg,0,1,1,0,1,1
FIMG_0189_JPG_jpg.rf.c26f56a27c0acd5c1740e8a5fdfb6f7c.jpg,0,0,0,1,0,1
FIMG_0191_JPG_jpg.rf.711b9469d9805ec053c4ede179248f1c.jpg,0,1,1,1,0,1
FIMG_0191_JPG_jpg.rf.6200b6a0efc9488fa863d444b5c164e2.jpg,1,0,1,1,0,1
FIMG_0192_JPG_jpg.rf.d26037b35ba232334322617150cf1461.jpg,0,1,1,1,0,1
Hand_0005499_jpg.rf.c56bb9b98a0fc80467c95ae49f0b6240.jpg,1,1,1,1,0,0
Hand_0005443_jpg.rf.76fb641250cd47e52f5635c5e691fc2a.jpg,1,0,0,1,1,1
FIMG_0190_JPG_jpg.rf.b8286db99cc663ef544a4c3680d3664d.jpg,0,1,1,1,0,1
Hand_0005443_jpg.rf.c1fc4f51266b1536ff6cc0f0964470ed.jpg,1,1,1,0,1,0
FIMG_0110_JPG_jpg.rf.d81c6fbb7cbdadc5934c19b9ea120c36.jpg,1,1,1,1,0,0
FIMG_0189_JPG_jpg.rf.f89b77a0d29547f6310505d83af4bed6.jpg,0,1,1,0,0,1
FIMG_0215_JPG_jpg.rf.47ff02c0baa88bfad3a9507f29990377.jpg,1,1,1,0,1,1
FIMG_0171_JPG_jpg.rf.32dc61e303378c2361b2ede4b86e898b.jpg,1,1,1,1,0,1
FIMG_0190_JPG_jpg.rf.9a0645908abf7315c83430b82fa62cfc.jpg,0,1,0,1,1,0
FIMG_0171_JPG_jpg.rf.0a0c6b29d0422f15a80d8ebc472a5733.jpg,1,1,1,0,1,1
Hand_0005443_jpg.rf.e9a6f990e18f048777a7dca5ce1e9653.jpg,1,0,1,0,1,0
Hand_0005472_jpg.rf.dde87349c0a736727ab49f06f089f51e.jpg,0,1,1,1,1,0
FIMG_0188_JPG_jpg.rf.b8083d1e495d28f9ccf52aa5afdf3b7f.jpg,1,0,1,0,0,1
FIMG_0214_JPG_jpg.rf.0edaf5dd1880164e7568d9b4eb896bd3.jpg,1,1,1,1,1,0
FIMG_0328_JPG_jpg.rf.cf3f5837ba4b60246f84c6a500176e47.jpg,1,0,0,1,1,1
FIMG_0186_JPG_jpg.rf.1b9ff8d8cabeddf3309be49dbeb9a210.jpg,0,1,0,1,1,1
FIMG_0170_JPG_jpg.rf.1ead5637eddabd73415a4c9de8ffb113.jpg,0,1,0,1,1,1
FIMG_0331_JPG_jpg.rf.fe747625d68f7c3133d88b3cd2b6286c.jpg,1,0,1,1,1,1
Hand_0005474_jpg.rf.7716856db2698cdd0c327473a1a435e8.jpg,0,1,0,1,0,0
FIMG_0139_JPG_jpg.rf.394f20ac722dc811c88d5225da5b85b7.jpg,1,0,1,1,1,1
FIMG_0172_JPG_jpg.rf.4cdff307e6fdaa0c2c73dd37e5bf2113.jpg,1,1,1,1,0,1
FIMG_0215_JPG_jpg.rf.ba508ef42902a38765b12f6ad902c4ba.jpg,1,0,1,1,0,1
FIMG_0216_JPG_jpg.rf.e0787aacebfc585f74a022e4e96dbedf.jpg,1,1,1,1,0,0
FIMG_0186_JPG_jpg.rf.f2261dd75ac7f0a7d6ddb6e991102f85.jpg,1,1,0,0,1,1
FIMG_0217_JPG_jpg.rf.116609e9c807304ed5cb56efaf462b2a.jpg,0,0,0,1,0,1
Hand_0005672_jpg.rf.ebd424b2685eb3cacdeb02151efec9c8.jpg,1,1,0,1,0,1
FIMG_0138_JPG_jpg.rf.cf90eb506135a89d4e2d34fd7386ab4b.jpg,0,1,0,1,1,0
FIMG_0330_JPG_jpg.rf.a3227fe688494c0f870a1920d0175c29.jpg,0,1,1,1,0,1
FIMG_0214_JPG_jpg.rf.6dce23320f152ada0545e2e90c79ce75.jpg,0,0,1,1,1,0
FIMG_0216_JPG_jpg.rf.965a52b44c6ae295338b912ad4f534bf.jpg,1,1,0,1,0,0
FIMG_0172_JPG_jpg.rf.71e42666e7486ad105ee29870e616829.jpg,1,0,1,1,1,1
FIMG_0214_JPG_jpg.rf.bc14bcf4f03dce526b2a0a601cf3620a.jpg,1,1,0,1,0,0
FIMG_0170_JPG_jpg.rf.65680fa424ec5fe08094a029154f48fc.jpg,1,1,1,1,0,1
FIMG_0215_JPG_jpg.rf.6a1ea2678793dfb09925ffb5a334fd7b.jpg,1,1,1,1,0,0
FIMG_0199_JPG_jpg.rf.02cba3138f5ba8477f85db30948be082.jpg,1,1,1,1,0,1
Hand_0005640_jpg.rf.3046a5f086dd65a07c6b683f805be36f.jpg,0,0,0,0,0,1
FIMG_0298_JPG_jpg.rf.05c8abfb844490e8a1692f46a614af01.jpg,1,1,0,1,1,1
FIMG_0170_JPG_jpg.rf.e8d006bee640e68281071f5076843b86.jpg,0,0,0,0,1,1
FIMG_0201_JPG_jpg.rf.056c79b987d0ab696a00a4e7fb8c00b6.jpg,1,1,1,0,1,0
FIMG_0298_JPG_jpg.rf.0ff0157579ff906b58402a9b02fe251b.jpg,1,1,0,1,1,1
FIMG_0137_JPG_jpg.rf.628382368940808700904c6f8d18d5f7.jpg,1,1,1,0,1,0
Hand_0005700_jpg.rf.80e21a2c46283cca9fc940e166a8bbaa.jpg,1,1,0,1,1,1
FIMG_0300_JPG_jpg.rf.827733f3516a8911309f5ff6ad4ee66e.jpg,1,1,1,0,1,0
FIMG_0200_JPG_jpg.rf.7cda0f254f7099d9d5778e0ad6651b6d.jpg,1,1,1,1,1,1
FIMG_0200_JPG_jpg.rf.d6989abd4da6b6c420f33d5735934a88.jpg,1,1,1,0,0,1
FIMG_0308_JPG_jpg.rf.0f306e2b16321716b4d4bde150f97a32.jpg,1,0,0,1,1,1
FIMG_0201_JPG_jpg.rf.9a1641758382bc58237d3d0a31bfcc43.jpg,1,0,1,1,1,1
Hand_0005640_jpg.rf.277024530d89accec0994685f240f624.jpg,1,0,1,1,1,1
FIMG_0131_JPG_jpg.rf.244215282f9ebc2d7caaab8373b3e280.jpg,1,0,0,1,1,1
FIMG_0299_JPG_jpg.rf.55f3a212598d776cc1fd31cf9b29ceb1.jpg,1,1,1,1,0,1
FIMG_0302_JPG_jpg.rf.86ebc3bdbf6112a370e415cd265b1735.jpg,0,1,0,0,1,1
FIMG_0122_JPG_jpg.rf.a734f00285aa663b8f2c810722255660.jpg,1,0,0,0,1,0
FIMG_0298_JPG_jpg.rf.d49dc441c4bb3cff86f0aa75a71e1d0c.jpg,1,1,1,1,1,1
FIMG_0305_JPG_jpg.rf.d18da88c051231347f72e9ce5d702371.jpg,1,1,1,1,0,1
FIMG_0134_JPG_jpg.rf.01e347cb7ee1c3ee41067a1b1d30d8cd.jpg,1,1,0,1,1,1
FIMG_0126_JPG_jpg.rf.0d88eff75ccb1f21726edfa1b757dffd.jpg,0,1,1,0,1,1
FIMG_0299_JPG_jpg.rf.aeb8dc4a9d53c24aed7691ce0d3503c7.jpg,1,1,1,1,1,1
FIMG_0132_JPG_jpg.rf.767eb8475f90244c95cc56c427af0fa0.jpg,1,1,1,1,0,0
FIMG_0299_JPG_jpg.rf.1979c2715a8601671b8b7e257829cfb6.jpg,0,0,1,1,0,0
FIMG_0133_JPG_jpg.rf.cbfdf376b1474e78e4bd9e7d960ef4dd.jpg,1,1,1,1,1,1
FIMG_0302_JPG_jpg.rf.6858a7071e8321dddc11f5bed04d6e0f.jpg,1,1,1,1,1,1
FIMG_0132_JPG_jpg.rf.93dac1451f96527d65693921ed4b01a1.jpg,1,1,1,1,1,0
FIMG_0200_JPG_jpg.rf.151de86baef4e307bb938e5b68af138c.jpg,0,1,0,1,1,1
FIMG_0127_JPG_jpg.rf.2a7e3c745ea9b28686509032135fcc51.jpg,1,1,0,1,1,0
FIMG_0131_JPG_jpg.rf.83fefea134442fef0e6de33fe7d826b0.jpg,0,1,1,1,1,1
FIMG_0131_JPG_jpg.rf.e7d0c5bd4812f1209ace16d16227816a.jpg,0,0,0,1,0,1
FIMG_0123_JPG_jpg.rf.72e7f27e3cfb99142ad2cc415d1b39bb.jpg,1,1,0,1,0,1
FIMG_0124_JPG_jpg.rf.2e854eb7b1882568d408557fc073de3b.jpg,1,1,0,1,1,0
FIMG_0123_JPG_jpg.rf.cb29aa13df9aa708602c2ac8d23b5349.jpg,1,0,1,0,0,1
FIMG_0202_JPG_jpg.rf.8a27c4672a762f90ed18ce812c784e87.jpg,1,1,1,1,1,0
FIMG_0124_JPG_jpg.rf.56b9a4f7f139c83573e3ecaed29bfc1c.jpg,1,0,1,1,1,1
FIMG_0133_JPG_jpg.rf.f6672798d23bf911ddc09d83aa3359de.jpg,1,0,1,1,1,1
Hand_0005570_jpg.rf.5d5c1f5ec700ddad20d00948fa0834be.jpg,1,0,1,1,0,0
Hand_0000767_jpg.rf.bf3661c015c8344f5a758cca07dd5f0c.jpg,0,1,0,0,1,1
FIMG_0134_JPG_jpg.rf.9a060336dfe17c9f2a22602bdaab479f.jpg,0,1,1,1,0,1
Hand_0000793_jpg.rf.bd6032fedeee41ca35605e988e146f3f.jpg,1,1,1,1,0,0
FIMG_0124_JPG_jpg.rf.ac99cede47ef23361bfaedc327254155.jpg,1,1,1,0,1,0
Hand_0005568_jpg.rf.078ff1c3dda9bad97af070775290be3f.jpg,1,0,1,1,0,1
Hand_0005568_jpg.rf.b6884ac335ca2ddaee35c5bc3eccb7e4.jpg,0,1,1,1,0,1
Hand_0005567_jpg.rf.777170850efb734477d6584e5ba61f5b.jpg,0,1,0,1,0,0
FIMG_0132_JPG_jpg.rf.28a965ccdbff9fe6fd83b740c9c94106.jpg,1,1,1,1,1,0
Hand_0005565_jpg.rf.50b52f19b350e622ee719147d7d5b2dd.jpg,1,1,1,1,0,0
Hand_0005561_jpg.rf.fc3b90acfe4c2ef83ad1795aafd8c28a.jpg,0,1,1,1,0,1
FIMG_0090_JPG_jpg.rf.1863989a70d9eb3394ab8d5226aa5cfc.jpg,1,1,0,0,1,0
FIMG_0202_JPG_jpg.rf.7083104b2a2528a0b6ff8cd8581640b6.jpg,0,1,1,1,0,1
FIMG_0156_JPG_jpg.rf.43e02b95c9b7e386191d1adc4215615c.jpg,1,1,1,1,1,1
Hand_0005567_jpg.rf.a7be200174057b34c627595a8190b592.jpg,0,1,0,1,1,1
FIMG_0133_JPG_jpg.rf.d48e55f56c7fb7befbc719a1b0d711ba.jpg,1,1,1,1,1,0
Hand_0005567_jpg.rf.bbe3b7a453bfa27d07d12b0970ada94a.jpg,1,1,0,1,0,1
FIMG_0158_JPG_jpg.rf.93b7a42f1d89975d8746f72f233f997c.jpg,0,0,1,1,0,0
FIMG_0179_JPG_jpg.rf.3b592db22dbcef7dad11fc75743b11e0.jpg,1,0,0,1,1,0
FIMG_0178_JPG_jpg.rf.2f049af74e244ba969854572286fc72f.jpg,1,0,1,1,1,0
FIMG_0122_JPG_jpg.rf.f7b5f31a739d20f353853312264c45db.jpg,1,0,0,1,1,1
FIMG_0091_JPG_jpg.rf.940c67aa4efb16b37c62558a4e8fa843.jpg,0,1,1,1,0,1
Hand_0005568_jpg.rf.bf124db19790986e3e0a2c6be8f30b71.jpg,1,1,0,1,1,1
FIMG_0177_JPG_jpg.rf.2d302da66b64f78ddbd3fa81b875b0f2.jpg,0,1,0,1,0,1
FIMG_0177_JPG_jpg.rf.5879b9dd17fcdbef393431313188542e.jpg,1,1,0,1,1,1
FIMG_0094_JPG_jpg.rf.6702459098d2664ba5111b0ca43d4691.jpg,1,0,1,1,0,1
Hand_0005570_jpg.rf.f7afa55d376450a4f18008f1af04c6c2.jpg,1,1,1,1,1,1
FIMG_0094_JPG_jpg.rf.983f40086f2b7fd7e51bdfb098b29c00.jpg,1,0,1,1,0,1
FIMG_0180_JPG_jpg.rf.9d08838853f27dee23b9be58668bb80b.jpg,1,1,0,1,0,0
FIMG_0166_JPG_jpg.rf.ae49155fe00db5d7f8c3e9c7d973d314.jpg,0,1,1,1,0,1
FIMG_0201_JPG_jpg.rf.a92bab8914ffb5e4e7b088f42c60b5d7.jpg,1,1,1,1,1,1
FIMG_0178_JPG_jpg.rf.48c417284211112af1832068e1810e08.jpg,1,1,1,0,1,1
FIMG_0209_JPG_jpg.rf.d8263ba5bae8c06dcc0a506493f22274.jpg,0,1,1,1,0,1
Hand_0005570_jpg.rf.c7383a8162f0dd7c6e2fdfc95fff77e0.jpg,1,1,1,1,1,1
Hand_0005667_jpg.rf.24964fc3203876c14e341d8402f71152.jpg,1,1,1,1,1,0
Hand_0005561_jpg.rf.a057356f3c1f3b632338d674a87c8f3d.jpg,0,1,0,1,1,1
FIMG_0179_JPG_jpg.rf.a6ecf2d1fecfae618c1bc6b2aa00b67b.jpg,1,1,1,0,1,0
FIMG_0210_JPG_jpg.rf.44a744855135e1b312425223f78e805a.jpg,1,0,1,1,1,1
FIMG_0209_JPG_jpg.rf.fdc8d0f3fe26f61452d69d89bdcbb3cd.jpg,1,0,0,1,0,0
FIMG_0094_JPG_jpg.rf.d66b98ca79e475fd6b60cb922d69e930.jpg,0,1,0,1,0,1
FIMG_0120_JPG_jpg.rf.4cf191dd36e76210e4bbd0f6ef366be2.jpg,1,1,1,0,1,1
FIMG_0093_JPG_jpg.rf.ac2041954be7ccdb166b9c603b51b7e8.jpg,1,1,1,1,0,1
FIMG_0114_JPG_jpg.rf.4ab33bd5542974984146751a5387c722.jpg,0,1,1,1,1,0
FIMG_0178_JPG_jpg.rf.c15fe619310ff9f2cea3e4032da98a21.jpg,1,1,1,1,1,0
FIMG_0116_JPG_jpg.rf.d13e0d611c5d3019a037234298e65019.jpg,1,1,1,0,1,1
FIMG_0120_JPG_jpg.rf.368b050d2099ce22a65fb4118b405d4a.jpg,1,0,1,0,1,0
Hand_0005666_jpg.rf.e11ceedfd3a21d6f37b03d88602ac1a3.jpg,1,0,0,1,1,0
FIMG_0093_JPG_jpg.rf.e82cd204528caff809d40f909352bb78.jpg,1,0,1,1,0,1
FIMG_0119_JPG_jpg.rf.e1bebe5157e689576ac6bbd75fecedb6.jpg,1,1,1,1,0,0
FIMG_0117_JPG_jpg.rf.85f205acfb0841c5b2afab9e15ee8ae3.jpg,0,1,1,1,1,0
FIMG_0108_JPG_jpg.rf.4557f7520c08c65fd452b282a6001ac9.jpg,0,1,1,1,0,1
FIMG_0116_JPG_jpg.rf.932f94465c34012f7870c72cb13cddef.jpg,0,0,0,1,1,1
FIMG_0114_JPG_jpg.rf.e1b8c0abb664a7f79930695aed853419.jpg,1,0,0,0,1,0
FIMG_0095_JPG_jpg.rf.c26bffc8471cbf80d4fca1df526f1172.jpg,0,1,1,1,0,1
Hand_0005610_jpg.rf.0dea0eed246383681f619655a7413d8d.jpg,1,1,1,1,0,0
FIMG_0117_JPG_jpg.rf.f05553d3f282613991cb94340fc6533e.jpg,1,1,0,1,1,0
FIMG_0119_JPG_jpg.rf.5e9fafe3a58967d1a5f672f83539b834.jpg,1,0,1,1,1,1
FIMG_0168_JPG_jpg.rf.e792c8f567fb0621999ba8e61b66dfee.jpg,1,1,1,1,1,0
FIMG_0119_JPG_jpg.rf.5d9a36ff7863bd26b84ba776c8953b75.jpg,1,1,0,1,0,1
Hand_0005608_jpg.rf.8c0111bec732523b2b2ba640ef592947.jpg,1,1,1,1,1,0
Hand_0005607_jpg.rf.72be95fc7e7bd71bf515019c0b8be1ad.jpg,0,1,1,1,1,0
FIMG_0211_JPG_jpg.rf.e49d50a1965ac424c1d25f58899be5cc.jpg,1,0,1,1,1,0
Hand_0005613_jpg.rf.5c545c5538d4b673a20574dc17019ea5.jpg,1,1,1,0,0,0
FIMG_0117_JPG_jpg.rf.f7631d6777cc14b55b30006124e8d9de.jpg,1,0,1,0,1,0
Hand_0005610_jpg.rf.de69a1bc8d7050c66938e37b933025b6.jpg,1,0,1,1,1,1
Hand_0005607_jpg.rf.06082c0d3bcecd6c322d774ab3796807.jpg,1,0,0,1,0,0
FIMG_0294_JPG_jpg.rf.38f594906085dbb1662f158e94a31d74.jpg,1,1,0,0,0,1
Hand_0005585_jpg.rf.19a8f87ba94f49f2c6cf73aa683da912.jpg,0,1,1,1,1,0
Hand_0005612_jpg.rf.b914642d12eadea6edc5735ff651cece.jpg,1,1,1,1,0,1
FIMG_0112_JPG_jpg.rf.7947d387f5336586c291515d90b66d53.jpg,0,1,1,1,1,0
Hand_0005612_jpg.rf.e5f57eeb8fbab10b10cad52226f4cce0.jpg,1,1,1,0,1,1
Hand_0005607_jpg.rf.0d89869e42454843931b4285d194bbe9.jpg,1,0,0,1,1,1
FIMG_0296_JPG_jpg.rf.4a3e3727e0b66df79e7b2633fec31f06.jpg,1,1,0,1,1,0
Hand_0005585_jpg.rf.b98963b54914dec3a6e2681babe9f8f7.jpg,0,1,0,1,1,1
Hand_0005609_jpg.rf.871b6b921f1d94d090c1e1e321ca2fa1.jpg,0,0,0,0,1,1
FIMG_0192_JPG_jpg.rf.41be3a6ee7dcd99b41cc6f1f79e84abf.jpg,1,0,1,1,1,0
Hand_0005527_jpg.rf.52497be0aed5f8b460be6e7eb9bc1328.jpg,0,0,1,1,1,1
Hand_0005581_jpg.rf.db8f507ce79d606bd48c88fe88abb0a1.jpg,1,1,0,1,0,0
Hand_0005608_jpg.rf.4be87d316fe466cd43a88a98c6851ed2.jpg,1,0,0,1,0,1
FIMG_0193_JPG_jpg.rf.156422db41ad608c5a68f0b5e2dba915.jpg,1,1,0,1,0,1
FIMG_0167_JPG_jpg.rf.543927886b6954290043e923cf872646.jpg,0,1,1,0,0,1
Hand_0005609_jpg.rf.796dc450918b67e94f0d5ba857ea2ffa.jpg,1,1,1,1,1,1
Hand_0005525_jpg.rf.58bed4bb7281e166a63a40bbc456433a.jpg,1,1,0,0,0,1
FIMG_0193_JPG_jpg.rf.2d887adc5ef0db5dc7d6d6bf526cf3ec.jpg,1,1,1,1,1,0
FIMG_0296_JPG_jpg.rf.966f463ef5bd96f5a09d07189594696b.jpg,0,1,0,1,0,1
FIMG_0297_JPG_jpg.rf.26987f8b4494e5ba8751fc89bec02807.jpg,0,1,0,1,0,1
Hand_0005609_jpg.rf.e5ffe425d092f3262c0fd577f50832ad.jpg,0,1,0,1,0,1
FIMG_0199_JPG_jpg.rf.a9f2f1aa875d5c1407469252dae7d0e1.jpg,0,1,0,1,0,1
FIMG_0192_JPG_jpg.rf.096ed916aee9e5346a3338916707e2a0.jpg,1,1,1,0,1,1
FIMG_0294_JPG_jpg.rf.e30b01e4e8d7f22ca2fe9147fb0d4bdf.jpg,0,1,0,1,0,1
Hand_0005503_jpg.rf.bc4993c5fa22c829507668037e7f2d9c.jpg,0,1,0,1,0,1
Hand_0005527_jpg.rf.e84505df156ef19a46e893e6508b1840.jpg,1,1,1,0,1,1
FIMG_0296_JPG_jpg.rf.80f0af8bd78fa93bbbd7d304cf869932.jpg,0,0,0,1,0,1
FIMG_0194_JPG_jpg.rf.ee3cbfef5c05634b8ed5e66dccfafcfb.jpg,1,0,1,1,0,1
FIMG_0193_JPG_jpg.rf.f25644b38a91d8719f1eb671073877a0.jpg,0,1,1,0,0,1
FIMG_0297_JPG_jpg.rf.f776f6c812e5409aa0251fc3e0f64e99.jpg,0,1,0,1,1,0
Hand_0005479_jpg.rf.2453b71b6cf3d9fe0f77c7b96266bd45.jpg,0,0,1,1,1,0
Hand_0002084_jpg.rf.33ff2a988970190a8f48277fd0fde73b.jpg,0,1,0,1,0,1
FIMG_0194_JPG_jpg.rf.a726ddca41c02cca42ddb7424e8a2e1b.jpg,1,0,1,1,1,0
FIMG_0199_JPG_jpg.rf.e821a73188b187a79b21f8c14e4d454d.jpg,1,0,0,1,0,1
Hand_0005608_jpg.rf.96b84dd3217354991ac0364cf0bde6d7.jpg,1,0,1,0,1,0
Hand_0005473_jpg.rf.6a72cd032426414b43366dfa33281226.jpg,1,1,1,0,0,1
Hand_0005444_jpg.rf.70428cd1d8a9229516274b418aceb473.jpg,0,1,1,1,0,0
Hand_0005472_jpg.rf.925222518f125141975465e991002403.jpg,1,1,1,1,0,1
Hand_0002085_jpg.rf.a8caa0574a603c193ea8891f632638db.jpg,1,1,1,1,0,1
Hand_0005613_jpg.rf.68965bafec6d7bd317c97a0d3a6883e7.jpg,0,0,1,1,0,1
Hand_0005481_jpg.rf.4f216b1980f4d88ec7d809842b1eab22.jpg,0,1,0,1,1,0
Hand_0005482_jpg.rf.d9c74fcb105580a24be9e04b4ec0de29.jpg,1,1,0,1,0,1
Hand_0005482_jpg.rf.c1ee53fb18ce9ba07aa763a33c6e408a.jpg,1,0,0,1,0,0
Hand_0005481_jpg.rf.864e487e5fa02690c07cf7337853615a.jpg,1,0,0,1,0,1
Hand_0005481_jpg.rf.08d547590146a10ebc45b043d7297d5b.jpg,1,1,0,1,1,0
Hand_0005477_jpg.rf.e2c2fe0742a026fcf921bc5e9706ca76.jpg,1,1,1,0,1,1
Hand_0005477_jpg.rf.1564d05e4914558a02a8cd93a9990f5a.jpg,1,1,0,1,0,1
FIMG_0206_JPG_jpg.rf.165321f0d1469fa7ce607c365f4a2234.jpg,1,1,1,1,1,0
FIMG_0206_JPG_jpg.rf.02abdf942df81028ea8173c179c465c4.jpg,0,1,0,1,0,1
FIMG_0163_JPG_jpg.rf.148528aff42d47daa93e4f5187c9504a.jpg,1,0,1,1,0,1
Hand_0005480_jpg.rf.b00476ab600bd1399a537c6f18009680.jpg,1,1,0,1,0,0
FIMG_0086_JPG_jpg.rf.1407ce7c2b8d1e74806d89511dfd30b8.jpg,1,0,1,0,1,1
Hand_0005480_jpg.rf.9518d9eed434f16dc265322e709ebe50.jpg,1,1,0,1,1,1
FIMG_0161_JPG_jpg.rf.3ffbeba4090951eebc4341beb9a41f20.jpg,1,1,1,1,0,0
FIMG_0085_JPG_jpg.rf.1ff96f4f7fc25efd0761f11a681d3c1d.jpg,0,1,0,1,1,0
Hand_0005480_jpg.rf.9d2caa992404e6e666e01d0bc8bc0ab1.jpg,0,1,1,0,1,0
FIMG_0088_JPG_jpg.rf.20c5bad81cca2dd3ed07d5f72d5153e5.jpg,1,0,1,0,1,0
Hand_0005479_jpg.rf.1ef5630c34a22cafa6367a79f0d97086.jpg,1,0,1,1,0,1
FIMG_0088_JPG_jpg.rf.449d2209eb9ed7f5954797c0fa6e3699.jpg,1,0,0,1,0,0
FIMG_0085_JPG_jpg.rf.37f0714f5fca9ebe61e0ddf8883011e6.jpg,0,1,1,1,0,1
Hand_0005477_jpg.rf.eab22be48cd4f5cec66739c4c9b74ab0.jpg,1,1,1,1,1,0
FIMG_0163_JPG_jpg.rf.2983b774e16ad4d3b3e8676d44c16304.jpg,1,1,0,1,0,0
Hand_0005479_jpg.rf.f1102c0886a0623d0da45611ab4354c3.jpg,0,1,0,1,0,1
Hand_0005650_jpg.rf.57efdb617f60e4e242400186dfb8d5a2.jpg,1,1,1,0,1,1
FIMG_0086_JPG_jpg.rf.45eb2c9659fe72a26f603494ef0b4e4c.jpg,1,0,1,1,1,1
FIMG_0161_JPG_jpg.rf.96b16a0c6e2f1fb22942b466167dce07.jpg,0,1,0,1,1,1
FIMG_0206_JPG_jpg.rf.d027583c133f7960add09d904fb95054.jpg,1,1,1,1,1,1
FIMG_0087_JPG_jpg.rf.09e97371a0be4492707128c2c1016f0a.jpg,1,1,1,0,0,1
FIMG_0207_JPG_jpg.rf.3c402a6c3bc488eed638ea149f7f2bb6.jpg,0,1,1,0,0,1
Hand_0005670_jpg.rf.3ca9707826b612240595f962065c05e1.jpg,1,0,0,1,0,1
FIMG_0174_JPG_jpg.rf.42853a6b0f07c533cb5cfec595e23a66.jpg,1,1,0,1,1,1
FIMG_0173_JPG_jpg.rf.669937b5f964329e1da4209946d2fdc1.jpg,1,1,1,0,0,1
FIMG_0187_JPG_jpg.rf.53c63e17f7345a3f97e5d7f23481b6e8.jpg,1,1,1,0,0,1
Hand_0005444_jpg.rf.f765938b040a1d8aeec2d4b9d8bb0055.jpg,1,0,1,1,1,1
FIMG_0187_JPG_jpg.rf.8ffda6529a03eb38927c5986f542c67e.jpg,1,1,1,1,1,0
FIMG_0087_JPG_jpg.rf.4427b1233ea7120dbd3f6e7116b49fa4.jpg,0,1,0,1,1,1
Hand_0005669_jpg.rf.994d632ed3c3ef97d975c619e119d56b.jpg,0,1,1,0,0,0
FIMG_0162_JPG_jpg.rf.5058acd41b0bffda92aeca57cdb4947e.jpg,1,0,1,1,1,1
FIMG_0088_JPG_jpg.rf.d90b174e7c1f6da26522459263eb924a.jpg,1,0,0,1,1,0
FIMG_0219_JPG_jpg.rf.9c04af2c8e0ce3391639e9916a05d06e.jpg,0,0,1,1,0,0
FIMG_0217_JPG_jpg.rf.b50fba112ec97debd33dbde4a1248f87.jpg,0,1,0,1,1,1
FIMG_0173_JPG_jpg.rf.3b532930223b8bf1886c6b53143cb6e3.jpg,1,0,0,0,1,1
FIMG_0187_JPG_jpg.rf.9f506421970f038cec714759426bb373.jpg,0,0,1,0,1,1
FIMG_0188_JPG_jpg.rf.23dfe5fc3ff60a39cfe1e18fcdeadbe0.jpg,0,1,0,1,0,0
FIMG_0217_JPG_jpg.rf.e16b88911181741daadc26f9755695e8.jpg,1,0,1,1,0,0
Hand_0005669_jpg.rf.f2656297a838fa76747d70ca42e7f55f.jpg,1,1,1,1,1,0
FIMG_0219_JPG_jpg.rf.dbdc166264e8d3e7e8a0620f2fc66644.jpg,1,1,1,0,1,1
FIMG_0173_JPG_jpg.rf.aa4c1f59f7cc010976f422208da76c91.jpg,0,1,1,1,0,0
FIMG_0172_JPG_jpg.rf.0745870f16c165a5b7ee5cb944990642.jpg,1,0,0,1,1,0
FIMG_0219_JPG_jpg.rf.5d6b111ed6e956eefa4b7afca3d6b638.jpg,1,0,0,1,1,0
Hand_0005669_jpg.rf.7b9d315265a3dc9f8f49a96ced4dda1e.jpg,1,1,1,1,0,1
FIMG_0086_JPG_jpg.rf.7e90b9034a94b1ae7ad3b93fbcd3d753.jpg,0,0,1,1,1,1
Hand_0005671_jpg.rf.46fb1066624b46cec4507220ae522ef4.jpg,1,0,1,1,1,0
Hand_0000821_jpg.rf.a22943d970384f6c1d9e3ffc9cc9c4ca.jpg,0,0,0,0,1,0
Hand_0005672_jpg.rf.bdcc62fbef8bf0e9e5af29ad2f17a87d.jpg,1,1,0,1,0,0
Hand_0005673_jpg.rf.ba6d4cc50f1618f4bc98e937f3abcb22.jpg,1,0,0,0,1,0
Hand_0005704_jpg.rf.c084706b48e6a7b085ecd045668f4b5f.jpg,1,1,0,1,0,0
Hand_0005703_jpg.rf.c29fb18dc78ebe491bf2770e18a1abb7.jpg,1,0,0,1,1,1
Hand_0000820_jpg.rf.db173547a1cbcee4d2e2fb654fa439d4.jpg,0,1,1,1,1,0
FIMG_0188_JPG_jpg.rf.fcd37b5cb94c2d9c95e89303970d39b5.jpg,0,1,0,0,0,1
Hand_0005703_jpg.rf.d78dfce2aac9414ef4775e0da7ba4a6d.jpg,1,0,1,1,0,0
Hand_0005702_jpg.rf.eb7905dc69d954eb7ebc20f9e6e98e06.jpg,0,0,1,1,1,1
FIMG_0129_JPG_jpg.rf.1c990fc2094da8d26b685601991f05da.jpg,1,1,1,0,1,1
FIMG_0127_JPG_jpg.rf.1e09019940238f5bdec9c11280355461.jpg,0,0,0,0,0,0
Hand_0005667_jpg.rf.2a40cb84e59c2e018e6b537d698b4610.jpg,1,0,1,1,0,1
Hand_0005673_jpg.rf.a78af5d29aa70eba84ea24391063d671.jpg,1,1,0,0,0,1
FIMG_0171_JPG_jpg.rf.e5397207acf1562b12e0cc355a5e9d5a.jpg,0,1,1,0,0,1
Hand_0005704_jpg.rf.170f486675b4669897058fbdbafe6941.jpg,1,0,1,1,1,0
Hand_0005702_jpg.rf.94a9f5f29ce53428594adbdb0fa7d619.jpg,0,1,1,1,0,1
FIMG_0130_JPG_jpg.rf.8d546073b31447350fd697c567267c06.jpg,1,0,1,1,0,0
Hand_0005701_jpg.rf.46b84be3a6b21a24e85099c5f03addac.jpg,1,1,0,1,1,1
Hand_0005704_jpg.rf.33db65a39fdd099aa74b7e5684f9032a.jpg,1,1,1,1,0,1
Hand_0005701_jpg.rf.dba66a969a502d69a77d58dce4109985.jpg,1,1,1,1,1,0
FIMG_0128_JPG_jpg.rf.9a0aa1ebe18759660d6fc2667e8e28b3.jpg,1,0,1,0,1,0
Hand_0005672_jpg.rf.2518d2f38215b94ee222b5c262015925.jpg,0,0,0,1,0,1
Hand_0000749_jpg.rf.cf033f3640764cb72ffcb0cc221af714.jpg,1,1,1,1,0,0
Hand_0000751_jpg.rf.e8dac58c08185f62ddeb9235d35edf47.jpg,0,0,1,0,1,1
FIMG_0128_JPG_jpg.rf.e8ecc048349132820cf2e2d7440eeaf0.jpg,1,1,0,1,0,1
FIMG_0128_JPG_jpg.rf.f7f04ff7c7a88d99b483cf09c1b2d975.jpg,1,0,0,1,0,1
Hand_0005671_jpg.rf.76c5e25d3cdb5eaf054fb58bc5a06f86.jpg,1,1,1,1,0,0
Hand_0005668_jpg.rf.15eec2b50155070fa60b8928e0c7695a.jpg,1,1,0,1,0,1
Hand_0005703_jpg.rf.e2f5ef1da24f96422994ac92259318a0.jpg,1,0,1,1,1,0
FIMG_0129_JPG_jpg.rf.dd44b4bea767976d3f8c5395285f812b.jpg,1,0,1,1,0,1
FIMG_0095_JPG_jpg.rf.1859f29bd1e5c16bc48156a049f95c74.jpg,0,1,0,0,1,1
FIMG_0130_JPG_jpg.rf.5aedd27eac6f15cbd59c137a2d35bc04.jpg,1,1,1,1,0,1
FIMG_0209_JPG_jpg.rf.13e727b856dfe578bbd79e615a545be3.jpg,0,1,0,1,0,1
Hand_0005702_jpg.rf.01afcdf582a1e9ee541441cee9c54990.jpg,1,1,1,0,0,1
FIMG_0167_JPG_jpg.rf.1bbae9e8915c624720cc82dd502f5bb6.jpg,1,1,1,0,1,1
FIMG_0134_JPG_jpg.rf.382bac406557669842527f91c089a7b9.jpg,1,1,1,1,1,1
Hand_0000821_jpg.rf.eba41bfe383c996ab4fc627e0d9ef154.jpg,1,0,0,1,0,1
FIMG_0130_JPG_jpg.rf.bad202535040c27e1e765fcde3090a60.jpg,1,0,0,1,0,1
FIMG_0095_JPG_jpg.rf.1f78db7bf3d96751abec88a26834a769.jpg,1,1,0,1,1,1
FIMG_0127_JPG_jpg.rf.5e01ac4028130358249f6bb7b44bc354.jpg,1,1,0,1,1,1
FIMG_0129_JPG_jpg.rf.c7bd787226ea492595914101524cd97a.jpg,0,1,1,0,1,1
FIMG_0097_JPG_jpg.rf.6c7452aa2e7de89fbc6f7bfed7608f4f.jpg,0,0,0,1,1,1
Hand_0005668_jpg.rf.7f0c812638e8a9944c37a35cfda6c6d5.jpg,1,0,0,0,0,1
Hand_0005670_jpg.rf.8714bb70381f17bf5e6fd383111b7d2e.jpg,1,1,1,0,0,1
FIMG_0098_JPG_jpg.rf.8f6963d45321844f9404cdd15fbb17df.jpg,1,1,0,1,1,1
FIMG_0096_JPG_jpg.rf.b24eaf8c68abfed72f8177d585ca79d1.jpg,0,1,0,1,1,0
FIMG_0096_JPG_jpg.rf.a316dda4e6c5a3486e10ac0391e00afd.jpg,1,1,0,0,0,1
FIMG_0210_JPG_jpg.rf.b1292841e7a2c444e1a411b0aa06d1cc.jpg,0,1,1,0,1,1
FIMG_0166_JPG_jpg.rf.6754bcdd5df7b04bd0c5c2f9ce122a0c.jpg,0,0,0,1,1,0
FIMG_0166_JPG_jpg.rf.c053cae5aff4261794904b9adef69ce5.jpg,0,1,0,1,1,1
FIMG_0100_JPG_jpg.rf.ed543431ebea545121cb5a79d0d883d6.jpg,1,1,0,1,1,1
FIMG_0180_JPG_jpg.rf.403882effd7a95f2b177acb7d5042acb.jpg,1,1,1,1,0,1
FIMG_0098_JPG_jpg.rf.9eb13c051f5c5aa214c4d644e2ab6f5d.jpg,0,1,0,1,0,1
FIMG_0179_JPG_jpg.rf.cb01e8643f1e32a946b0f8e40fe7ee8d.jpg,1,1,1,1,1,0
FIMG_0098_JPG_jpg.rf.fcab0aed07877f9db7cf924b2c5e7e90.jpg,1,0,1,1,1,1
FIMG_0096_JPG_jpg.rf.31f9e56035a18a3a93ad32cb0ae63325.jpg,0,0,1,1,1,0
Hand_0000793_jpg.rf.07aa157cac873c73fb93366a722aea27.jpg,1,1,1,0,1,1
Hand_0000851_jpg.rf.55d39fae39e77dbde418ff1c5ba6899b.jpg,1,1,1,1,1,1
Hand_0000767_jpg.rf.62ac0c50d6934a7d9c47c132897382d7.jpg,1,0,0,1,1,0
Hand_0000756_jpg.rf.0a89d4968f9079612d9dbbc5c46b7ed2.jpg,1,0,1,0,1,1
Hand_0000819_jpg.rf.28feb79f80cc581e342dc9251a7d3805.jpg,1,0,1,0,0,1
Hand_0000756_jpg.rf.d47e7f9fe0b60a71c35b2e1705154b45.jpg,1,1,0,1,1,0
FIMG_0210_JPG_jpg.rf.7c76f22c3d25d413ad4bcd85c3475b42.jpg,0,1,0,1,1,1
FIMG_0099_JPG_jpg.rf.b46ef80baf29ffc3b16572422681474e.jpg,1,1,0,1,1,0
Hand_0000766_jpg.rf.18e4991776b88a2170f015a34e90bb97.jpg,1,0,1,0,1,0
FIMG_0120_JPG_jpg.rf.d2e95f5c39fad50c29d13e68b5ae01eb.jpg,1,1,0,1,1,1
Hand_0000752_jpg.rf.8cef56723f59bd61067953c202bc41b6.jpg,0,0,1,1,1,1
Hand_0000756_jpg.rf.59c0499ef9c589ebb73178f1d3106f75.jpg,1,1,1,1,1,1
Hand_0005667_jpg.rf.d0710c99ea8d27fda7d2f4749d0efe52.jpg,1,1,1,0,0,1
Hand_0000766_jpg.rf.4315542316dcb51b5d866bdb5a2e1934.jpg,1,1,1,1,0,1
Hand_0005695_jpg.rf.436c0caa0b6c1c67c47979bb27fe911b.jpg,1,0,0,1,0,0
Hand_0000819_jpg.rf.5c05d2d3fe304e7dd0fc145b7ade10bc.jpg,1,1,1,1,0,1
Hand_0000793_jpg.rf.ecbcd9051713bc6183b6b61d1f6ec3f1.jpg,0,1,0,1,1,0
Hand_0000752_jpg.rf.2157f196446d11b236bce07ef51a8d6b.jpg,1,1,1,0,1,0
Hand_0005697_jpg.rf.41534f4af6c9d9db987e503ac0467852.jpg,0,1,0,1,1,0
FIMG_0176_JPG_jpg.rf.a400d64b04ef4904318b2fcd8fba338a.jpg,1,1,1,0,0,0
Hand_0000767_jpg.rf.77dc5887d15a805b4730404f2029acd6.jpg,0,1,0,0,0,1
Hand_0005694_jpg.rf.64fe0043b1b2bb857a01e1b734e1f3ca.jpg,1,1,1,1,1,0
Hand_0005697_jpg.rf.0b8ab1191460946e97ae30b96e38ce43.jpg,1,1,0,1,1,1
Hand_0000766_jpg.rf.4e29d4b4281daf3611aa32bc044b9b70.jpg,1,1,1,1,1,1
Hand_0000752_jpg.rf.6c047db6a50bafcbf600ad2266ad3d88.jpg,1,1,0,0,0,0
FIMG_0099_JPG_jpg.rf.1ca56208fd65649c0281f3bbbb40c7f6.jpg,0,0,1,1,0,0
FIMG_0116_JPG_jpg.rf.aad78b39865165538dce0a093b9952d5.jpg,1,1,1,1,0,0
Hand_0000850_jpg.rf.50a434a9c732690ffe2c4f45e80ad1eb.jpg,1,1,1,0,1,1
Hand_0005673_jpg.rf.73bfe847b2373271d6e181ebac29b443.jpg,1,1,1,0,0,0
Hand_0005695_jpg.rf.3158966c3b52ce9392b3dbd20f6c8583.jpg,1,1,0,1,1,1
Hand_0000820_jpg.rf.22f847db2a06bc1ad329cf03f698d3da.jpg,1,0,1,1,0,1
Hand_0005698_jpg.rf.38e421a94860ba148f132da71f234a10.jpg,1,1,1,1,1,0
Hand_0005694_jpg.rf.388a08d5ceae44a35a1d83376a6e1045.jpg,1,1,0,1,0,0
Hand_0005701_jpg.rf.7a69e0411c4d18325a2f57ccad90be53.jpg,1,1,1,1,1,1
FIMG_0177_JPG_jpg.rf.d11f3bda3cdc59b56c48431ffd1166d5.jpg,1,0,1,1,0,0
Hand_0002145_jpg.rf.b0efcf9f24181ce55bc5fd8b22a34de5.jpg,1,1,0,1,1,1
Hand_0005697_jpg.rf.70a40d00578bd353eeee0b11326b9f1e.jpg,1,0,0,1,0,0
Hand_0005700_jpg.rf.5115ebdda988c52408fdd697d0f5fd14.jpg,0,0,1,1,1,0
Hand_0002145_jpg.rf.e5744be2c30ca019ff6ebdd1d52a107b.jpg,1,1,1,1,1,1
Hand_0005699_jpg.rf.f84385cfa9c0ea4698aeb669ce812d95.jpg,1,1,1,0,1,1
Hand_0005653_jpg.rf.47197fb50fa0185be423f39c1db43a33.jpg,1,1,1,1,1,1
Hand_0005694_jpg.rf.c9ba60691c402bfea892860fd0e2b184.jpg,1,1,0,1,1,0
Hand_0005652_jpg.rf.66c7d7584ef474f8d0df3f403ab5d96d.jpg,1,1,0,1,1,1
Hand_0005651_jpg.rf.488f07573424ef3de951102262a2ca40.jpg,1,0,1,0,0,1
Hand_0005700_jpg.rf.7bf94368f537854543b2035531df71cd.jpg,1,1,0,1,1,0
Hand_0005653_jpg.rf.672154281e5932eef2ae2033650f5a23.jpg,1,0,1,0,1,1
Hand_0005652_jpg.rf.87592726066fb1353ec456ed0b00ce23.jpg,1,1,0,1,0,1
Hand_0005698_jpg.rf.f029e28203bc71b49fd92f5222c70eed.jpg,0,1,0,1,1,1
FIMG_0087_JPG_jpg.rf.e7ec9a3db7c89c9dcce042a55781e06d.jpg,0,1,1,1,0,1
FIMG_0163_JPG_jpg.rf.ae9e2a8d427ce0bfb0774f0ce091376a.jpg,1,0,1,1,1,0
FIMG_0205_JPG_jpg.rf.d907851e312c9716ae43337d7a12c3f8.jpg,0,1,0,1,0,0
Hand_0005666_jpg.rf.44b12566388dd50910b16af5a21c4c9a.jpg,1,1,1,1,1,0
Hand_0005695_jpg.rf.5359d8261540efe05b35824b2ff81044.jpg,1,0,1,1,1,0
FIMG_0207_JPG_jpg.rf.624253878fdebcb804e727c4db546eae.jpg,1,0,1,1,1,0
Hand_0005653_jpg.rf.a03d73b87b65021f76a1f2cf32c539b1.jpg,1,1,0,1,1,0
Hand_0005699_jpg.rf.93fb9c6e79f7910c3114171e28e06ffc.jpg,1,1,0,1,0,0
FIMG_0162_JPG_jpg.rf.976b082a79865c57032109b1aa9ae5e2.jpg,1,1,1,1,1,1
Hand_0005650_jpg.rf.289c867abb0eafdcf8ad73dd856f981b.jpg,0,0,1,1,0,0
Hand_0005651_jpg.rf.b0c54bdf7419962a437f8b8d43bed989.jpg,1,1,0,1,0,0
Hand_0005651_jpg.rf.1e267cd1ebfc523e4d929eb9ffd411c2.jpg,1,1,0,1,0,1
FIMG_0297_JPG_jpg.rf.15703188843fae81acd437baa1661044.jpg,1,1,0,1,0,1
Hand_0005511_jpg.rf.0de25c696e345c2e21d7d539607dd997.jpg,0,1,0,1,1,1
Hand_0005512_jpg.rf.2bb459e22fc2234b1ef5895a97604895.jpg,0,1,1,1,1,0
Hand_0005650_jpg.rf.ff0045f2e6c422370fa3e5443b374e62.jpg,1,1,1,1,1,0
Hand_0005652_jpg.rf.1786ee72ac19ba5ad1ff6888d86a1f91.jpg,1,0,1,1,0,0
FIMG_0176_JPG_jpg.rf.363c3255d1b152e1bbf6b5cc88f0afe5.jpg,1,0,1,1,1,1
Hand_0005505_jpg.rf.81c6d431cc734c2079c0066a29a77c0c.jpg,0,1,1,1,0,0
Hand_0005699_jpg.rf.ce2fedf482fc03d4308b45ba71d5285e.jpg,0,1,0,1,0,1
FIMG_0207_JPG_jpg.rf.8148a4275e421b96a2dd5ec16b5cad93.jpg,1,0,0,1,1,1
FIMG_0174_JPG_jpg.rf.69edcd55e986cc8db0cbe9fe711475ba.jpg,0,0,1,1,1,1
Hand_0005666_jpg.rf.f8d0e14113dad02422f4aa061e9297fd.jpg,0,0,0,1,1,1
Hand_0005505_jpg.rf.b8f11928bfb71455c9cf05d6202fbe7c.jpg,1,1,0,1,0,1
Hand_0005504_jpg.rf.ad5ae0299a206d3d4dfd21e4f50b82e0.jpg,1,1,0,1,1,1
FIMG_0175_JPG_jpg.rf.e8dd57a573abe52b9d31fecf8853b3bb.jpg,1,1,1,1,1,0
FIMG_0175_JPG_jpg.rf.d4109d8e8aabad4ae9b1e5864d0ae2ef.jpg,1,1,0,1,1,1
Hand_0005504_jpg.rf.0ebf3b69d260f5f3bf4309ffc8b670fd.jpg,0,1,0,1,0,1
Hand_0005503_jpg.rf.cf6453890462b566c3b5db2b2b6c62c1.jpg,1,0,1,1,0,1
Hand_0005511_jpg.rf.a8d47ac094949999a5d3a28503011b7c.jpg,1,1,0,0,0,1
Hand_0002085_jpg.rf.0a853bbb7cfa43c4526b020c303eb202.jpg,1,0,1,1,1,0
FIMG_0194_JPG_jpg.rf.54234c482e933fdda75df7af1e860cab.jpg,0,1,1,0,0,1
Hand_0002085_jpg.rf.1306c443972f32ba44b73692d597d3d9.jpg,1,1,0,1,0,1
Hand_0005505_jpg.rf.2eebaa10d43d31a64e79e9dc8b0b0b96.jpg,1,1,1,1,1,1
FIMG_0175_JPG_jpg.rf.c02af63608f94e80d48995bbc8622360.jpg,1,1,0,1,0,1
Hand_0005504_jpg.rf.904d22415bac0f950e6e1ab667251a2b.jpg,0,0,0,1,1,0
Hand_0002107_jpg.rf.2986387d87fb7c6d59d8c7f20bbfb075.jpg,1,0,0,1,1,0
Hand_0002088_jpg.rf.428ce47141e10fe026168f7c2a217984.jpg,1,1,1,1,0,0
Hand_0005511_jpg.rf.37fe8c21d9d562f97bbe46dc0e46917e.jpg,1,1,1,1,0,0
Hand_0002106_jpg.rf.3eacb5861015056e2517745ad2ca3bcf.jpg,0,1,0,1,1,1
Hand_0002086_jpg.rf.79d9ed3e766acf645d1de4a5f86d9afc.jpg,1,0,1,1,1,1
Hand_0002107_jpg.rf.a32df24be30d2fe90bbc8165a2f152ae.jpg,0,1,0,1,0,1
Hand_0002086_jpg.rf.c7579b04b8a1e5434cbe265be6f3920a.jpg,0,0,0,1,1,0
Hand_0002106_jpg.rf.b484d7cc0f3a6ef00bbd6eeeb0aadd4f.jpg,0,1,1,0,0,0
Hand_0000833_jpg.rf.47087207f4224fa987e5b5577d52a78a.jpg,1,0,0,1,1,0
Hand_0002084_jpg.rf.ac064695d3beaef2d58e25f472d0dbd1.jpg,0,0,1,0,1,1
Hand_0005670_jpg.rf.65587e79a2e42c5069ad1b9f0b9ff05d.jpg,1,1,0,1,0,1
Hand_0000830_jpg.rf.60e0d4549364f341d06ceee884fa8532.jpg,1,1,0,1,0,1
Hand_0005585_jpg.rf.1fa1deb85d47ea7188ae4f9ed605d65c.jpg,1,1,1,1,1,1
Hand_0000835_jpg.rf.ad06dc7667dd2fad060dcfa45442710d.jpg,0,1,1,1,1,1
Hand_0002088_jpg.rf.59618fd1705b08cdbf5ee030f5517a09.jpg,1,1,1,1,1,0
Hand_0002086_jpg.rf.3dbb6026e2c99006688c6225796c9686.jpg,0,0,1,1,0,1
Hand_0000831_jpg.rf.4214b65ebbca1d4e3ce9f17be6252fd3.jpg,1,1,0,0,1,0
IMG_0235_JPG_jpg.rf.8d2333b1dbb538756bb9bc266fa57b4f.jpg,0,1,1,1,1,1
Hand_0002087_jpg.rf.d00f78dc62aafb447c7381444e12c9b3.jpg,1,1,1,1,0,0
Hand_0000830_jpg.rf.832cb2ad273a76f968e859f7559fbe80.jpg,1,1,1,1,0,1
Hand_0000834_jpg.rf.8db3751172c8596c648488d14a1a650b.jpg,0,0,1,0,1,1
Hand_0005499_jpg.rf.8b964588962383fa66c1f2a3291464bf.jpg,1,1,1,1,0,1
Hand_0002088_jpg.rf.6379e257f2961a7b2f10e19795bc9faa.jpg,1,1,1,1,1,1
Hand_0000822_jpg.rf.8e5c232cf4798ad1f04de6a9d5018655.jpg,0,1,0,1,1,1
Hand_0000832_jpg.rf.cde543c6fa2f028e5fdd4a6eefeae6cf.jpg,0,1,0,1,1,1
Hand_0002087_jpg.rf.f4d58000ea8e7f07a012d5a165bd69fe.jpg,1,1,1,1,1,1
Hand_0000832_jpg.rf.7c55c17a06b1ace36351c561b3fd69b8.jpg,1,1,1,1,1,1
Hand_0005482_jpg.rf.60ba622daf32a546c3239034a0607041.jpg,1,1,0,1,0,1
Hand_0000822_jpg.rf.913a4c9eb71fc5a19826df91b44948b7.jpg,1,1,0,0,0,0
Hand_0000822_jpg.rf.7c9ed5ff900571b542082bac931ecf07.jpg,1,1,1,0,1,1
Hand_0005610_jpg.rf.cff2f0b227bc55bd53364a712fd7f914.jpg,1,1,1,0,1,0
Hand_0002106_jpg.rf.6e98d40a2188c74d89bea819cbf384ff.jpg,1,0,1,1,1,0
Hand_0000821_jpg.rf.20128441ab7349921287f6def316005b.jpg,0,1,1,1,0,1
Hand_0002147_jpg.rf.15ab8c18e004674711297c90839aa216.jpg,1,0,0,1,1,0
Hand_0000830_jpg.rf.efcc41127b338220a3e6bcc3192369f3.jpg,1,1,1,1,0,0
Hand_0005705_jpg.rf.b068e334d0c68e993e3c2fbd9aa21a5c.jpg,0,1,0,1,0,0
Hand_0000832_jpg.rf.fda3ac47270aac9853951fb14c8b3acb.jpg,0,0,1,1,1,0
Hand_0003611_jpg.rf.954cea2283b9614fd02053f829d6814d.jpg,1,0,1,0,0,0
Hand_0000833_jpg.rf.ce21d290019c13ac3b2c65c26e50073e.jpg,1,1,1,1,0,0
Hand_0005705_jpg.rf.4e657a7e4cde00a6403604f1f35f3364.jpg,0,1,0,1,1,1
Hand_0000831_jpg.rf.55e8d6f463db988b1872848da94bc40f.jpg,1,1,1,1,0,0
Hand_0005705_jpg.rf.fec9a698e1c4faf2a9be60083da7737b.jpg,0,1,1,0,1,1
IMG_0234_JPG_jpg.rf.538fe4521bfaed7e94e3fb9444745af3.jpg,1,1,0,0,1,1
Hand_0002107_jpg.rf.2d98d995a41c23dccaa2f79b07b9ac64.jpg,1,1,0,1,1,0
Hand_0000750_jpg.rf.1b4e2254e378e62c5310e4a46c56e8d2.jpg,1,1,1,1,1,1
Hand_0006307_jpg.rf.4577cce5648ff79faca6472fc0b94c2d.jpg,1,0,1,1,1,1
Hand_0000735_jpg.rf.85f41a10625081dffd4625c2b48bf91b.jpg,1,1,0,1,0,0
Hand_0000735_jpg.rf.22e4d7c2e4917f6fe65291090f27f6d5.jpg,1,0,0,1,0,1
Hand_0000737_jpg.rf.493a5f617d71fbd8712162d84940a3d1.jpg,1,1,0,1,0,1
Hand_0006306_jpg.rf.38188e71713cae4c7dea190ad93baed9.jpg,1,1,0,1,1,0
Hand_0000740_jpg.rf.3c4522884bcdaf82ad14ecd24b2090d5.jpg,1,1,1,0,0,0
Hand_0000750_jpg.rf.afbafcb61dec858c714bf5eac87244fe.jpg,1,0,0,1,0,1
Hand_0000831_jpg.rf.f465047872bf32104284680380da22aa.jpg,1,0,1,0,1,1
Hand_0000737_jpg.rf.e9fae05d6c8ddd3478ad247be02a17a6.jpg,0,0,0,1,0,0
FIMG_0176_JPG_jpg.rf.308ec0007827211a1967280301ecad12.jpg,1,0,0,1,1,1
Hand_0002130_jpg.rf.2c8dad3e8ee90de5cb9acf18fe32fa7a.jpg,1,1,0,1,1,0
Hand_0000749_jpg.rf.cb2549e55cc3d00f0f9e54952dd6f7dc.jpg,0,0,1,1,1,1
Hand_0000751_jpg.rf.c8428b6a734cec5a441e884fda6e5d08.jpg,1,1,1,1,1,1
Hand_0000751_jpg.rf.678de961c90b31b01eb515e5f59e7187.jpg,1,1,1,1,1,0
Hand_0000749_jpg.rf.0abf94d3e52885c029329321aa6e4ba8.jpg,1,1,1,0,0,1
Hand_0000740_jpg.rf.49570ae05f2bd820307cdd6486aca6da.jpg,1,0,1,1,1,1
Hand_0006302_jpg.rf.70c00ecd1deb04bbbc832d72af9a7cd9.jpg,1,0,1,1,1,1
Hand_0002111_jpg.rf.59372f3207d1946eef9d569661a429dd.jpg,0,0,0,0,1,0
Hand_0000736_jpg.rf.2e6f4e3a9730355deaa9c21f5eff5504.jpg,1,0,0,0,0,0
Hand_0006301_jpg.rf.98345359b7adfa1690891f8052607115.jpg,1,1,1,1,0,1
Hand_0002131_jpg.rf.3935353b5e63802e8ca7b9ed1337d3d8.jpg,1,1,1,1,0,1
Hand_0002108_jpg.rf.a4a473330da66d0983b1ee8e6ceb20d2.jpg,1,0,1,1,0,0
Hand_0000750_jpg.rf.0cccaed4b4c48009dbe817b0b02c1679.jpg,1,1,1,0,0,0
Hand_0005671_jpg.rf.a526468bf32ee2f93cf39108da75950d.jpg,1,0,0,0,1,0
Hand_0002111_jpg.rf.9342e143dbd061b4cdfac7f1367abe86.jpg,1,1,1,1,1,1
Hand_0005668_jpg.rf.5ae9a62d90a08d95974c26bf736532c0.jpg,1,0,1,1,1,1
Hand_0000737_jpg.rf.77adf955d2874745f50d3ffbc88a125a.jpg,1,0,1,0,0,0
Hand_0002131_jpg.rf.8290eb5100c8133a37f0d0e4c789d66b.jpg,1,1,0,1,1,0
Hand_0002108_jpg.rf.c2de2a003cad70432e71db1a3b0141ce.jpg,1,1,0,0,0,1
Hand_0006301_jpg.rf.c605d13593f42d0caa15047218e3672c.jpg,1,1,0,1,1,1
Hand_0002128_jpg.rf.cb44a5a318530b4d320645c23875976d.jpg,1,1,1,0,1,0
Hand_0002111_jpg.rf.787b33b3d283fa4e39cb8fff0b76f22c.jpg,1,0,1,1,1,1
Hand_0002128_jpg.rf.d826ad6ade6cd929c5ee9b92aade73d3.jpg,1,1,0,1,0,1
Hand_0002128_jpg.rf.a65eb2092ff4adddbfb559ce6e9c3b0e.jpg,1,1,0,1,1,1
Hand_0000736_jpg.rf.985be61f7f1742b82708a874e09344e7.jpg,1,0,1,1,1,1
FIMG_0174_JPG_jpg.rf.d5304285fedc08af4f83e2bea2f1b3dc.jpg,1,1,1,1,0,0
Hand_0000820_jpg.rf.c7706e5736cd8f4537ceff731ce79028.jpg,1,0,1,0,1,1
Hand_0000849_jpg.rf.adebe75dc7c49faf30c9681da6742054.jpg,1,1,0,1,0,0
Hand_0000846_jpg.rf.8bc6ed509551db04dc976a61f7d786d6.jpg,1,0,0,0,1,1
Hand_0000847_jpg.rf.e63ef87d5e716420b48ee75b8499153f.jpg,0,1,0,1,0,1
Hand_0000846_jpg.rf.ab682ba48b4b3d81f79658db6b786e3a.jpg,1,1,1,0,0,1
Hand_0000837_jpg.rf.fbaa87bddf3c0d41bc69f9004a334bdc.jpg,1,1,1,0,0,1
Hand_0000850_jpg.rf.3c6cb24dd9c39f0f530e55042cbf69b4.jpg,0,1,1,0,1,0
Hand_0006301_jpg.rf.f6403aa6011b6326c63638ae8c47b457.jpg,0,0,0,1,1,1
FIMG_0208_JPG_jpg.rf.01e07682833891a8d729cd15947d092c.jpg,1,0,0,1,0,1
Hand_0000836_jpg.rf.365fc04ca337cce3746f8aaa94b71f03.jpg,0,0,1,1,1,0
Hand_0000850_jpg.rf.ac9082dd22d3fd43d6f490daa6a84d63.jpg,1,1,0,1,1,0
FIMG_0100_JPG_jpg.rf.1bf41a6e8fec547fc2ec836552e23baa.jpg,1,1,1,1,1,1
Hand_0000836_jpg.rf.04d6a55c2370d7ab865df2ede6a48e3a.jpg,1,1,0,1,1,1
Hand_0000837_jpg.rf.eb42688a28c8aa33f659d7af788e48ac.jpg,0,1,1,0,1,1
Hand_0000837_jpg.rf.353aa9fdee6e811f796d93e51566db9f.jpg,1,0,1,1,0,1
FIMG_0101_JPG_jpg.rf.263dd096c0306692f4bd408ae1a7ec61.jpg,0,1,0,1,0,1
FIMG_0101_JPG_jpg.rf.1bda91f65e6a0bc25b189b92b586149c.jpg,0,1,0,1,1,0
FIMG_0097_JPG_jpg.rf.70f612fe7f41ca2a134778362667f18e.jpg,1,1,1,1,1,0
FIMG_0101_JPG_jpg.rf.75f313789ba5192a3aa236faed0245d1.jpg,1,1,1,1,0,1
Hand_0000847_jpg.rf.842bce365e0e05346b6f23e0dc453a27.jpg,1,1,1,0,1,1
FIMG_0104_JPG_jpg.rf.8143a86593eee1324b2ecbc1f6578940.jpg,0,1,0,1,0,1
Hand_0000849_jpg.rf.0a3c30fe54cec6d4ac7fc3781ad11615.jpg,0,1,0,0,0,1
FIMG_0099_JPG_jpg.rf.7753a03b725e36ca8e7124cae68f561c.jpg,1,1,1,1,0,1
Hand_0000836_jpg.rf.6aeae498d6df6bff1f020d5964e193c5.jpg,0,1,1,1,1,1
Hand_0000846_jpg.rf.f6353cdab1ab39088269306818bac1ff.jpg,1,0,0,0,0,1
FIMG_0103_JPG_jpg.rf.6aca8d66749a92bdeaeb09a69c443bfc.jpg,0,0,1,1,1,1
Hand_0000835_jpg.rf.9109b2284659d9122a1418d49a60caa5.jpg,0,1,0,1,1,1
Hand_0000847_jpg.rf.3c791020cd9b798a8e44b3ac500d6547.jpg,0,1,1,1,1,1
FIMG_0102_JPG_jpg.rf.543d46578ceda5eb86ea2d9424549719.jpg,1,1,0,1,1,0
FIMG_0104_JPG_jpg.rf.566351751bafd652c84d03c3bc5f7f5e.jpg,1,1,0,1,1,0
FIMG_0103_JPG_jpg.rf.be21d5bb25d95607c55ce1ac9d19e944.jpg,1,1,1,1,1,0
FIMG_0102_JPG_jpg.rf.832c89606e758a19b611040bc0278407.jpg,0,1,1,1,0,1
FIMG_0164_JPG_jpg.rf.d1b98c0887eff9f49161a52769a52873.jpg,1,1,0,1,0,1
FIMG_0097_JPG_jpg.rf.1398592e9c080ed1a17e9607b39e81de.jpg,0,1,0,1,1,1
Hand_0006306_jpg.rf.fd19b922cd79e2526f9454d936602629.jpg,1,0,1,1,1,0
FIMG_0103_JPG_jpg.rf.ca0e562d17f6accab3d2b83059d15525.jpg,1,1,1,0,1,1
Hand_0003630_jpg.rf.ca3bbb6cc7d4a92c556b61481f22870a.jpg,0,0,1,0,0,1
Hand_0000864_jpg.rf.02f68d81acc8868b1583dc73c3c3ade9.jpg,1,1,1,0,0,1
Hand_0002443_jpg.rf.81b5674641185bcd1bc8d0b9da0af2fe.jpg,1,0,1,1,1,0
Hand_0000852_jpg.rf.015125325c60ea84b8f14a7d8c1cb5dc.jpg,1,1,0,0,0,0
Hand_0002438_jpg.rf.27ccd3192796eca1b120ce86e331150e.jpg,0,0,1,1,1,0
FIMG_0100_JPG_jpg.rf.fa0193e008395779c9d75ee147597136.jpg,1,1,0,1,1,1
Hand_0000851_jpg.rf.125549020dee5b5950b047a67fc186ef.jpg,1,1,1,1,1,0
FIMG_0102_JPG_jpg.rf.5f5b37e4416956a65dc5878ef9c1140f.jpg,1,1,1,0,1,0
Hand_0000835_jpg.rf.25dbaf58eb7fbb091a1cba49aa9c4a9f.jpg,1,1,1,0,1,1
Hand_0003607_jpg.rf.2703ec3e3e07afcb254c17a7a91fd396.jpg,0,1,0,1,1,1
Hand_0000865_jpg.rf.42708b0529fb5418151f5803ab3f99a5.jpg,1,1,0,0,0,0
Hand_0003631_jpg.rf.37ae0d9a871a1e0d68e05a8b78c9dbfa.jpg,0,0,1,0,0,1
Hand_0002351_jpg.rf.1a5cb405f1feba036da0a8ebe3312194.jpg,1,1,0,1,1,1
FIMG_0104_JPG_jpg.rf.31e8ab6ca361a23e2165cecd7a63e8c7.jpg,1,1,0,1,1,1
Hand_0006295_jpg.rf.4f803b86c2c2bc50e83b325b876844e5.jpg,1,1,1,1,0,0
Hand_0002087_jpg.rf.115b725cfceb241a0c51c6a0701c0cf5.jpg,1,1,1,0,1,1
Hand_0000852_jpg.rf.50294745073119456b33cf8acd9f0313.jpg,1,1,0,1,0,1
Hand_0000852_jpg.rf.48580541392bdbc66f1af8e750c68b66.jpg,1,1,1,0,1,1
Hand_0000863_jpg.rf.2ec92f3c8635bb3a2780fc857e7e60fe.jpg,1,1,0,1,1,1
Hand_0006294_jpg.rf.319488621b377db074cb5475914258f8.jpg,1,0,1,1,1,1
Hand_0000863_jpg.rf.905e170de60582546a1dfa5f705e2636.jpg,1,0,0,1,1,0
Hand_0003607_jpg.rf.c1635b7e795a5d2873d819def29544ec.jpg,1,1,1,1,0,0
Hand_0002351_jpg.rf.3ef0cdf342fdaa2b81df06e18a6ada54.jpg,1,0,1,1,1,1
Hand_0000834_jpg.rf.f6c3e6889bb405275952243de71bae6a.jpg,1,0,0,1,0,1
FIMG_0162_JPG_jpg.rf.40200e223a2dfed89a3db50688923409.jpg,0,0,1,0,1,1
Hand_0002083_jpg.rf.4e664e22d2339a3d7c5d7d8298b447cd.jpg,1,1,0,1,0,0
Hand_0002083_jpg.rf.72a6400a5536085b7c7b5227e7198595.jpg,1,1,0,1,0,1
Hand_0000851_jpg.rf.ff8f5082a107053f7476a8558119124b.jpg,0,0,1,1,1,0
Hand_0002350_jpg.rf.8aa40105f7f121e843311ff4e1663d2f.jpg,1,1,1,0,1,1
Hand_0000863_jpg.rf.7d17a1070d9feac8b9a84fd11be20a4c.jpg,1,1,1,1,0,1
Hand_0002082_jpg.rf.9124b5dcfd8c2751c7868358ef2ecc89.jpg,1,1,1,1,1,1
Hand_0002083_jpg.rf.ff245f4ff968219aff5be3fca6fb3bd4.jpg,1,1,0,1,1,0
Hand_0003607_jpg.rf.a31a8894a72fabac5b47afc783b0f6d6.jpg,1,1,0,1,0,0
Hand_0000834_jpg.rf.ad2248fe82271b2f88b0adc73b41949b.jpg,0,0,0,1,0,1
Hand_0002084_jpg.rf.fdbf872c7f5a34ef9c98beade81c41eb.jpg,0,1,1,1,0,1
Hand_0002160_jpg.rf.6c452d9f3191127b0933a2fb1d150eb7.jpg,1,1,0,0,1,1
Hand_0002198_jpg.rf.8f552240555c13b3c46e3842de92e9c9.jpg,1,0,0,1,0,1
Hand_0002147_jpg.rf.67ab4ccfea139dbc92c0c4834bcc2d42.jpg,1,1,1,0,1,1
Hand_0002160_jpg.rf.94f1809944d6d84227c8af54815ce77b.jpg,1,1,1,0,1,1
Hand_0000864_jpg.rf.a0fa5fb1c42425218165a759e1162c15.jpg,1,1,0,1,1,0
Hand_0002148_jpg.rf.0929393364e8a9b0fd699c4550c22272.jpg,1,1,0,1,0,1
Hand_0002236_jpg.rf.470902134016b9aa6d74d6aa54864a70.jpg,1,0,0,1,1,1
Hand_0002280_jpg.rf.5b343c563b7ee507a189735975b04680.jpg,1,1,1,1,0,1
Hand_0002147_jpg.rf.298f93d8a5abd0d4887e11fa690a40ce.jpg,0,0,0,1,0,1
Hand_0003627_jpg.rf.2b28e96d69d6396a6684ceee4f75e4a5.jpg,0,1,1,1,1,1
Hand_0002236_jpg.rf.39a36f8181b9ab895c58942c225fd2a5.jpg,1,1,0,1,0,1
Hand_0002237_jpg.rf.58399bcb5d78b766de95c8fa750e2d66.jpg,0,1,1,1,1,1
Hand_0002198_jpg.rf.a61660222c3f046a3e8efcd2a67b7a3f.jpg,1,0,1,1,0,1
Hand_0002146_jpg.rf.66aa045dfb8effe3a65fd2a7eefe9953.jpg,1,1,1,1,1,0
Hand_0002279_jpg.rf.255d781c72d55717632648bf3df825ae.jpg,1,1,1,1,1,1
Hand_0002160_jpg.rf.92fd9dd359bf64f65473af23ce03990e.jpg,1,1,1,0,1,0
Hand_0002236_jpg.rf.9fcfa46c7a3becd06f69eadf738af1ab.jpg,1,1,0,1,1,0
Hand_0002350_jpg.rf.096cc486de433f425780b9e4e2021203.jpg,1,1,1,1,1,1
Hand_0002146_jpg.rf.552e2c137dba3533cf4b94b24fa4e39c.jpg,0,1,0,1,1,1
Hand_0006403_jpg.rf.9af6508efa78ae644e325854e3465097.jpg,1,1,1,1,0,1
Hand_0002279_jpg.rf.716c45a27cc007e15b8e8d0ccdfd0ff2.jpg,0,1,1,1,0,1
Hand_0005698_jpg.rf.4f38978bc4017b1b86790e2e154aea67.jpg,1,0,0,1,1,1
Hand_0002280_jpg.rf.16d49443f82dd40b2fb3b782eb17d029.jpg,1,1,1,1,1,1
Hand_0000723_jpg.rf.77ef4c0ca9d8a0b985977275cb009962.jpg,1,1,1,1,0,0
Hand_0003629_jpg.rf.56e2608a2ab5843bdb7437f1bd76959d.jpg,0,0,0,0,1,1
Hand_0006400_jpg.rf.30f7e64bf727755ee773be8d5bdfdbda.jpg,1,0,1,0,1,1
Hand_0002148_jpg.rf.e06e94d434c143b3ea645f83e3be20e4.jpg,1,0,1,1,0,1
Hand_0002238_jpg.rf.d00f383590f778e46e45651eed7e0b75.jpg,0,1,1,1,0,0
Hand_0002238_jpg.rf.c832c213c167f4f87a9c0eca9aa348b7.jpg,1,0,1,1,1,1
Hand_0002198_jpg.rf.a1e3c26f1bfa801ce78d0e45f305f58d.jpg,0,1,0,1,0,0
Hand_0002238_jpg.rf.407834c7e24b3b95440ec28710bc94f6.jpg,1,0,1,1,1,0
Hand_0002279_jpg.rf.d8819a95bfb3a261f35a110634c937b3.jpg,1,1,1,1,1,1
Hand_0000723_jpg.rf.e179956201323a2a97fb8673bd66a53f.jpg,1,1,1,1,1,1
Hand_0002146_jpg.rf.4ae12058b842ceb266327c456ba9aeeb.jpg,1,1,1,1,0,0
Hand_0002280_jpg.rf.d47757dfb78a58a9d90999cd6d373bd8.jpg,0,0,0,0,1,1
Hand_0002145_jpg.rf.b77136224f389cef426dfb394a340bca.jpg,1,1,1,1,1,1
Hand_0002148_jpg.rf.4762c9bfffa11d096884ff8f6a15d9ca.jpg,1,0,1,0,0,1
Hand_0002281_jpg.rf.6a4950d86fac0382d0e1df5f84f61cfc.jpg,0,1,1,1,1,1
IMG_0220_JPG_jpg.rf.400722b9a3fa78917414f22cdf6c9f07.jpg,0,0,1,1,0,0
Hand_0000735_jpg.rf.f4e81019a749befe031d189d2f4cc690.jpg,0,0,1,1,0,1
Hand_0002242_jpg.rf.2f9d3dc01299f67641b241da61c3ff2b.jpg,1,1,1,0,0,0
IMG_0219_JPG_jpg.rf.42fd5dbd73ba0f91b61fefcb9faf9d9c.jpg,0,0,0,1,0,0
IMG_0229_JPG_jpg.rf.93d42979c5fba171fe4ae6b3f414c988.jpg,0,0,1,0,0,1
Hand_0003610_jpg.rf.389d552855852664e9cff526586bc44c.jpg,1,1,1,1,1,1
Hand_0003609_jpg.rf.7238cc25db75003c833053f14248f090.jpg,0,1,0,1,1,1
IMG_0228_JPG_jpg.rf.3aad27ee0ff55e00840061b2210aacaa.jpg,1,1,1,1,1,0
Hand_0000833_jpg.rf.7f8f464f60ba0fc1dfc2b482be4579eb.jpg,1,1,0,0,1,1
Hand_0002242_jpg.rf.a55d9d9fc1c8e826145579470fa54861.jpg,1,1,0,0,1,1
IMG_0216_JPG_jpg.rf.15f58efc7da3453aad6624f7f673b96c.jpg,1,1,1,1,1,0
Hand_0003611_jpg.rf.8d91c85acb0651c8023578cbf053d21a.jpg,1,0,0,1,1,1
Hand_0003608_jpg.rf.913c203a3bd7f11798725f4270337f3a.jpg,1,0,1,1,1,1
Hand_0003613_jpg.rf.6edcfe24eb59c0363aceb3f49782669c.jpg,0,1,1,1,0,0
IMG_0233_JPG_jpg.rf.e917495534b1e3bb303a8be14c87937a.jpg,0,0,0,1,0,0
Hand_0003610_jpg.rf.ec5232c181d76bc17a1873f9ba1a281f.jpg,1,1,1,0,0,0
Hand_0003627_jpg.rf.756229d093647349afa239ccceadccc9.jpg,1,0,1,0,0,1
Hand_0003611_jpg.rf.3ebbdf5396a2851f60ebaa65416e8343.jpg,1,1,1,1,1,1
Hand_0003609_jpg.rf.6e91d7e37539e8bbcb5caa629515fde2.jpg,1,0,1,1,0,1
Hand_0001006_jpg.rf.ec53d36f80268df56107ff8316c62908.jpg,1,1,1,1,1,0
Hand_0003608_jpg.rf.1cfea4b040f75fa83f4bd3b78695365a.jpg,1,1,1,0,1,1
Hand_0003608_jpg.rf.f89ae5cf7a6c610e20e0bad86e22308d.jpg,1,1,0,1,0,1
Hand_0003627_jpg.rf.0a45563f43d5ec568dcd13e6d838b494.jpg,0,1,1,1,1,0
Hand_0006307_jpg.rf.03e01cfea73bf2377a19b71fcb3c0923.jpg,0,1,1,1,1,1
Hand_0006394_jpg.rf.06974a66ea80ca412dc3906f947e3bb5.jpg,1,1,0,0,1,0
Hand_0006308_jpg.rf.06562586f4375c4251c728f8f978d70e.jpg,1,1,0,1,1,0
Hand_0003612_jpg.rf.be85472db8e430805fa18e2c0a0984a7.jpg,1,0,1,1,1,0
Hand_0006393_jpg.rf.44d3aa2584b126ec39f728b95d5ea60f.jpg,1,1,1,0,1,0
Hand_0006393_jpg.rf.53156fee3f6f5a2e7ee5530f70f9ee74.jpg,0,1,1,1,0,1
Hand_0003612_jpg.rf.f73724c45077e528d707e4e1fee41a5b.jpg,1,1,0,0,1,1
Hand_0001000_jpg.rf.2401c37bafb26f7128665d619f3711d1.jpg,0,1,0,1,0,1
Hand_0006354_jpg.rf.1f72fa526008e9e7f1ecfbc10ff131c3.jpg,0,1,1,0,0,1
Hand_0006307_jpg.rf.49f0185d42a2c8b0bcbe0a2978ce341a.jpg,1,1,1,1,1,1
Hand_0003613_jpg.rf.30323fa79b10092778052d58ab083e2c.jpg,0,0,1,0,0,0
Hand_0006358_jpg.rf.b3665ba37094fc65da04da62ff3eec23.jpg,0,0,1,1,0,1
Hand_0006359_jpg.rf.64cd51b10ec6e9c454cc957f7b411b99.jpg,1,1,1,1,1,0
Hand_0003610_jpg.rf.5a731e7baae869226e4566102a3587f5.jpg,1,0,1,0,1,0
Hand_0003613_jpg.rf.7fc19dad1dbc9999ebb83969af058222.jpg,1,0,1,1,1,1
Hand_0006308_jpg.rf.de00d9a949942be62418bcb3976796e9.jpg,0,1,0,1,1,1
Hand_0006308_jpg.rf.c66ce3db0a5880aa0550be73a3a7068c.jpg,1,1,1,1,0,0
Hand_0006354_jpg.rf.6820506ff4131904dbd2c0eb68303be6.jpg,1,0,1,0,1,1
Hand_0003612_jpg.rf.a5c4fb52c1b7725185a66d349c5e939d.jpg,1,0,1,1,0,0
Hand_0000736_jpg.rf.e38f333a3a24eb8beaa87006a038371a.jpg,1,1,1,1,0,0
Hand_0000740_jpg.rf.ffe23c6ff8530a2549a71a9874595fe0.jpg,1,1,0,0,1,0
Hand_0006394_jpg.rf.0a43125ca0e94246ce3a41fc3fb57061.jpg,1,1,0,0,1,0
Hand_0006354_jpg.rf.f3f0edd929a921264f9608d20980bef4.jpg,0,1,1,0,0,1
Hand_0006359_jpg.rf.d893f7511199db75642c8ae2ec6beca4.jpg,1,1,0,0,0,0
Hand_0006303_jpg.rf.0321d899d9ce5c6362fd25998f37ce0e.jpg,1,0,1,1,1,1
Hand_0006359_jpg.rf.2d59325a61d4578b6cb772e12a80eec3.jpg,1,1,1,0,0,1
Hand_0006393_jpg.rf.3d3ce6a71c4f6b71f49976e6923c7425.jpg,0,1,1,0,0,1
Hand_0000988_jpg.rf.2625a8d5a818fd2a9c95c25d4ad28624.jpg,0,1,0,1,1,1
Hand_0006302_jpg.rf.29bed2e5c79c44455d56e19f31cc1e51.jpg,1,0,1,1,1,0
Hand_0006303_jpg.rf.a411376272ff25aa9f46d368fca79da9.jpg,0,1,1,1,1,0
Hand_0006303_jpg.rf.d76a9542887fc3f7f15de53c23f10ef9.jpg,1,1,0,1,1,1
Hand_0002108_jpg.rf.c6cbb41e8f33360d8a55c765f20a061c.jpg,1,1,1,0,0,1
Hand_0002130_jpg.rf.d98a4ae9ac139b0640fa1bb1792f8eea.jpg,0,1,1,1,1,0
Hand_0002131_jpg.rf.81439a9877b0c89dfdb601be904904e0.jpg,0,0,1,1,0,1
Hand_0006396_jpg.rf.ea9250ec7869f7bba543ff3f170f6289.jpg,1,1,1,1,1,0
Hand_0006304_jpg.rf.75632eaf654dcefa6fb81891ab2e770e.jpg,1,1,0,1,1,1
Hand_0006446_jpg.rf.240cf3ae4d1aa3b27880049d63cacb65.jpg,1,0,0,1,1,1
Hand_0002548_jpg.rf.f92e3fab74ca65a382e2dff20463ae8c.jpg,1,0,0,1,0,1
Hand_0006404_jpg.rf.7d4fb46f4e37ff9b7af52591d71dd536.jpg,1,1,0,1,1,1
Hand_0006304_jpg.rf.f8c998e82c4668feb9ddb542f6a15672.jpg,1,0,1,0,0,0
Hand_0006404_jpg.rf.661f89090e24669bb1b7f2f22b1605fd.jpg,1,1,1,0,0,0
Hand_0006446_jpg.rf.470cafcc8f98c24e42cc9b69e93b56df.jpg,1,1,1,1,0,1
Hand_0006445_jpg.rf.7e2b42f589682da1ef3a7598e8e37979.jpg,1,1,1,1,0,0
Hand_0002548_jpg.rf.5e4d9fe5759f41793b74b0ee3c9b52bc.jpg,1,0,1,1,1,0
Hand_0006302_jpg.rf.d868e4240038c5931c4c4753ed6878bb.jpg,1,0,1,1,1,0
Hand_0006394_jpg.rf.87a79675d3ab5ebebf525770eefaca80.jpg,1,1,1,1,1,1
Hand_0006406_jpg.rf.a02fe516ee43aaae6f175b3621cdd4cf.jpg,1,0,1,1,0,1
Hand_0006404_jpg.rf.8eb8ab00977a5f6c9b337e6fdf7480c6.jpg,0,1,0,0,0,0
Hand_0002494_jpg.rf.e87d14e060b7dc3f269019cbc1db0fee.jpg,1,1,1,1,1,1
Hand_0006305_jpg.rf.866c0adc7ba8a59bd9e574673a72d2c3.jpg,1,0,0,1,0,0
Hand_0006406_jpg.rf.a4624f05db92c5cf1014bb614e1c8e12.jpg,0,1,1,0,1,1
Hand_0006306_jpg.rf.a2aa64b325878600fb6d1277c7f5eba4.jpg,0,0,0,0,1,1
Hand_0006406_jpg.rf.676fc01fca5d69116c597e7496dcac71.jpg,0,1,1,1,1,0
Hand_0006405_jpg.rf.aa37478868cd8333b467dc83148cc8f1.jpg,1,1,1,1,1,1
Hand_0006405_jpg.rf.bdb812b96c57569d064bf16bad6e18ba.jpg,0,0,1,0,1,0
Hand_0006304_jpg.rf.cea95c948c89ba6620ef5e98d86b2356.jpg,1,1,1,1,1,0
Hand_0006305_jpg.rf.c7cf7e484d430ec39b3985b717562244.jpg,0,1,0,0,1,0
Hand_0006403_jpg.rf.5577faa5509b311e990dfded25741930.jpg,1,1,0,1,0,0
Hand_0006305_jpg.rf.c92a31295d04cba078a6695279f593cc.jpg,1,1,1,1,1,1
Hand_0006405_jpg.rf.f3de9d7d2b81c046e07601f9c39147d1.jpg,1,1,1,1,0,0
Hand_0006294_jpg.rf.070a265efbbd512d4c1b6a9924622920.jpg,1,1,0,1,0,0
Hand_0006395_jpg.rf.1a9a32597976c1c974110271f715eeb5.jpg,1,1,0,1,0,1
Hand_0002130_jpg.rf.50c36da984a9843ded893742cc2df68a.jpg,1,0,1,1,1,1
Hand_0006298_jpg.rf.54eb3ebabd02a3f86f4c00bb73e14b0e.jpg,1,0,1,0,1,0
Hand_0002446_jpg.rf.830488ffe983dac0d4490483bd544d8d.jpg,0,1,0,1,0,1
Hand_0006297_jpg.rf.83942e8140e612714008f89af6df2efd.jpg,1,1,1,1,1,1
Hand_0006296_jpg.rf.ae043923a8924022b4a71fc940afc660.jpg,0,0,1,1,0,0
FIMG_0208_JPG_jpg.rf.a41456395c22d89e750caab26d8905c9.jpg,1,1,0,1,1,0
Hand_0006395_jpg.rf.edd90e72762cf66a074f76d838d4603a.jpg,0,1,1,1,0,1
Hand_0006298_jpg.rf.0ea36d21c60b54527bf551fcc8a6cd85.jpg,1,1,0,1,0,0
Hand_0006296_jpg.rf.ef69608b6311e8df142d784e554f24b9.jpg,1,1,0,1,0,0
Hand_0006298_jpg.rf.946b47dcda1845278bbc239e96615faa.jpg,1,1,1,1,1,1
Hand_0006296_jpg.rf.ce05eaa06e814086303dcc9ee6eb3268.jpg,0,1,1,1,1,0
Hand_0006295_jpg.rf.e6c042fff47ff20a11b708676cb252c1.jpg,1,1,1,0,1,0
Hand_0006295_jpg.rf.d4957938a53cf292636dd7f855fb1f9d.jpg,0,1,0,1,1,1
Hand_0006297_jpg.rf.2ca14724bde81e6c74f8d6c1f5f4b46f.jpg,1,1,0,0,1,1
Hand_0006297_jpg.rf.fde0b2ab398e93da4d79b35fe67ffd7e.jpg,1,1,1,1,1,1
Hand_0002445_jpg.rf.fe14dc8d01d5b49491e8dc6e5d25dbe3.jpg,1,1,1,0,1,1
Hand_0002435_jpg.rf.2912e26d7a0c3b0ba0f49af384775281.jpg,0,0,0,1,1,0
Hand_0002352_jpg.rf.3679c921d368a36cf791b69a82fb42ad.jpg,1,0,1,1,0,0
Hand_0002431_jpg.rf.389b3618c0e2f4cc165765faddebad94.jpg,0,0,1,1,1,1
Hand_0000864_jpg.rf.5a60e07a189c85a54afb1401380b05cf.jpg,1,0,1,0,0,0
Hand_0002431_jpg.rf.5ef6c0fcd20d1cd9fa9426af7f7d6adc.jpg,0,0,1,1,0,1
Hand_0006300_jpg.rf.fdb77116325b23a8036fe4b933ff6d1a.jpg,1,0,1,0,1,1
Hand_0002444_jpg.rf.9c9c053ac32b2f017fa0fbc40cd2d072.jpg,1,1,1,1,1,1
Hand_0002435_jpg.rf.904adbb216602ae57bd84fbf34cb97ca.jpg,0,0,1,1,1,1
Hand_0002445_jpg.rf.72c55c078d7518b75a110e122caec339.jpg,1,1,1,0,0,1
Hand_0002438_jpg.rf.d0553a33446a8376fa0fd88816828a71.jpg,1,1,1,0,0,1
Hand_0006299_jpg.rf.93aa29db2a49fb1441b101872d65deac.jpg,1,0,1,1,0,0
Hand_0002444_jpg.rf.a5b84b8fc34a32caddcb854ffcadea73.jpg,0,0,1,1,1,0
Hand_0002443_jpg.rf.d4c50bbd26283d99bdc21bfb001e9d84.jpg,1,0,1,1,1,1
Hand_0006299_jpg.rf.08c256081447b3ac9c12df4c3703e60c.jpg,0,0,0,1,1,1
Hand_0002444_jpg.rf.d5d43724cfb2e200e5fbbb854431dd30.jpg,1,0,1,1,1,0
Hand_0002435_jpg.rf.d87e263eb9526b6a6b0faba232706c57.jpg,1,1,0,0,0,1
Hand_0002352_jpg.rf.0d849113cbbb48956ea7584e418c0fd3.jpg,1,0,1,1,0,1
Hand_0002352_jpg.rf.006510123a97c7a4b24625c5cafde4e3.jpg,1,1,1,1,1,0
Hand_0003638_jpg.rf.339a180b524743743b0831594b7353e4.jpg,1,0,1,1,0,1
Hand_0006299_jpg.rf.dbf2a0ed7502f4241476d6cdfa374e28.jpg,1,0,1,1,0,0
Hand_0003636_jpg.rf.3b4dc8c62ad95b8d7565d2b192550c2d.jpg,1,0,1,1,0,1
Hand_0000865_jpg.rf.9b839128387e061e5f70f4a3a73fd335.jpg,0,1,0,1,1,0
Hand_0003630_jpg.rf.8399fa582d1f81b2267714b4de18b301.jpg,0,0,0,1,1,1
Hand_0002282_jpg.rf.0d6e8942fca074833a1b4270efa3632f.jpg,0,1,1,1,1,0
Hand_0002283_jpg.rf.3b6ad49ad240a7a2113acba9b375bd19.jpg,0,1,1,1,0,1
Hand_0000849_jpg.rf.e2755aa43dab0a2212b2f6b6a8320043.jpg,1,1,1,1,0,0
Hand_0002343_jpg.rf.80c5bc09167269fd160aed30e2cf6734.jpg,1,0,1,0,1,1
Hand_0002282_jpg.rf.53b1aa00677246eb6eb29a59cf020fdf.jpg,0,0,0,0,0,0
Hand_0003637_jpg.rf.28a8a385081136834d08a3f6c08853a0.jpg,1,1,0,1,1,1
Hand_0002286_jpg.rf.91b3cadbe74d8905881ec60e74df1e24.jpg,1,1,0,1,1,0
Hand_0002286_jpg.rf.a35a2362200d14c6a1855b126d75a04a.jpg,0,0,0,1,0,0
Hand_0002283_jpg.rf.95393d38ae22fa7e99c62c2397994181.jpg,0,0,1,0,1,0
Hand_0002343_jpg.rf.d4be5664d566e45dab0fb621ab857246.jpg,0,0,1,1,1,1
Hand_0002343_jpg.rf.850a5ce409cc7670d25283cea7791213.jpg,1,1,1,0,1,1
Hand_0003630_jpg.rf.087b5c22c939abd933c1d141b4a268ba.jpg,1,0,1,1,1,0
Hand_0002282_jpg.rf.d5a395f9ad0f0fee8712650b3159754c.jpg,1,1,0,1,0,0
Hand_0002342_jpg.rf.d8e90f5345d26904a6d5517dc6818dea.jpg,0,1,1,1,1,1
Hand_0002597_jpg.rf.a6dfc2f40f98d2bac6ec26978e8a368a.jpg,1,1,1,1,1,0
Hand_0002283_jpg.rf.e3879725d117f1e2cd070353d01a1d12.jpg,0,1,1,1,0,1
Hand_0002438_jpg.rf.6a773cefa975ccb417f090b122e8fe89.jpg,1,1,0,0,1,0
Hand_0003631_jpg.rf.44ff6569e3c2ec32bdfa0d4671360aa6.jpg,1,0,1,1,1,1
Hand_0002286_jpg.rf.fe1eb60476250b90d1f8a4b2bde9f11c.jpg,1,0,0,1,0,1
Hand_0003637_jpg.rf.da554c830e06ef866e79a695d8eee778.jpg,1,1,0,1,0,1
Hand_0003637_jpg.rf.110d39b091a52cb23d6441f6703b8ba8.jpg,1,1,0,1,1,0
Hand_0003631_jpg.rf.bc61a34cd8cd92bed9a366b0c100e34a.jpg,1,1,1,1,1,0
Hand_0002431_jpg.rf.927567d1bde67b06b101671ffb18d258.jpg,1,1,0,0,1,1
Hand_0003629_jpg.rf.288fcea5b398bb1b5a8e2525c86e7363.jpg,0,1,1,1,1,1
Hand_0002342_jpg.rf.a3b305a2d728ab9eaa55725dd95014ba.jpg,1,0,0,1,0,0
Hand_0002351_jpg.rf.559363507ccb829bf24bb90dec4fef40.jpg,1,0,1,0,0,1
IMG_0197_JPG_jpg.rf.a268dd558349969c42b6188978bb33d9.jpg,1,1,1,0,0,1
Hand_0003636_jpg.rf.8a10a8178d887fc8ab52272d68b7a039.jpg,0,1,1,0,0,1
Hand_0006401_jpg.rf.1ab9a55853f8e80b295e77eaa3c53f97.jpg,1,1,1,1,1,1
Hand_0006403_jpg.rf.344caca32cc14e38940905f803a5a6a1.jpg,1,1,0,1,1,0
Hand_0003628_jpg.rf.c109b5ee632d45ea4e8642ae8e628805.jpg,0,1,1,1,0,0
Hand_0006402_jpg.rf.88b6d202648406226ac859b369954be3.jpg,1,0,1,1,1,1
Hand_0006399_jpg.rf.a0201ba78e17635e876eeaa91c353763.jpg,1,1,0,1,1,0
IMG_0198_JPG_jpg.rf.4c1f532a017350dc723dac22a2a2f3d5.jpg,1,1,1,1,0,1
Hand_0006402_jpg.rf.639a2c111fdf9697cf7edb94555ed0b4.jpg,1,1,0,1,1,1
Hand_0006398_jpg.rf.bd1f933f2bf4e60607f9865c7ed24fb4.jpg,1,0,1,1,1,1
Hand_0006397_jpg.rf.bdf182b28865ccc83d77a827b6a5be72.jpg,1,0,0,1,1,1
Hand_0006400_jpg.rf.ae09eab98860f134bc7b28a270f64737.jpg,1,1,0,1,0,1
IMG_0204_JPG_jpg.rf.38d76beaac86a536a7790badd3043c18.jpg,1,1,0,1,1,1
Hand_0002342_jpg.rf.2465727ae0b0bfd36d008e7d7124633a.jpg,1,1,1,1,1,0
Hand_0003636_jpg.rf.a169444c4a61a72841adc05d44bc047c.jpg,0,1,1,1,0,1
Hand_0002237_jpg.rf.9ece04fb5e707f59eb5c5df1e3316bf4.jpg,0,1,1,0,0,1
Hand_0006397_jpg.rf.9d796d9e2794ad915c35bae990833735.jpg,1,1,1,1,1,0
Hand_0006399_jpg.rf.bfc2141f180bbaf2144b5cc008f5ba43.jpg,1,1,1,1,1,1
Hand_0002237_jpg.rf.1c8a2f7047f98201d13f984045aeb2c0.jpg,0,0,1,0,0,1
Hand_0006401_jpg.rf.e5cecbb56944315584729273340d7766.jpg,0,0,0,0,0,1
Hand_0003629_jpg.rf.85d2d6dcd478b7ed4661266704a59ed8.jpg,1,1,0,0,0,1
Hand_0003628_jpg.rf.d332c1cb83bff75c48cabf7460ad49f9.jpg,0,1,0,0,1,0
Hand_0003628_jpg.rf.80a17959bbf7ea052eac19474f1165fb.jpg,1,0,1,1,1,1
Hand_0002242_jpg.rf.336a33f55dbfb841932883d7301d1b4c.jpg,1,1,0,1,0,1
Hand_0006397_jpg.rf.f4713f568cf1ba265420036b80c4123c.jpg,1,0,0,1,0,1
Hand_0002838_jpg.rf.798dc6bc58d7fd0b0301842f62054dde.jpg,1,1,0,1,0,1
Hand_0002838_jpg.rf.2f05b98b5da4738e3fb78566bfa7e8ef.jpg,1,1,1,1,0,0
Hand_0001019_jpg.rf.529ed0b684426a38a58a96b5728c8298.jpg,0,1,1,0,0,1
Hand_0006398_jpg.rf.1ae563c225eedb7ff6e690494b87fbb6.jpg,1,1,0,1,0,1
Hand_0001036_jpg.rf.67200dcbe1c6c721ec21e8d438fab3fe.jpg,0,1,0,1,1,1
Hand_0001021_jpg.rf.6fc54c16b4697124f1f9230b1bd4caa9.jpg,1,0,1,1,0,1
Hand_0001019_jpg.rf.50ecebe3057146622abb0de099b90970.jpg,1,1,0,1,0,0
Hand_0006402_jpg.rf.fa4516cd200b9c4874c3915d290cb7c4.jpg,1,0,0,0,1,0
Hand_0001020_jpg.rf.8f1ccc5c28e6c5ecdd8c6b44763dd418.jpg,1,1,1,1,0,1
Hand_0001036_jpg.rf.7e9569be1fdfd0bde8882da03b269905.jpg,1,0,0,1,0,1
Hand_0001019_jpg.rf.6bb7c8463fa20188b1db323e2288c7e2.jpg,1,1,0,1,0,1
Hand_0003609_jpg.rf.9ad03f4ca3007792a2335d3062080169.jpg,1,0,1,1,1,1
Hand_0001037_jpg.rf.ad80c731be97938176e33891296154e0.jpg,0,1,1,1,0,1
Hand_0001036_jpg.rf.2170bbdcdce7ceceaf9df4f95bcb2d64.jpg,0,1,0,1,1,0
Hand_0001004_jpg.rf.108ce483b98714905567e7851fc6d495.jpg,1,0,0,1,0,1
Hand_0006400_jpg.rf.0106616974b37b09aa471a07f3c970a7.jpg,0,0,1,1,1,1
Hand_0001006_jpg.rf.f5d141936cd770dd61bbfe1e6869ff8c.jpg,1,1,0,1,1,1
Hand_0000986_jpg.rf.2de34c20cf69dd4406f8affcc3da6c5a.jpg,0,1,0,1,1,0
Hand_0006401_jpg.rf.450ab5f5e9de2e0dd2b33d9618811857.jpg,1,1,0,0,1,0
Hand_0001004_jpg.rf.4871786e8e750a80b3d4b42fab3cc348.jpg,0,1,0,1,0,1
Hand_0001037_jpg.rf.1e9487ff1884db0502a14cfa8fbeb780.jpg,1,0,1,1,0,0
Hand_0001001_jpg.rf.28280f3b1c403b93d4ad36c55510452d.jpg,1,1,0,0,0,1
Hand_0001000_jpg.rf.325b2c370e4cd4b07c8ce2a3654332b7.jpg,1,1,1,1,0,0
Hand_0001006_jpg.rf.4df074d326f3094880a103aeceb0530c.jpg,1,1,1,0,1,1
Hand_0001001_jpg.rf.030e7eaf17fd654a6c717052c64e817a.jpg,1,0,1,1,1,1
Hand_0000987_jpg.rf.32fba452a035b44ab00c1ec181a9e579.jpg,1,0,1,1,1,1
Hand_0006399_jpg.rf.4141c161cde2e38af69b2ab79dad3fe1.jpg,1,1,1,1,0,0
Hand_0001004_jpg.rf.dfa57597f9c6e97d39d0f692ea40d744.jpg,1,1,0,1,1,0
Hand_0001021_jpg.rf.eb72efef98e1226eafaecb5b83470f1e.jpg,1,1,1,1,0,1
Hand_0001021_jpg.rf.73dfbab0bea11358d9746a6e738b9f16.jpg,1,1,1,0,0,1
Hand_0000987_jpg.rf.b2732b8762bb694ca49134806e4c15de.jpg,0,1,1,1,0,1
Hand_0006358_jpg.rf.63d436c86b3a8d1590513abf6a991599.jpg,1,0,0,1,1,1
Hand_0001000_jpg.rf.b7b21c2c49a2b73ce176f74e07f61cc6.jpg,0,0,0,1,0,0
Hand_0001020_jpg.rf.e688e24999b8ab5df63f96d58742250b.jpg,0,1,0,1,0,1
Hand_0001003_jpg.rf.2ea3b967ea23783aa3e73895bdfc60be.jpg,1,0,0,0,0,1
Hand_0001003_jpg.rf.b785a774e87c40c1e206fea2671be553.jpg,1,0,0,1,1,0
Hand_0001003_jpg.rf.475b0affa4231cc4480c81ff5212b126.jpg,1,0,1,1,0,1
Hand_0001020_jpg.rf.283d3c5e8b53301c80abebd34c9e5ff2.jpg,1,0,0,1,0,1
Hand_0000987_jpg.rf.81c1db88b409c0fae537d8d73a5663ab.jpg,0,0,1,1,1,0
Hand_0000986_jpg.rf.b2a9570d4b71643e9b9916b461aee949.jpg,1,1,1,0,1,1
Hand_0000988_jpg.rf.7a20a7caa3f84176037e66941adfedd5.jpg,0,1,0,0,1,1
Hand_0006398_jpg.rf.6ca16fd05b505d86481df893c5c3f141.jpg,0,1,1,1,1,1
IMG_0237_JPG_jpg.rf.42efbedfe5f2c364b145d28a9ddd1f9b.jpg,1,1,0,1,0,1
Hand_0001001_jpg.rf.7c5aaf35b55ed6cc74870cd2f8bcfd39.jpg,1,1,0,0,0,0
Hand_0001002_jpg.rf.be64b7a71302a75678505c7dda0f2e59.jpg,1,1,0,1,0,0
